session_id,algorithm,key_bits,mode,backend,bytes,operation,seconds_count,seconds_mean,seconds_median,seconds_stdev,seconds_min,seconds_max,throughput_MB_s_count,throughput_MB_s_mean,throughput_MB_s_median,throughput_MB_s_stdev,throughput_MB_s_min,throughput_MB_s_max,process_cpu_ns_count,process_cpu_ns_mean,process_cpu_ns_median,process_cpu_ns_stdev,process_cpu_ns_min,process_cpu_ns_max,process_to_wall_ratio_count,process_to_wall_ratio_mean,process_to_wall_ratio_median,process_to_wall_ratio_stdev,process_to_wall_ratio_min,process_to_wall_ratio_max
0f8847a6-d533-4d40-a30a-4a3d41a8eda3,AES-128-GCM,128,GCM,aesni,1048576,encrypt,20,0.00115547,0.0009681500000000001,0.0005042370047382167,0.0008118,0.0030245,20,1001.8723368692383,1083.0864004937066,247.74050013797176,346.6939990081005,1291.6678984971668,20,1562500,0.0,4809273.52539916,0,15625000,20,1.1882076125805745,0.0,3.68425231569243,0.0,13.255005089921955
0f8847a6-d533-4d40-a30a-4a3d41a8eda3,AES-128-GCM,128,GCM,aesni,1048576,decrypt,20,0.00119512,0.00095615,0.0005593149650288852,0.0008206,0.0032281,20,985.6249187611028,1096.7058027194826,267.29676858692454,324.827607571017,1277.8162320253473,20,1562500,0.0,4809273.52539916,0,15625000,20,0.7819629009411188,0.0,2.593682375474669,0.0,10.79894947819476
0f8847a6-d533-4d40-a30a-4a3d41a8eda3,AES-128-GCM,128,GCM,aesni,16777216,encrypt,20,0.015149035,0.0146322,0.0010810399570369853,0.0140376,0.0177705,20,1112.3917276044629,1146.6036528201544,72.6269408664707,944.1048929405475,1195.1627058756483,20,15625000,15625000.0,5069419.41033633,0,31250000,20,1.0265336010821289,1.0678578660079783,0.29764386685288546,0.0,1.776517003399543
0f8847a6-d533-4d40-a30a-4a3d41a8eda3,AES-128-GCM,128,GCM,aesni,16777216,decrypt,20,0.01494856,0.01477055,0.000639601852635479,0.0140686,0.0162317,20,1124.2237961863639,1135.8559566050653,46.62018761991868,1033.6080632342885,1192.5291784541462,20,13281250,15625000.0,5724180.445820675,0,15625000,20,0.885004170862686,1.0476364923440677,0.38346909569791204,0.0,1.0839027435746245
0f8847a6-d533-4d40-a30a-4a3d41a8eda3,AES-128-GCM,128,GCM,aesni,104857600,encrypt,20,0.091947715,0.09010299999999999,0.007634484970274165,0.0853676,0.1216948,20,1146.4722216774799,1163.78137769937,77.43543418961885,861.6440472394877,1228.3067580674635,20,93750000,93750000.0,10138838.82067266,78125000,109375000,20,1.0212438313567005,1.0251332766393333,0.09805926019775797,0.8713968784751307,1.2285833352990667
0f8847a6-d533-4d40-a30a-4a3d41a8eda3,AES-128-GCM,128,GCM,aesni,104857600,decrypt,20,0.089868965,0.0893591,0.0027928036762317685,0.0862739,0.0963077,20,1167.8276234348577,1173.4408623581153,35.398503070016254,1088.7769098421,1215.403499783828,20,91406250,93750000.0,7646257.577024889,78125000,109375000,20,1.0167148144451095,1.03946724077558,0.07418567474401648,0.8739058698509466,1.1676119653137846
0f8847a6-d533-4d40-a30a-4a3d41a8eda3,AES-128-GCM,128,GCM,aesni,1024,encrypt,20,1.6465e-05,1.53e-05,3.3010803654178683e-06,1.49e-05,2.79e-05,20,63.84075638463629,66.9281045751634,8.747966044797753,36.702508960573475,68.7248322147651,20,0,0.0,0.0,0,0,20,0.0,0.0,0.0,0.0,0.0
0f8847a6-d533-4d40-a30a-4a3d41a8eda3,AES-128-GCM,128,GCM,aesni,1024,decrypt,20,3.056e-05,2.83e-05,6.490916730323999e-06,2.74e-05,5.23e-05,20,34.48759029886136,36.18374558303887,4.90142338728506,19.579349904397706,37.372262773722625,20,0,0.0,0.0,0,0,20,0.0,0.0,0.0,0.0,0.0
0f8847a6-d533-4d40-a30a-4a3d41a8eda3,AES-128-GCM,128,GCM,aesni,16384,encrypt,20,2.9615e-05,2.45e-05,7.73537839716768e-06,2.31e-05,4.15e-05,20,585.9442039463756,668.7458349993335,132.25448027628502,394.7951807228916,709.2640692640692,20,0,0.0,0.0,0,0,20,0.0,0.0,0.0,0.0,0.0
0f8847a6-d533-4d40-a30a-4a3d41a8eda3,AES-128-GCM,128,GCM,aesni,16384,decrypt,20,4.6505e-05,3.845e-05,1.2346594459074214e-05,3.62e-05,6.59e-05,20,373.964684983515,426.19903930721875,86.11546926696786,248.61911987860395,452.5966850828729,20,0,0.0,0.0,0,0,20,0.0,0.0,0.0,0.0,0.0
0f8847a6-d533-4d40-a30a-4a3d41a8eda3,AES-256-GCM,256,GCM,aesni,1048576,encrypt,20,0.001196745,0.0009899,0.000417688016882659,0.0009005,0.0024059,20,948.51295561864,1059.3371164856048,224.38875889001415,435.8352383723347,1164.437534702943,20,1562500,0.0,4809273.52539916,0,15625000,20,1.1824104819099277,0.0,3.8729131448600933,0.0,15.90654586175303
0f8847a6-d533-4d40-a30a-4a3d41a8eda3,AES-256-GCM,256,GCM,aesni,1048576,decrypt,20,0.00119026,0.0011131499999999998,0.00026458593350842807,0.0008771,0.0018996,20,918.0666298852344,943.1986430223992,180.17107023086848,551.9983154348284,1195.5033633565158,20,1562500,0.0,4809273.52539916,0,15625000,20,0.8973948682710995,0.0,2.7727789750987686,0.0,9.722481488395246
0f8847a6-d533-4d40-a30a-4a3d41a8eda3,AES-256-GCM,256,GCM,aesni,16777216,encrypt,20,0.016092905,0.015834050000000002,0.0007591869608684223,0.0151737,0.0178404,20,1044.6408679616763,1059.585658306969,47.31631377871509,940.4058204972982,1105.677323263278,20,16406250,15625000.0,3493856.2148434212,15625000,31250000,20,1.0210376462371624,0.992437060909846,0.21741158112599587,0.8758211699289253,1.9256009415418365
0f8847a6-d533-4d40-a30a-4a3d41a8eda3,AES-256-GCM,256,GCM,aesni,16777216,decrypt,20,0.01671353,0.015742350000000002,0.0034459127603124555,0.0150177,0.0310639,20,1027.5007811129665,1065.737709940419,122.50959385389234,540.0872395288421,1117.162814545503,20,16406250,15625000.0,3493856.2148434212,15625000,31250000,20,0.9820844448072915,0.9932906166692339,0.04041579545138851,0.8776462790606236,1.0404389487071921
0f8847a6-d533-4d40-a30a-4a3d41a8eda3,AES-256-GCM,256,GCM,aesni,104857600,encrypt,20,0.099241625,0.0983145,0.005744522265957277,0.0934822,0.1167148,20,1059.684777170529,1066.5539149076467,56.447643167823415,898.4087707814261,1121.6851978237569,20,99218750,93750000.0,7646257.577024889,93750000,109375000,20,1.0011878222667001,0.9871616875967253,0.07529501201760756,0.853330857536072,1.152989444678117
0f8847a6-d533-4d40-a30a-4a3d41a8eda3,AES-256-GCM,256,GCM,aesni,104857600,decrypt,20,0.098203785,0.09755935,0.005170814067362783,0.093006,0.115399,20,1070.3373263372719,1074.8086044438705,51.77542542190215,908.6525879773654,1127.428337956691,20,96093750,93750000.0,9174108.572068747,78125000,109375000,20,0.9785194828752061,0.9626368167265175,0.07917089843543333,0.8032056257807159,1.1406548688624947
0f8847a6-d533-4d40-a30a-4a3d41a8eda3,AES-256-GCM,256,GCM,aesni,1024,encrypt,20,1.6630000000000002e-05,1.54e-05,3.005976503042249e-06,1.48e-05,2.48e-05,20,63.033640443827316,66.49350649350649,8.514572194317095,41.29032258064516,69.1891891891892,20,0,0.0,0.0,0,0,20,0.0,0.0,0.0,0.0,0.0
0f8847a6-d533-4d40-a30a-4a3d41a8eda3,AES-256-GCM,256,GCM,aesni,1024,decrypt,20,3.082e-05,2.85e-05,5.641257791812408e-06,2.78e-05,4.66e-05,20,34.02530581586113,35.92982456140351,4.613834968144221,21.974248927038627,36.83453237410072,20,0,0.0,0.0,0,0,20,0.0,0.0,0.0,0.0,0.0
0f8847a6-d533-4d40-a30a-4a3d41a8eda3,AES-256-GCM,256,GCM,aesni,16384,encrypt,20,3.0215e-05,2.525e-05,7.79468611163704e-06,2.44e-05,4.29e-05,20,572.322242760089,648.894187031402,123.03424130446345,381.91142191142194,671.4754098360655,20,781250,0.0,3493856.2148434212,0,15625000,20,26.663822525597272,0.0,119.24423941445124,0.0,533.2764505119454
0f8847a6-d533-4d40-a30a-4a3d41a8eda3,AES-256-GCM,256,GCM,aesni,16384,decrypt,20,4.7405e-05,3.835e-05,1.2953133130433612e-05,3.73e-05,7.37e-05,20,367.3844803983838,427.2294825593255,84.35133656829076,222.3066485753053,439.24932975871315,20,0,0.0,0.0,0,0,20,0.0,0.0,0.0,0.0,0.0
