session_id,mode,algorithm,backend,bytes,repeat,operation,h2d_ns,kernel_ns,d2h_ns,transfer_ns,end_to_end_ns,kernel_seconds,end_to_end_seconds,kernel_throughput_MB_s,end_to_end_throughput_MB_s,validation_checked,variant_order,job_order,nonce_bytes,counter_bits,initial_counter
0cc20749-52ec-42c1-84c1-0573c3f03922,ECB,AES-128,cuda,104857600,0,encrypt,39869600,22434431.076049805,51012700,90882300,113448100,0.022434431076049803,0.1134481,4673.958507998102,924.2781500968284,True,0,0,0,,
0cc20749-52ec-42c1-84c1-0573c3f03922,CTR,AES-128,cuda,104857600,0,encrypt,40817500,23067392.349243164,53490500,94308000,117520100,0.023067392349243165,0.1175201,4545.706702016552,892.252474257595,True,1,1,0,128,c164bb323fb746de0000000000000000
0cc20749-52ec-42c1-84c1-0573c3f03922,CTR,AES-128,cuda,104857600,1,encrypt,40453100,19759199.142456055,51944300,92397400,112273700,0.019759199142456055,0.1122737,5306.773783897715,933.946240303829,True,0,2,0,128,789ec2460934f2e10000000000000000
0cc20749-52ec-42c1-84c1-0573c3f03922,ECB,AES-128,cuda,104857600,1,encrypt,40135600,19095680.236816406,51751400,91887000,111138600,0.019095680236816407,0.1111386,5491.168615079493,943.4849818154988,True,1,3,0,,
0cc20749-52ec-42c1-84c1-0573c3f03922,CTR,AES-128,cuda,104857600,2,encrypt,40054300,19135040.283203125,51363500,91417800,110675500,0.019135040283203127,0.1106755,5479.873491149363,947.4328103329102,True,0,4,0,128,9f76fc1c9b8cf4d90000000000000000
0cc20749-52ec-42c1-84c1-0573c3f03922,ECB,AES-128,cuda,104857600,2,encrypt,39160800,17443391.799926758,52246300,91407100,108960000,0.01744339179992676,0.10896,6011.30796135877,962.3494860499266,True,1,5,0,,
0cc20749-52ec-42c1-84c1-0573c3f03922,CTR,AES-128,cuda,104857600,3,encrypt,41202100,18071680.068969727,52343700,93545800,111744000,0.018071680068969725,0.111744,5802.31608792408,938.3734249713631,True,0,6,0,128,c9ecb0d8a0449bb20000000000000000
0cc20749-52ec-42c1-84c1-0573c3f03922,ECB,AES-128,cuda,104857600,3,encrypt,23583700,16202623.36730957,33134100,56717800,73020100,0.01620262336730957,0.0730201,6471.643364343135,1436.0100848944332,True,1,7,0,,
0cc20749-52ec-42c1-84c1-0573c3f03922,ECB,AES-128,cuda,104857600,4,encrypt,24086100,16185728.073120117,31767900,55854000,72137400,0.016185728073120118,0.0721374,6478.398718074264,1453.5816372644426,True,0,8,0,,
0cc20749-52ec-42c1-84c1-0573c3f03922,CTR,AES-128,cuda,104857600,4,encrypt,74380200,36371742.248535156,83761100,158141300,194651000,0.036371742248535156,0.194651,2882.941358252451,538.6954087058376,True,1,9,0,128,1da960d3cf11c8e00000000000000000
0cc20749-52ec-42c1-84c1-0573c3f03922,ECB,AES-128,cuda,104857600,5,encrypt,24292400,12212800.025939941,32945900,57238300,69551200,0.012212800025939942,0.0695512,8585.877094301295,1507.6317878052428,True,0,10,0,,
0cc20749-52ec-42c1-84c1-0573c3f03922,CTR,AES-128,cuda,104857600,5,encrypt,26377200,12644576.072692871,34523600,60900800,73694000,0.012644576072692872,0.073694,8292.693989674328,1422.878389014031,True,1,11,0,128,97c9c034125861c30000000000000000
0cc20749-52ec-42c1-84c1-0573c3f03922,ECB,AES-128,cuda,104857600,6,encrypt,39144700,24631519.317626953,45055400,84200100,108951500,0.024631519317626954,0.1089515,4257.049621984186,962.4245650587646,True,0,12,0,,
0cc20749-52ec-42c1-84c1-0573c3f03922,CTR,AES-128,cuda,104857600,6,encrypt,43482400,23022016.525268555,55800600,99283000,122437900,0.023022016525268554,0.1224379,4554.6661772616735,856.4145579105816,True,1,13,0,128,4b419a7e141095560000000000000000
0cc20749-52ec-42c1-84c1-0573c3f03922,CTR,AES-128,cuda,104857600,7,encrypt,40318500,21293504.71496582,54073200,94391700,115804300,0.02129350471496582,0.1158043,4924.39367796051,905.4724220085092,True,0,14,0,128,763a10420111334f0000000000000000
0cc20749-52ec-42c1-84c1-0573c3f03922,ECB,AES-128,cuda,104857600,7,encrypt,43743700,19639328.002929688,61324100,105067800,124826500,0.01963932800292969,0.1248265,5339.164353503232,840.0267571389088,True,1,15,0,,
0cc20749-52ec-42c1-84c1-0573c3f03922,ECB,AES-128,cuda,104857600,8,encrypt,40967600,19679935.455322266,55600900,96568500,116384600,0.019679935455322265,0.1163846,5328.147556075555,900.9576868417299,True,0,16,0,,
0cc20749-52ec-42c1-84c1-0573c3f03922,CTR,AES-128,cuda,104857600,8,encrypt,42643500,19776800.15563965,54660900,97304400,117213700,0.019776800155639648,0.1172137,5302.050846182935,894.5848480169127,True,1,17,0,128,5588edee8387c8430000000000000000
0cc20749-52ec-42c1-84c1-0573c3f03922,CTR,AES-128,cuda,104857600,9,encrypt,39814600,19800287.2467041,50654800,90469400,110383200,0.0198002872467041,0.1103832,5295.761556057945,949.941657788504,True,0,18,0,128,0038adc23f05c9b10000000000000000
0cc20749-52ec-42c1-84c1-0573c3f03922,ECB,AES-128,cuda,104857600,9,encrypt,73135100,30565343.856811523,97644400,170779500,201508400,0.030565343856811523,0.2015084,3430.6042978355813,520.3634190931991,True,1,19,0,,
0cc20749-52ec-42c1-84c1-0573c3f03922,ECB,AES-128,cuda,104857600,10,encrypt,24064600,12209216.117858887,33864000,57928600,70252400,0.012209216117858886,0.0702524,8588.397403058561,1492.583883255234,True,0,20,0,,
0cc20749-52ec-42c1-84c1-0573c3f03922,CTR,AES-128,cuda,104857600,10,encrypt,24020200,12651519.775390625,34154500,58174700,70913600,0.012651519775390625,0.0709136,8288.142599592344,1478.6669975857944,True,1,21,0,128,ab70ae68f0529a1b0000000000000000
0cc20749-52ec-42c1-84c1-0573c3f03922,ECB,AES-128,cuda,104857600,11,encrypt,40305400,23581375.122070312,48291300,88596700,112342500,0.023581375122070314,0.1123425,4446.62787717844,933.3742795469212,True,0,22,0,,
0cc20749-52ec-42c1-84c1-0573c3f03922,CTR,AES-128,cuda,104857600,11,encrypt,74603800,34601535.79711914,88202100,162805900,197574000,0.03460153579711914,0.197574,3030.431961598949,530.7257027746566,True,1,23,0,128,aba0be20cc36ff190000000000000000
0cc20749-52ec-42c1-84c1-0573c3f03922,CTR,AES-128,cuda,104857600,12,encrypt,72768400,31445024.490356445,86894300,159662700,191256100,0.031445024490356445,0.1912561,3334.63248000197,548.2575457723963,True,0,24,0,128,05a52e36fd5b35f90000000000000000
0cc20749-52ec-42c1-84c1-0573c3f03922,ECB,AES-128,cuda,104857600,12,encrypt,73464300,30177183.151245117,70515700,143980000,174272000,0.030177183151245117,0.174272,3474.731205840647,601.6893132574367,True,1,25,0,,
0cc20749-52ec-42c1-84c1-0573c3f03922,ECB,AES-128,cuda,104857600,13,encrypt,23948600,12191360.473632812,31351200,55299800,67596100,0.012191360473632812,0.0675961,8600.976095062037,1551.237423460821,True,0,26,0,,
0cc20749-52ec-42c1-84c1-0573c3f03922,CTR,AES-128,cuda,104857600,13,encrypt,25537000,12666848.182678223,29867000,55404000,68172500,0.012666848182678223,0.0681725,8278.112951838455,1538.1216766291393,True,1,27,0,128,f450af611f2125260000000000000000
0cc20749-52ec-42c1-84c1-0573c3f03922,ECB,AES-128,cuda,104857600,14,encrypt,41342800,23368448.25744629,50316000,91658800,115419700,0.02336844825744629,0.1154197,4487.144325750745,908.4896252546142,True,0,28,0,,
0cc20749-52ec-42c1-84c1-0573c3f03922,CTR,AES-128,cuda,104857600,14,encrypt,75271500,34267009.73510742,86551900,161823400,196249500,0.03426700973510742,0.1962495,3060.0160565679803,534.3076033314735,True,1,29,0,128,14b6d7fde9ae47170000000000000000
0cc20749-52ec-42c1-84c1-0573c3f03922,CTR,AES-128,cuda,104857600,15,encrypt,24855000,12650591.850280762,33897200,58752200,71494300,0.012650591850280762,0.0714943,8288.750537602147,1466.656782428809,True,0,30,0,128,23513ba6946ff4bc0000000000000000
0cc20749-52ec-42c1-84c1-0573c3f03922,ECB,AES-128,cuda,104857600,15,encrypt,25055600,12244352.340698242,39093400,64149000,76585900,0.012244352340698242,0.0765859,8563.752257558805,1369.150196054365,True,1,31,0,,
0cc20749-52ec-42c1-84c1-0573c3f03922,CTR,AES-128,cuda,104857600,16,encrypt,73157800,30640287.399291992,64842000,137999800,168800700,0.03064028739929199,0.1688007,3422.213330884845,621.1917367641248,True,0,32,0,128,b3f0e3675fc6e7220000000000000000
0cc20749-52ec-42c1-84c1-0573c3f03922,ECB,AES-128,cuda,104857600,16,encrypt,46612600,20735456.466674805,59177200,105789800,126701400,0.020735456466674806,0.1267014,5056.922675829343,827.5962222990432,True,1,33,0,,
0cc20749-52ec-42c1-84c1-0573c3f03922,CTR,AES-128,cuda,104857600,17,encrypt,42663000,20216096.878051758,51896800,94559800,114974000,0.02021609687805176,0.114974,5186.83703548344,912.0114112755928,True,0,34,0,128,e497933ed1595b3f0000000000000000
0cc20749-52ec-42c1-84c1-0573c3f03922,ECB,AES-128,cuda,104857600,17,encrypt,39108100,19591583.251953125,59832200,98940300,118644700,0.019591583251953124,0.1186447,5352.1759140903805,883.795062063455,True,1,35,0,,
0cc20749-52ec-42c1-84c1-0573c3f03922,CTR,AES-128,cuda,104857600,18,encrypt,38529500,19836736.67907715,54314400,92843900,112857700,0.01983673667907715,0.1128577,5286.030746710412,929.1133879212495,True,0,36,0,128,500b65b966f98be20000000000000000
0cc20749-52ec-42c1-84c1-0573c3f03922,ECB,AES-128,cuda,104857600,18,encrypt,40949900,19201919.555664062,51235300,92185200,111508000,0.01920191955566406,0.111508,5460.78738097149,940.3594360942712,True,1,37,0,,
0cc20749-52ec-42c1-84c1-0573c3f03922,CTR,AES-128,cuda,104857600,19,encrypt,44159500,19856576.919555664,53457000,97616500,117628900,0.019856576919555665,0.1176289,5280.749064897054,891.4271917870524,True,0,38,0,128,755ad2a00a75c84f0000000000000000
0cc20749-52ec-42c1-84c1-0573c3f03922,ECB,AES-128,cuda,104857600,19,encrypt,43570500,17927295.684814453,48238700,91809200,109871100,0.017927295684814454,0.1098711,5849.047276484706,954.3692563376538,True,1,39,0,,
