session_id,algorithm,mode,bytes,order_index,repeat,operation,elapsed_ns,wall_elapsed_ns,process_cpu_ns,process_to_wall_ratio,seconds,throughput_MB_s
6883d7ff-eb7d-4d07-8638-6b6c40527699,DES,CBC,1048576,0,0,encrypt,12476900,12476900,15625000,1.2523142767834958,0.0124769,84.04138848592198
6883d7ff-eb7d-4d07-8638-6b6c40527699,DES,CBC,1048576,0,0,decrypt,12592600,12592600,0,0.0,0.0125926,83.26922160634024
6883d7ff-eb7d-4d07-8638-6b6c40527699,AES-128,CBC,1048576,1,0,encrypt,5116900,5116900,15625000,3.053606675917059,0.0051169,204.92407512361
6883d7ff-eb7d-4d07-8638-6b6c40527699,AES-128,CBC,1048576,1,0,decrypt,4701700,4701700,0,0.0,0.0047017,223.02060956675246
6883d7ff-eb7d-4d07-8638-6b6c40527699,AES-192,CBC,1048576,2,0,encrypt,5321700,5321700,0,0.0,0.0053217,197.03778867655072
6883d7ff-eb7d-4d07-8638-6b6c40527699,AES-192,CBC,1048576,2,0,decrypt,5754100,5754100,15625000,2.715455066821918,0.0057541,182.23110477746303
6883d7ff-eb7d-4d07-8638-6b6c40527699,AES-256,CBC,1048576,3,0,encrypt,6035200,6035200,0,0.0,0.0060352,173.74337221633087
6883d7ff-eb7d-4d07-8638-6b6c40527699,AES-256,CBC,1048576,3,0,decrypt,6054100,6054100,15625000,2.5808955914173866,0.0060541,173.20097124262895
6883d7ff-eb7d-4d07-8638-6b6c40527699,3DES,CBC,1048576,4,0,encrypt,33160200,33160200,31250000,0.9423947985838445,0.0331602,31.621522186235307
6883d7ff-eb7d-4d07-8638-6b6c40527699,3DES,CBC,1048576,4,0,decrypt,31851100,31851100,31250000,0.9811278103425,0.0318511,32.92118639544631
6883d7ff-eb7d-4d07-8638-6b6c40527699,AES-128,CBC,1048576,0,1,encrypt,5245900,5245900,0,0.0,0.0052459,199.88486246401953
6883d7ff-eb7d-4d07-8638-6b6c40527699,AES-128,CBC,1048576,0,1,decrypt,4829900,4829900,0,0.0,0.0048299,217.10097517546947
6883d7ff-eb7d-4d07-8638-6b6c40527699,3DES,CBC,1048576,1,1,encrypt,34215600,34215600,46875000,1.3699891277662821,0.0342156,30.646138018915348
6883d7ff-eb7d-4d07-8638-6b6c40527699,3DES,CBC,1048576,1,1,decrypt,32786800,32786800,31250000,0.9531274781314432,0.0327868,31.981651152292997
6883d7ff-eb7d-4d07-8638-6b6c40527699,AES-256,CBC,1048576,2,1,encrypt,7532800,7532800,0,0.0,0.0075328,139.20135938827528
6883d7ff-eb7d-4d07-8638-6b6c40527699,AES-256,CBC,1048576,2,1,decrypt,6390600,6390600,15625000,2.444997339842894,0.0063906,164.08099395987858
6883d7ff-eb7d-4d07-8638-6b6c40527699,AES-192,CBC,1048576,3,1,encrypt,5298500,5298500,0,0.0,0.0052985,197.90053788808154
6883d7ff-eb7d-4d07-8638-6b6c40527699,AES-192,CBC,1048576,3,1,decrypt,5539200,5539200,0,0.0,0.0055392,189.30098209127672
6883d7ff-eb7d-4d07-8638-6b6c40527699,DES,CBC,1048576,4,1,encrypt,12387500,12387500,15625000,1.2613521695257315,0.0123875,84.64791120080727
6883d7ff-eb7d-4d07-8638-6b6c40527699,DES,CBC,1048576,4,1,decrypt,14886500,14886500,15625000,1.04960870587445,0.0148865,70.43804789574446
6883d7ff-eb7d-4d07-8638-6b6c40527699,AES-128,CBC,1048576,0,2,encrypt,5282700,5282700,15625000,2.9577678081284193,0.0052827,198.49243757926817
6883d7ff-eb7d-4d07-8638-6b6c40527699,AES-128,CBC,1048576,0,2,decrypt,4730700,4730700,0,0.0,0.0047307,221.65345509121272
6883d7ff-eb7d-4d07-8638-6b6c40527699,3DES,CBC,1048576,1,2,encrypt,32292700,32292700,31250000,0.9677109687328715,0.0322927,32.470991896001266
6883d7ff-eb7d-4d07-8638-6b6c40527699,3DES,CBC,1048576,1,2,decrypt,32753900,32753900,31250000,0.9540848570704558,0.0327539,32.013775458800325
6883d7ff-eb7d-4d07-8638-6b6c40527699,AES-192,CBC,1048576,2,2,encrypt,5251700,5251700,0,0.0,0.0052517,199.66410876478093
6883d7ff-eb7d-4d07-8638-6b6c40527699,AES-192,CBC,1048576,2,2,decrypt,5322100,5322100,15625000,2.935871178670074,0.0053221,197.02297965088968
6883d7ff-eb7d-4d07-8638-6b6c40527699,DES,CBC,1048576,3,2,encrypt,12337500,12337500,0,0.0,0.0123375,84.99096251266464
6883d7ff-eb7d-4d07-8638-6b6c40527699,DES,CBC,1048576,3,2,decrypt,11627400,11627400,15625000,1.3438085900545265,0.0116274,90.18146791200097
6883d7ff-eb7d-4d07-8638-6b6c40527699,AES-256,CBC,1048576,4,2,encrypt,7741200,7741200,15625000,2.018420916653749,0.0077412,135.45393479047175
6883d7ff-eb7d-4d07-8638-6b6c40527699,AES-256,CBC,1048576,4,2,decrypt,6044100,6044100,0,0.0,0.0060441,173.4875332969342
6883d7ff-eb7d-4d07-8638-6b6c40527699,AES-256,CBC,1048576,0,3,encrypt,6102700,6102700,15625000,2.560342143641339,0.0061027,171.82165271109508
6883d7ff-eb7d-4d07-8638-6b6c40527699,AES-256,CBC,1048576,0,3,decrypt,6009500,6009500,0,0.0,0.0060095,174.48639653881355
6883d7ff-eb7d-4d07-8638-6b6c40527699,AES-128,CBC,1048576,1,3,encrypt,4856000,4856000,0,0.0,0.004856,215.9341021416804
6883d7ff-eb7d-4d07-8638-6b6c40527699,AES-128,CBC,1048576,1,3,decrypt,4639800,4639800,15625000,3.367602051812578,0.0046398,225.99594810121127
6883d7ff-eb7d-4d07-8638-6b6c40527699,3DES,CBC,1048576,2,3,encrypt,32223800,32223800,31250000,0.9697801004226689,0.0322238,32.54042043458562
6883d7ff-eb7d-4d07-8638-6b6c40527699,3DES,CBC,1048576,2,3,decrypt,31975300,31975300,31250000,0.977316866456296,0.0319753,32.79331233796086
6883d7ff-eb7d-4d07-8638-6b6c40527699,DES,CBC,1048576,3,3,encrypt,13272100,13272100,15625000,1.1772816660513408,0.0132721,79.00603521673284
6883d7ff-eb7d-4d07-8638-6b6c40527699,DES,CBC,1048576,3,3,decrypt,13657200,13657200,0,0.0,0.0136572,76.77825615792402
6883d7ff-eb7d-4d07-8638-6b6c40527699,AES-192,CBC,1048576,4,3,encrypt,5457500,5457500,15625000,2.863032524049473,0.0054575,192.13486028401283
6883d7ff-eb7d-4d07-8638-6b6c40527699,AES-192,CBC,1048576,4,3,decrypt,6392800,6392800,0,0.0,0.0063928,164.02452759354273
6883d7ff-eb7d-4d07-8638-6b6c40527699,DES,CBC,1048576,0,4,encrypt,11967400,11967400,15625000,1.3056302956364791,0.0119674,87.61936594414827
6883d7ff-eb7d-4d07-8638-6b6c40527699,DES,CBC,1048576,0,4,decrypt,11543700,11543700,15625000,1.3535521539887558,0.0115437,90.83534741893847
6883d7ff-eb7d-4d07-8638-6b6c40527699,3DES,CBC,1048576,1,4,encrypt,33663100,33663100,31250000,0.9283161681485068,0.0336631,31.14912173863964
6883d7ff-eb7d-4d07-8638-6b6c40527699,3DES,CBC,1048576,1,4,decrypt,32902100,32902100,31250000,0.9497873995884761,0.0329021,31.86957671394835
6883d7ff-eb7d-4d07-8638-6b6c40527699,AES-128,CBC,1048576,2,4,encrypt,4977900,4977900,0,0.0,0.0049779,210.6462564535246
6883d7ff-eb7d-4d07-8638-6b6c40527699,AES-128,CBC,1048576,2,4,decrypt,5620600,5620600,15625000,2.779952318257837,0.0056206,186.55944205244992
6883d7ff-eb7d-4d07-8638-6b6c40527699,AES-192,CBC,1048576,3,4,encrypt,7842900,7842900,0,0.0,0.0078429,133.69748434890155
6883d7ff-eb7d-4d07-8638-6b6c40527699,AES-192,CBC,1048576,3,4,decrypt,9069400,9069400,15625000,1.7228262068053013,0.0090694,115.61690960813284
6883d7ff-eb7d-4d07-8638-6b6c40527699,AES-256,CBC,1048576,4,4,encrypt,7420200,7420200,0,0.0,0.0074202,141.3137112207218
6883d7ff-eb7d-4d07-8638-6b6c40527699,AES-256,CBC,1048576,4,4,decrypt,6630700,6630700,15625000,2.3564631185244393,0.0066307,158.13956294207247
6883d7ff-eb7d-4d07-8638-6b6c40527699,AES-192,CBC,1048576,0,5,encrypt,5618600,5618600,0,0.0,0.0056186,186.62584985583598
6883d7ff-eb7d-4d07-8638-6b6c40527699,AES-192,CBC,1048576,0,5,decrypt,5556700,5556700,15625000,2.8119207443266685,0.0055567,188.7048068097972
6883d7ff-eb7d-4d07-8638-6b6c40527699,AES-128,CBC,1048576,1,5,encrypt,5018800,5018800,0,0.0,0.0050188,208.9296246114609
6883d7ff-eb7d-4d07-8638-6b6c40527699,AES-128,CBC,1048576,1,5,decrypt,5146300,5146300,0,0.0,0.0051463,203.75337621203582
6883d7ff-eb7d-4d07-8638-6b6c40527699,DES,CBC,1048576,2,5,encrypt,13922800,13922800,15625000,1.1222598902519607,0.0139228,75.31358634757376
6883d7ff-eb7d-4d07-8638-6b6c40527699,DES,CBC,1048576,2,5,decrypt,13263300,13263300,15625000,1.1780627747242391,0.0132633,79.0584545324316
6883d7ff-eb7d-4d07-8638-6b6c40527699,AES-256,CBC,1048576,3,5,encrypt,8063200,8063200,0,0.0,0.0080632,130.04464728643714
6883d7ff-eb7d-4d07-8638-6b6c40527699,AES-256,CBC,1048576,3,5,decrypt,6351300,6351300,15625000,2.460126273361359,0.0063513,165.09627950183426
6883d7ff-eb7d-4d07-8638-6b6c40527699,3DES,CBC,1048576,4,5,encrypt,32799200,32799200,31250000,0.9527671406619673,0.0327992,31.96956023317642
6883d7ff-eb7d-4d07-8638-6b6c40527699,3DES,CBC,1048576,4,5,decrypt,35039700,35039700,31250000,0.8918455352072078,0.0350397,29.925370365613862
6883d7ff-eb7d-4d07-8638-6b6c40527699,AES-128,CBC,1048576,0,6,encrypt,4765600,4765600,15625000,3.278705724357898,0.0047656,220.03021655195568
6883d7ff-eb7d-4d07-8638-6b6c40527699,AES-128,CBC,1048576,0,6,decrypt,4776100,4776100,0,0.0,0.0047761,219.54649190762336
6883d7ff-eb7d-4d07-8638-6b6c40527699,AES-256,CBC,1048576,1,6,encrypt,8508800,8508800,0,0.0,0.0085088,123.23429860849943
6883d7ff-eb7d-4d07-8638-6b6c40527699,AES-256,CBC,1048576,1,6,decrypt,6746900,6746900,15625000,2.3158784034149016,0.0067469,155.41596881530776
6883d7ff-eb7d-4d07-8638-6b6c40527699,DES,CBC,1048576,2,6,encrypt,12244400,12244400,15625000,1.276093561138153,0.0122444,85.63718924569599
6883d7ff-eb7d-4d07-8638-6b6c40527699,DES,CBC,1048576,2,6,decrypt,14182100,14182100,15625000,1.1017409269431184,0.0141821,73.93658202945967
6883d7ff-eb7d-4d07-8638-6b6c40527699,3DES,CBC,1048576,3,6,encrypt,32677700,32677700,31250000,0.9563096545962537,0.0326777,32.08842727609348
6883d7ff-eb7d-4d07-8638-6b6c40527699,3DES,CBC,1048576,3,6,decrypt,31696100,31696100,31250000,0.985925713258098,0.0316961,33.08217730257035
6883d7ff-eb7d-4d07-8638-6b6c40527699,AES-192,CBC,1048576,4,6,encrypt,5469700,5469700,0,0.0,0.0054697,191.70630930398377
6883d7ff-eb7d-4d07-8638-6b6c40527699,AES-192,CBC,1048576,4,6,decrypt,5414100,5414100,0,0.0,0.0054141,193.67503370828024
6883d7ff-eb7d-4d07-8638-6b6c40527699,3DES,CBC,1048576,0,7,encrypt,32869600,32869600,31250000,0.9507265071677172,0.0328696,31.90108793535668
6883d7ff-eb7d-4d07-8638-6b6c40527699,3DES,CBC,1048576,0,7,decrypt,31635800,31635800,31250000,0.9878049551457526,0.0316358,33.1452341967012
6883d7ff-eb7d-4d07-8638-6b6c40527699,DES,CBC,1048576,1,7,encrypt,12010200,12010200,0,0.0,0.0120102,87.30712227939584
6883d7ff-eb7d-4d07-8638-6b6c40527699,DES,CBC,1048576,1,7,decrypt,11704400,11704400,15625000,1.334968046204846,0.0117044,89.58818905710673
6883d7ff-eb7d-4d07-8638-6b6c40527699,AES-128,CBC,1048576,2,7,encrypt,4764900,4764900,0,0.0,0.0047649,220.06254066192366
6883d7ff-eb7d-4d07-8638-6b6c40527699,AES-128,CBC,1048576,2,7,decrypt,4821800,4821800,15625000,3.2404911029076278,0.0048218,217.465676718238
6883d7ff-eb7d-4d07-8638-6b6c40527699,AES-256,CBC,1048576,3,7,encrypt,6199700,6199700,0,0.0,0.0061997,169.13334516186268
6883d7ff-eb7d-4d07-8638-6b6c40527699,AES-256,CBC,1048576,3,7,decrypt,6280500,6280500,15625000,2.487859246875249,0.0062805,166.95740784969348
6883d7ff-eb7d-4d07-8638-6b6c40527699,AES-192,CBC,1048576,4,7,encrypt,5363200,5363200,0,0.0,0.0053632,195.51312649164677
6883d7ff-eb7d-4d07-8638-6b6c40527699,AES-192,CBC,1048576,4,7,decrypt,5605800,5605800,0,0.0,0.0056058,187.05198187591424
6883d7ff-eb7d-4d07-8638-6b6c40527699,3DES,CBC,1048576,0,8,encrypt,33494100,33494100,46875000,1.3995002104848318,0.0334941,31.30628976446598
6883d7ff-eb7d-4d07-8638-6b6c40527699,3DES,CBC,1048576,0,8,decrypt,32251900,32251900,31250000,0.9689351635097467,0.0322519,32.512069056396676
6883d7ff-eb7d-4d07-8638-6b6c40527699,AES-128,CBC,1048576,1,8,encrypt,4770500,4770500,0,0.0,0.0047705,219.80421339482234
6883d7ff-eb7d-4d07-8638-6b6c40527699,AES-128,CBC,1048576,1,8,decrypt,4793200,4793200,0,0.0,0.0047932,218.76324793457397
6883d7ff-eb7d-4d07-8638-6b6c40527699,DES,CBC,1048576,2,8,encrypt,12965500,12965500,15625000,1.205121283405962,0.0129655,80.87432031159616
6883d7ff-eb7d-4d07-8638-6b6c40527699,DES,CBC,1048576,2,8,decrypt,11595200,11595200,15625000,1.3475403615289085,0.0115952,90.43190285635436
6883d7ff-eb7d-4d07-8638-6b6c40527699,AES-192,CBC,1048576,3,8,encrypt,5424300,5424300,0,0.0,0.0054243,193.31084195195695
6883d7ff-eb7d-4d07-8638-6b6c40527699,AES-192,CBC,1048576,3,8,decrypt,5435900,5435900,15625000,2.8744090215051785,0.0054359,192.8983241045641
6883d7ff-eb7d-4d07-8638-6b6c40527699,AES-256,CBC,1048576,4,8,encrypt,6059900,6059900,0,0.0,0.0060599,173.03519860063696
6883d7ff-eb7d-4d07-8638-6b6c40527699,AES-256,CBC,1048576,4,8,decrypt,6766700,6766700,0,0.0,0.0067667,154.96120708764983
6883d7ff-eb7d-4d07-8638-6b6c40527699,AES-192,CBC,1048576,0,9,encrypt,5359800,5359800,15625000,2.91522071719094,0.0053598,195.63715063994925
6883d7ff-eb7d-4d07-8638-6b6c40527699,AES-192,CBC,1048576,0,9,decrypt,5915800,5915800,0,0.0,0.0059158,177.2500760674803
6883d7ff-eb7d-4d07-8638-6b6c40527699,DES,CBC,1048576,1,9,encrypt,12684000,12684000,15625000,1.2318669189530116,0.012684,82.66918953011668
6883d7ff-eb7d-4d07-8638-6b6c40527699,DES,CBC,1048576,1,9,decrypt,11932700,11932700,15625000,1.3094270366304357,0.0119327,87.87416091915493
6883d7ff-eb7d-4d07-8638-6b6c40527699,3DES,CBC,1048576,2,9,encrypt,33326600,33326600,31250000,0.9376894132614788,0.0333266,31.46363565440219
6883d7ff-eb7d-4d07-8638-6b6c40527699,3DES,CBC,1048576,2,9,decrypt,41225200,41225200,46875000,1.137047242948488,0.0412252,25.435316262868344
6883d7ff-eb7d-4d07-8638-6b6c40527699,AES-128,CBC,1048576,3,9,encrypt,4717500,4717500,0,0.0,0.0047175,222.27366189719132
6883d7ff-eb7d-4d07-8638-6b6c40527699,AES-128,CBC,1048576,3,9,decrypt,4999700,4999700,0,0.0,0.0049997,209.72778366702002
6883d7ff-eb7d-4d07-8638-6b6c40527699,AES-256,CBC,1048576,4,9,encrypt,6181700,6181700,15625000,2.5276218515942217,0.0061817,169.6258310820648
6883d7ff-eb7d-4d07-8638-6b6c40527699,AES-256,CBC,1048576,4,9,decrypt,6263500,6263500,0,0.0,0.0062635,167.41055320507704
6883d7ff-eb7d-4d07-8638-6b6c40527699,AES-192,CBC,1048576,0,10,encrypt,9866900,9866900,15625000,1.5835774153989601,0.0098669,106.27208140348033
6883d7ff-eb7d-4d07-8638-6b6c40527699,AES-192,CBC,1048576,0,10,decrypt,10067300,10067300,0,0.0,0.0100673,104.15662590764157
6883d7ff-eb7d-4d07-8638-6b6c40527699,3DES,CBC,1048576,1,10,encrypt,33578700,33578700,31250000,0.9306494891106565,0.0335787,31.227414998198263
6883d7ff-eb7d-4d07-8638-6b6c40527699,3DES,CBC,1048576,1,10,decrypt,33691500,33691500,46875000,1.391300476381283,0.0336915,31.12286481753558
6883d7ff-eb7d-4d07-8638-6b6c40527699,AES-256,CBC,1048576,2,10,encrypt,6282900,6282900,0,0.0,0.0062829,166.8936319215649
6883d7ff-eb7d-4d07-8638-6b6c40527699,AES-256,CBC,1048576,2,10,decrypt,8437900,8437900,15625000,1.8517640645184228,0.0084379,124.26978276585406
6883d7ff-eb7d-4d07-8638-6b6c40527699,DES,CBC,1048576,3,10,encrypt,13381000,13381000,0,0.0,0.013381,78.3630520887826
6883d7ff-eb7d-4d07-8638-6b6c40527699,DES,CBC,1048576,3,10,decrypt,14128300,14128300,15625000,1.1059363122244006,0.0141283,74.21812956972884
6883d7ff-eb7d-4d07-8638-6b6c40527699,AES-128,CBC,1048576,4,10,encrypt,7234000,7234000,15625000,2.159939176112801,0.007234,144.951064418026
6883d7ff-eb7d-4d07-8638-6b6c40527699,AES-128,CBC,1048576,4,10,decrypt,9436600,9436600,0,0.0,0.0094366,111.11798741071996
6883d7ff-eb7d-4d07-8638-6b6c40527699,AES-192,CBC,1048576,0,11,encrypt,5557500,5557500,15625000,2.8115159694107064,0.0055575,188.67764282501125
6883d7ff-eb7d-4d07-8638-6b6c40527699,AES-192,CBC,1048576,0,11,decrypt,5933400,5933400,0,0.0,0.0059334,176.72430646846664
6883d7ff-eb7d-4d07-8638-6b6c40527699,DES,CBC,1048576,1,11,encrypt,13264500,13264500,15625000,1.1779561988767009,0.0132645,79.05130234837348
6883d7ff-eb7d-4d07-8638-6b6c40527699,DES,CBC,1048576,1,11,decrypt,12713500,12713500,15625000,1.2290085342352617,0.0127135,82.47736657883353
6883d7ff-eb7d-4d07-8638-6b6c40527699,AES-128,CBC,1048576,2,11,encrypt,4903000,4903000,0,0.0,0.004903,213.864164797063
6883d7ff-eb7d-4d07-8638-6b6c40527699,AES-128,CBC,1048576,2,11,decrypt,10848500,10848500,15625000,1.4402912845093792,0.0108485,96.65631193252523
6883d7ff-eb7d-4d07-8638-6b6c40527699,AES-256,CBC,1048576,3,11,encrypt,12351700,12351700,15625000,1.265008055571298,0.0123517,84.89325356023868
6883d7ff-eb7d-4d07-8638-6b6c40527699,AES-256,CBC,1048576,3,11,decrypt,9109800,9109800,0,0.0,0.0091098,115.10417352741004
6883d7ff-eb7d-4d07-8638-6b6c40527699,3DES,CBC,1048576,4,11,encrypt,34058800,34058800,46875000,1.3762962875967444,0.0340588,30.787226796011602
6883d7ff-eb7d-4d07-8638-6b6c40527699,3DES,CBC,1048576,4,11,decrypt,33523300,33523300,31250000,0.932187463644689,0.0335233,31.279020860118187
6883d7ff-eb7d-4d07-8638-6b6c40527699,AES-128,CBC,1048576,0,12,encrypt,4993200,4993200,0,0.0,0.0049932,210.00080108948168
6883d7ff-eb7d-4d07-8638-6b6c40527699,AES-128,CBC,1048576,0,12,decrypt,8433100,8433100,15625000,1.8528180621598227,0.0084331,124.34051535022708
6883d7ff-eb7d-4d07-8638-6b6c40527699,AES-192,CBC,1048576,1,12,encrypt,10785300,10785300,0,0.0,0.0107853,97.22270126932028
6883d7ff-eb7d-4d07-8638-6b6c40527699,AES-192,CBC,1048576,1,12,decrypt,5713600,5713600,15625000,2.7347031643797255,0.0057136,183.52282273872865
6883d7ff-eb7d-4d07-8638-6b6c40527699,DES,CBC,1048576,2,12,encrypt,12846900,12846900,0,0.0,0.0128469,81.62093578995712
6883d7ff-eb7d-4d07-8638-6b6c40527699,DES,CBC,1048576,2,12,decrypt,12080800,12080800,15625000,1.293374610952917,0.0120808,86.79690086749221
6883d7ff-eb7d-4d07-8638-6b6c40527699,AES-256,CBC,1048576,3,12,encrypt,6096500,6096500,15625000,2.5629459525957516,0.0060965,171.99639137209874
6883d7ff-eb7d-4d07-8638-6b6c40527699,AES-256,CBC,1048576,3,12,decrypt,6348400,6348400,0,0.0,0.0063484,165.1716968054943
6883d7ff-eb7d-4d07-8638-6b6c40527699,3DES,CBC,1048576,4,12,encrypt,32987400,32987400,31250000,0.9473314053244573,0.0329874,31.78716722142394
6883d7ff-eb7d-4d07-8638-6b6c40527699,3DES,CBC,1048576,4,12,decrypt,31752600,31752600,31250000,0.9841713749425244,0.0317526,33.02331147685544
6883d7ff-eb7d-4d07-8638-6b6c40527699,AES-128,CBC,1048576,0,13,encrypt,4847400,4847400,15625000,3.223377480711309,0.0048474,216.31720097371786
6883d7ff-eb7d-4d07-8638-6b6c40527699,AES-128,CBC,1048576,0,13,decrypt,4720500,4720500,0,0.0,0.0047205,222.1324012286834
6883d7ff-eb7d-4d07-8638-6b6c40527699,3DES,CBC,1048576,1,13,encrypt,32611600,32611600,31250000,0.9582479853794356,0.0326116,32.15346686455126
6883d7ff-eb7d-4d07-8638-6b6c40527699,3DES,CBC,1048576,1,13,decrypt,31701000,31701000,31250000,0.985773319453645,0.031701,33.07706381502161
6883d7ff-eb7d-4d07-8638-6b6c40527699,AES-192,CBC,1048576,2,13,encrypt,5352300,5352300,0,0.0,0.0053523,195.9112904732545
6883d7ff-eb7d-4d07-8638-6b6c40527699,AES-192,CBC,1048576,2,13,decrypt,5432300,5432300,15625000,2.8763139001896065,0.0054323,193.02615834913388
6883d7ff-eb7d-4d07-8638-6b6c40527699,DES,CBC,1048576,3,13,encrypt,12048100,12048100,15625000,1.2968849860143923,0.0120481,87.03247815008176
6883d7ff-eb7d-4d07-8638-6b6c40527699,DES,CBC,1048576,3,13,decrypt,11771500,11771500,0,0.0,0.0117715,89.0775177335089
6883d7ff-eb7d-4d07-8638-6b6c40527699,AES-256,CBC,1048576,4,13,encrypt,6061800,6061800,15625000,2.5776172094097465,0.0060618,172.9809627503382
6883d7ff-eb7d-4d07-8638-6b6c40527699,AES-256,CBC,1048576,4,13,decrypt,6245300,6245300,0,0.0,0.0062453,167.8984196115479
6883d7ff-eb7d-4d07-8638-6b6c40527699,DES,CBC,1048576,0,14,encrypt,12047200,12047200,15625000,1.2969818713061956,0.0120472,87.03898001195299
6883d7ff-eb7d-4d07-8638-6b6c40527699,DES,CBC,1048576,0,14,decrypt,11634100,11634100,15625000,1.3430346997189297,0.0116341,90.12953301071849
6883d7ff-eb7d-4d07-8638-6b6c40527699,AES-192,CBC,1048576,1,14,encrypt,5345000,5345000,0,0.0,0.005345,196.17885874649204
6883d7ff-eb7d-4d07-8638-6b6c40527699,AES-192,CBC,1048576,1,14,decrypt,5476100,5476100,0,0.0,0.0054761,191.4822592721097
6883d7ff-eb7d-4d07-8638-6b6c40527699,AES-256,CBC,1048576,2,14,encrypt,6229600,6229600,15625000,2.508186721458842,0.0062296,168.32156157698728
6883d7ff-eb7d-4d07-8638-6b6c40527699,AES-256,CBC,1048576,2,14,decrypt,6168700,6168700,0,0.0,0.0061687,169.9833028028596
6883d7ff-eb7d-4d07-8638-6b6c40527699,3DES,CBC,1048576,3,14,encrypt,32579100,32579100,31250000,0.9592039067991442,0.0325791,32.185542264826225
6883d7ff-eb7d-4d07-8638-6b6c40527699,3DES,CBC,1048576,3,14,decrypt,31653500,31653500,31250000,0.9872525944998184,0.0316535,33.12670004896773
6883d7ff-eb7d-4d07-8638-6b6c40527699,AES-128,CBC,1048576,4,14,encrypt,4799100,4799100,15625000,3.255818799358213,0.0047991,218.4943010147736
6883d7ff-eb7d-4d07-8638-6b6c40527699,AES-128,CBC,1048576,4,14,decrypt,4730900,4730900,0,0.0,0.0047309,221.64408463505887
6883d7ff-eb7d-4d07-8638-6b6c40527699,AES-192,CBC,1048576,0,15,encrypt,5452100,5452100,0,0.0,0.0054521,192.32515911300234
6883d7ff-eb7d-4d07-8638-6b6c40527699,AES-192,CBC,1048576,0,15,decrypt,5456300,5456300,15625000,2.863662188662647,0.0054563,192.1771163609039
6883d7ff-eb7d-4d07-8638-6b6c40527699,3DES,CBC,1048576,1,15,encrypt,32760000,32760000,31250000,0.953907203907204,0.03276,32.00781440781441
6883d7ff-eb7d-4d07-8638-6b6c40527699,3DES,CBC,1048576,1,15,decrypt,31715000,31715000,31250000,0.985338168059278,0.031715,33.062462557149615
6883d7ff-eb7d-4d07-8638-6b6c40527699,AES-128,CBC,1048576,2,15,encrypt,4774100,4774100,0,0.0,0.0047741,219.63846588885863
6883d7ff-eb7d-4d07-8638-6b6c40527699,AES-128,CBC,1048576,2,15,decrypt,4767100,4767100,0,0.0,0.0047671,219.9609825680183
6883d7ff-eb7d-4d07-8638-6b6c40527699,DES,CBC,1048576,3,15,encrypt,12043300,12043300,15625000,1.2974018749013974,0.0120433,87.0671659761029
6883d7ff-eb7d-4d07-8638-6b6c40527699,DES,CBC,1048576,3,15,decrypt,11663100,11663100,15625000,1.3396952782707856,0.0116631,89.90542823091631
6883d7ff-eb7d-4d07-8638-6b6c40527699,AES-256,CBC,1048576,4,15,encrypt,6040000,6040000,0,0.0,0.00604,173.60529801324503
6883d7ff-eb7d-4d07-8638-6b6c40527699,AES-256,CBC,1048576,4,15,decrypt,6233900,6233900,15625000,2.5064566322847655,0.0062339,168.20545725789634
6883d7ff-eb7d-4d07-8638-6b6c40527699,DES,CBC,1048576,0,16,encrypt,12149800,12149800,0,0.0,0.0121498,86.30397208184498
6883d7ff-eb7d-4d07-8638-6b6c40527699,DES,CBC,1048576,0,16,decrypt,11644300,11644300,15625000,1.341858248241629,0.0116443,90.05058268852572
6883d7ff-eb7d-4d07-8638-6b6c40527699,AES-192,CBC,1048576,1,16,encrypt,5855200,5855200,15625000,2.668568110397595,0.0058552,179.08457439540922
6883d7ff-eb7d-4d07-8638-6b6c40527699,AES-192,CBC,1048576,1,16,decrypt,5495200,5495200,0,0.0,0.0054952,190.81671276750617
6883d7ff-eb7d-4d07-8638-6b6c40527699,AES-256,CBC,1048576,2,16,encrypt,6094900,6094900,0,0.0,0.0060949,172.04154292933435
6883d7ff-eb7d-4d07-8638-6b6c40527699,AES-256,CBC,1048576,2,16,decrypt,6251600,6251600,15625000,2.499360163798068,0.0062516,167.72922131934226
6883d7ff-eb7d-4d07-8638-6b6c40527699,3DES,CBC,1048576,3,16,encrypt,32153300,32153300,31250000,0.97190646061213,0.0321533,32.6117692429704
6883d7ff-eb7d-4d07-8638-6b6c40527699,3DES,CBC,1048576,3,16,decrypt,31795700,31795700,31250000,0.9828373018993134,0.0317957,32.97854741364398
6883d7ff-eb7d-4d07-8638-6b6c40527699,AES-128,CBC,1048576,4,16,encrypt,4816700,4816700,0,0.0,0.0048167,217.69593290011835
6883d7ff-eb7d-4d07-8638-6b6c40527699,AES-128,CBC,1048576,4,16,decrypt,4725800,4725800,15625000,3.3063185069194634,0.0047258,221.8832790215413
6883d7ff-eb7d-4d07-8638-6b6c40527699,3DES,CBC,1048576,0,17,encrypt,32227300,32227300,31250000,0.9696747788365765,0.0322273,32.536886428586946
6883d7ff-eb7d-4d07-8638-6b6c40527699,3DES,CBC,1048576,0,17,decrypt,31720300,31720300,31250000,0.9851735324066923,0.0317203,33.05693830134015
6883d7ff-eb7d-4d07-8638-6b6c40527699,AES-192,CBC,1048576,1,17,encrypt,5286900,5286900,0,0.0,0.0052869,198.3347519340256
6883d7ff-eb7d-4d07-8638-6b6c40527699,AES-192,CBC,1048576,1,17,decrypt,5475800,5475800,0,0.0,0.0054758,191.49274991782022
6883d7ff-eb7d-4d07-8638-6b6c40527699,DES,CBC,1048576,2,17,encrypt,12782900,12782900,15625000,1.2223360896197264,0.0127829,82.02958640058203
6883d7ff-eb7d-4d07-8638-6b6c40527699,DES,CBC,1048576,2,17,decrypt,12148900,12148900,15625000,1.2861246697231847,0.0121489,86.31036554749812
6883d7ff-eb7d-4d07-8638-6b6c40527699,AES-256,CBC,1048576,3,17,encrypt,6470600,6470600,0,0.0,0.0064706,162.05235990480017
6883d7ff-eb7d-4d07-8638-6b6c40527699,AES-256,CBC,1048576,3,17,decrypt,6693300,6693300,15625000,2.334423976215021,0.0066933,156.66054113815306
6883d7ff-eb7d-4d07-8638-6b6c40527699,AES-128,CBC,1048576,4,17,encrypt,5142800,5142800,0,0.0,0.0051428,203.89204324492493
6883d7ff-eb7d-4d07-8638-6b6c40527699,AES-128,CBC,1048576,4,17,decrypt,5437700,5437700,15625000,2.87345752799897,0.0054377,192.83447045625908
6883d7ff-eb7d-4d07-8638-6b6c40527699,AES-256,CBC,1048576,0,18,encrypt,6509200,6509200,0,0.0,0.0065092,161.09137835678732
6883d7ff-eb7d-4d07-8638-6b6c40527699,AES-256,CBC,1048576,0,18,decrypt,6819300,6819300,0,0.0,0.0068193,153.76592905430175
6883d7ff-eb7d-4d07-8638-6b6c40527699,AES-128,CBC,1048576,1,18,encrypt,5453900,5453900,15625000,2.8649223491446487,0.0054539,192.26168429930874
6883d7ff-eb7d-4d07-8638-6b6c40527699,AES-128,CBC,1048576,1,18,decrypt,5012200,5012200,0,0.0,0.0050122,209.20474043334264
6883d7ff-eb7d-4d07-8638-6b6c40527699,3DES,CBC,1048576,2,18,encrypt,32494300,32494300,31250000,0.9617071301735997,0.0324943,32.2695365033252
6883d7ff-eb7d-4d07-8638-6b6c40527699,3DES,CBC,1048576,2,18,decrypt,32128500,32128500,31250000,0.9726566755372955,0.0321285,32.63694227866225
6883d7ff-eb7d-4d07-8638-6b6c40527699,AES-192,CBC,1048576,3,18,encrypt,5294400,5294400,15625000,2.9512314898760956,0.0052944,198.05379268661227
6883d7ff-eb7d-4d07-8638-6b6c40527699,AES-192,CBC,1048576,3,18,decrypt,5511900,5511900,0,0.0,0.0055119,190.23857472015095
6883d7ff-eb7d-4d07-8638-6b6c40527699,DES,CBC,1048576,4,18,encrypt,12609800,12609800,15625000,1.2391156084949801,0.0126098,83.15564085076686
6883d7ff-eb7d-4d07-8638-6b6c40527699,DES,CBC,1048576,4,18,decrypt,13181000,13181000,15625000,1.1854184052803278,0.013181,79.5520825430544
6883d7ff-eb7d-4d07-8638-6b6c40527699,AES-256,CBC,1048576,0,19,encrypt,8161900,8161900,0,0.0,0.0081619,128.47204694985237
6883d7ff-eb7d-4d07-8638-6b6c40527699,AES-256,CBC,1048576,0,19,decrypt,6289100,6289100,15625000,2.4844572355344963,0.0062891,166.72910273330046
6883d7ff-eb7d-4d07-8638-6b6c40527699,DES,CBC,1048576,1,19,encrypt,12060300,12060300,0,0.0,0.0120603,86.94443753472136
6883d7ff-eb7d-4d07-8638-6b6c40527699,DES,CBC,1048576,1,19,decrypt,11671500,11671500,15625000,1.3387310971169086,0.0116715,89.84072312898942
6883d7ff-eb7d-4d07-8638-6b6c40527699,3DES,CBC,1048576,2,19,encrypt,32401100,32401100,31250000,0.964473428371259,0.0324011,32.36235806809028
6883d7ff-eb7d-4d07-8638-6b6c40527699,3DES,CBC,1048576,2,19,decrypt,32852400,32852400,31250000,0.951224263676322,0.0328524,31.917789872277215
6883d7ff-eb7d-4d07-8638-6b6c40527699,AES-192,CBC,1048576,3,19,encrypt,5336900,5336900,15625000,2.9277295808428114,0.0053369,196.47660626955724
6883d7ff-eb7d-4d07-8638-6b6c40527699,AES-192,CBC,1048576,3,19,decrypt,6059900,6059900,0,0.0,0.0060599,173.03519860063696
6883d7ff-eb7d-4d07-8638-6b6c40527699,AES-128,CBC,1048576,4,19,encrypt,5753500,5753500,0,0.0,0.0057535,182.25010862952985
6883d7ff-eb7d-4d07-8638-6b6c40527699,AES-128,CBC,1048576,4,19,decrypt,5099100,5099100,15625000,3.064266243062501,0.0050991,205.63942656547235
6883d7ff-eb7d-4d07-8638-6b6c40527699,DES,CBC,10485760,0,0,encrypt,120364900,120364900,125000000,1.0385087346892656,0.1203649,87.11642679884253
6883d7ff-eb7d-4d07-8638-6b6c40527699,DES,CBC,10485760,0,0,decrypt,115732800,115732800,109375000,0.9450648390084747,0.1157328,90.60318250314518
6883d7ff-eb7d-4d07-8638-6b6c40527699,AES-256,CBC,10485760,1,0,encrypt,60531800,60531800,46875000,0.7743863556015186,0.0605318,173.2272954050598
6883d7ff-eb7d-4d07-8638-6b6c40527699,AES-256,CBC,10485760,1,0,decrypt,61597700,61597700,62500000,1.0146482742050433,0.0615977,170.22973260365242
6883d7ff-eb7d-4d07-8638-6b6c40527699,3DES,CBC,10485760,2,0,encrypt,320484100,320484100,312500000,0.9750873756295554,0.3204841,32.71850303962037
6883d7ff-eb7d-4d07-8638-6b6c40527699,3DES,CBC,10485760,2,0,decrypt,330065500,330065500,328125000,0.9941208638891371,0.3300655,31.76872469252315
6883d7ff-eb7d-4d07-8638-6b6c40527699,AES-128,CBC,10485760,3,0,encrypt,103143100,103143100,78125000,0.7574428148853389,0.1031431,101.66225370383476
6883d7ff-eb7d-4d07-8638-6b6c40527699,AES-128,CBC,10485760,3,0,decrypt,63673900,63673900,62500000,0.9815638746802064,0.0636739,164.67909143306755
6883d7ff-eb7d-4d07-8638-6b6c40527699,AES-192,CBC,10485760,4,0,encrypt,66167400,66167400,62500000,0.9445739140422625,0.0661674,158.4732058385247
6883d7ff-eb7d-4d07-8638-6b6c40527699,AES-192,CBC,10485760,4,0,decrypt,55478700,55478700,62500000,1.126558481002619,0.0554787,189.00514972412836
6883d7ff-eb7d-4d07-8638-6b6c40527699,AES-192,CBC,10485760,0,1,encrypt,57973800,57973800,62500000,1.078073198582808,0.0579738,180.87066916434665
6883d7ff-eb7d-4d07-8638-6b6c40527699,AES-192,CBC,10485760,0,1,decrypt,60002900,60002900,62500000,1.0416163218777759,0.0600029,174.75422021268972
6883d7ff-eb7d-4d07-8638-6b6c40527699,3DES,CBC,10485760,1,1,encrypt,335476300,335476300,328125000,0.9780869766359054,0.3354763,31.256336140585788
6883d7ff-eb7d-4d07-8638-6b6c40527699,3DES,CBC,10485760,1,1,decrypt,357378900,357378900,359375000,1.0055853885050292,0.3573789,29.34073612068312
6883d7ff-eb7d-4d07-8638-6b6c40527699,DES,CBC,10485760,2,1,encrypt,137404200,137404200,140625000,1.0234403315182505,0.1374042,76.31324224441465
6883d7ff-eb7d-4d07-8638-6b6c40527699,DES,CBC,10485760,2,1,decrypt,142529600,142529600,140625000,0.9866371616843098,0.1425296,73.56899900090929
6883d7ff-eb7d-4d07-8638-6b6c40527699,AES-256,CBC,10485760,3,1,encrypt,89664500,89664500,78125000,0.8713035816850593,0.0896645,116.94438713203107
6883d7ff-eb7d-4d07-8638-6b6c40527699,AES-256,CBC,10485760,3,1,decrypt,93408700,93408700,93750000,1.0036538352423274,0.0934087,112.25678122059294
6883d7ff-eb7d-4d07-8638-6b6c40527699,AES-128,CBC,10485760,4,1,encrypt,54822900,54822900,62500000,1.1400345476069307,0.0548229,191.26605852663758
6883d7ff-eb7d-4d07-8638-6b6c40527699,AES-128,CBC,10485760,4,1,decrypt,57896600,57896600,62500000,1.0795107139279336,0.0578966,181.1118442188315
6883d7ff-eb7d-4d07-8638-6b6c40527699,DES,CBC,10485760,0,2,encrypt,123307700,123307700,125000000,1.013724203760187,0.1233077,85.03734965456334
6883d7ff-eb7d-4d07-8638-6b6c40527699,DES,CBC,10485760,0,2,decrypt,125848200,125848200,125000000,0.9932601340344955,0.1258482,83.32069906442841
6883d7ff-eb7d-4d07-8638-6b6c40527699,AES-192,CBC,10485760,1,2,encrypt,69939100,69939100,62500000,0.893634604963461,0.0699391,149.9270079254666
6883d7ff-eb7d-4d07-8638-6b6c40527699,AES-192,CBC,10485760,1,2,decrypt,62190100,62190100,62500000,1.0049831082439167,0.0621901,168.6081868335957
6883d7ff-eb7d-4d07-8638-6b6c40527699,3DES,CBC,10485760,2,2,encrypt,338904800,338904800,328125000,0.9681922474984125,0.3389048,30.94013422058348
6883d7ff-eb7d-4d07-8638-6b6c40527699,3DES,CBC,10485760,2,2,decrypt,327563700,327563700,328125000,1.0017135598358426,0.3275637,32.011361454275914
6883d7ff-eb7d-4d07-8638-6b6c40527699,AES-128,CBC,10485760,3,2,encrypt,50213100,50213100,62500000,1.2446951094435517,0.0502131,208.82518705278105
6883d7ff-eb7d-4d07-8638-6b6c40527699,AES-128,CBC,10485760,3,2,decrypt,50282400,50282400,31250000,0.6214898254657694,0.0502824,208.53738087283025
6883d7ff-eb7d-4d07-8638-6b6c40527699,AES-256,CBC,10485760,4,2,encrypt,70265500,70265500,62500000,0.8894834591655933,0.0702655,149.2305612284834
6883d7ff-eb7d-4d07-8638-6b6c40527699,AES-256,CBC,10485760,4,2,decrypt,62857300,62857300,78125000,1.2428946200361772,0.0628573,166.81849204467898
6883d7ff-eb7d-4d07-8638-6b6c40527699,AES-192,CBC,10485760,0,3,encrypt,73212400,73212400,62500000,0.8536805240642296,0.0732124,143.22382547218777
6883d7ff-eb7d-4d07-8638-6b6c40527699,AES-192,CBC,10485760,0,3,decrypt,62054100,62054100,62500000,1.0071856654113105,0.0620541,168.97771460709285
6883d7ff-eb7d-4d07-8638-6b6c40527699,AES-256,CBC,10485760,1,3,encrypt,61089500,61089500,62500000,1.0230890742271586,0.0610895,171.64586385549072
6883d7ff-eb7d-4d07-8638-6b6c40527699,AES-256,CBC,10485760,1,3,decrypt,66121900,66121900,78125000,1.1815298713436848,0.0661219,158.5822548958817
6883d7ff-eb7d-4d07-8638-6b6c40527699,3DES,CBC,10485760,2,3,encrypt,331467000,331467000,312500000,0.9427786174792664,0.331467,31.634401011262057
6883d7ff-eb7d-4d07-8638-6b6c40527699,3DES,CBC,10485760,2,3,decrypt,319866500,319866500,328125000,1.0258185836903833,0.3198665,32.78167610550026
6883d7ff-eb7d-4d07-8638-6b6c40527699,AES-128,CBC,10485760,3,3,encrypt,47795900,47795900,46875000,0.9807326569852226,0.0477959,219.3861816599332
6883d7ff-eb7d-4d07-8638-6b6c40527699,AES-128,CBC,10485760,3,3,decrypt,47668200,47668200,46875000,0.9833599758329452,0.0476682,219.97390293738803
6883d7ff-eb7d-4d07-8638-6b6c40527699,DES,CBC,10485760,4,3,encrypt,120077000,120077000,125000000,1.0409986925056423,0.120077,87.3252995994237
6883d7ff-eb7d-4d07-8638-6b6c40527699,DES,CBC,10485760,4,3,decrypt,117015000,117015000,109375000,0.934709225312994,0.117015,89.61039183010725
6883d7ff-eb7d-4d07-8638-6b6c40527699,AES-192,CBC,10485760,0,4,encrypt,56533400,56533400,62500000,1.1055411491260034,0.0565334,185.4790265577517
6883d7ff-eb7d-4d07-8638-6b6c40527699,AES-192,CBC,10485760,0,4,decrypt,54868600,54868600,46875000,0.8543137605114766,0.0548686,191.1067532249775
6883d7ff-eb7d-4d07-8638-6b6c40527699,3DES,CBC,10485760,1,4,encrypt,320267700,320267700,312500000,0.9757462272967271,0.3202677,32.74061043308457
6883d7ff-eb7d-4d07-8638-6b6c40527699,3DES,CBC,10485760,1,4,decrypt,315503000,315503000,312500000,0.9904818654656216,0.315503,33.235056401999344
6883d7ff-eb7d-4d07-8638-6b6c40527699,AES-256,CBC,10485760,2,4,encrypt,60508700,60508700,62500000,1.0329093171725718,0.0605087,173.29342722616747
6883d7ff-eb7d-4d07-8638-6b6c40527699,AES-256,CBC,10485760,2,4,decrypt,62119000,62119000,62500000,1.0061333891401987,0.062119,168.80117194417167
6883d7ff-eb7d-4d07-8638-6b6c40527699,DES,CBC,10485760,3,4,encrypt,121283600,121283600,125000000,1.0306422302768057,0.1212836,86.45653658037855
6883d7ff-eb7d-4d07-8638-6b6c40527699,DES,CBC,10485760,3,4,decrypt,115948700,115948700,125000000,1.0780629709518088,0.1159487,90.43447662630112
6883d7ff-eb7d-4d07-8638-6b6c40527699,AES-128,CBC,10485760,4,4,encrypt,47372700,47372700,46875000,0.9894939490466028,0.0473727,221.34604951797132
6883d7ff-eb7d-4d07-8638-6b6c40527699,AES-128,CBC,10485760,4,4,decrypt,46990900,46990900,46875000,0.9975335650093954,0.0469909,223.14448116550227
6883d7ff-eb7d-4d07-8638-6b6c40527699,DES,CBC,10485760,0,5,encrypt,119972700,119972700,125000000,1.0419036997583617,0.1199727,87.40121711022591
6883d7ff-eb7d-4d07-8638-6b6c40527699,DES,CBC,10485760,0,5,decrypt,117995700,117995700,109375000,0.9269405580033848,0.1179957,88.8656112044761
6883d7ff-eb7d-4d07-8638-6b6c40527699,AES-192,CBC,10485760,1,5,encrypt,62765000,62765000,62500000,0.9957779016968056,0.062765,167.06380944794074
6883d7ff-eb7d-4d07-8638-6b6c40527699,AES-192,CBC,10485760,1,5,decrypt,55303900,55303900,62500000,1.1301192140156482,0.0553039,189.60254159290756
6883d7ff-eb7d-4d07-8638-6b6c40527699,3DES,CBC,10485760,2,5,encrypt,332469700,332469700,328125000,0.9869320422282091,0.3324697,31.538994380540544
6883d7ff-eb7d-4d07-8638-6b6c40527699,3DES,CBC,10485760,2,5,decrypt,317588200,317588200,328125000,1.033177555085485,0.3175882,33.01684382480205
6883d7ff-eb7d-4d07-8638-6b6c40527699,AES-128,CBC,10485760,3,5,encrypt,47637600,47637600,46875000,0.9839916368582801,0.0476376,220.11520311686567
6883d7ff-eb7d-4d07-8638-6b6c40527699,AES-128,CBC,10485760,3,5,decrypt,47976500,47976500,46875000,0.977040842912676,0.0479765,218.56033683157378
6883d7ff-eb7d-4d07-8638-6b6c40527699,AES-256,CBC,10485760,4,5,encrypt,60746100,60746100,62500000,1.0288726354449091,0.0607461,172.61618441348497
6883d7ff-eb7d-4d07-8638-6b6c40527699,AES-256,CBC,10485760,4,5,decrypt,62471000,62471000,62500000,1.0004642153959438,0.062471,167.85004241968272
6883d7ff-eb7d-4d07-8638-6b6c40527699,DES,CBC,10485760,0,6,encrypt,122316400,122316400,125000000,1.0219398216428868,0.1223164,85.72652563352094
6883d7ff-eb7d-4d07-8638-6b6c40527699,DES,CBC,10485760,0,6,decrypt,116468500,116468500,93750000,0.8049386744055259,0.1164685,90.03086671503453
6883d7ff-eb7d-4d07-8638-6b6c40527699,AES-256,CBC,10485760,1,6,encrypt,60743600,60743600,46875000,0.7716862352577062,0.0607436,172.6232887086047
6883d7ff-eb7d-4d07-8638-6b6c40527699,AES-256,CBC,10485760,1,6,decrypt,64029600,64029600,78125000,1.220138810800005,0.0640296,163.76425903019853
6883d7ff-eb7d-4d07-8638-6b6c40527699,AES-128,CBC,10485760,2,6,encrypt,49849400,49849400,46875000,0.9403322808298595,0.0498494,210.34877049673617
6883d7ff-eb7d-4d07-8638-6b6c40527699,AES-128,CBC,10485760,2,6,decrypt,50533700,50533700,46875000,0.9275988102988698,0.0505337,207.50034135636218
6883d7ff-eb7d-4d07-8638-6b6c40527699,AES-192,CBC,10485760,3,6,encrypt,53628200,53628200,62500000,1.1654316199313048,0.0536282,195.52698020817405
6883d7ff-eb7d-4d07-8638-6b6c40527699,AES-192,CBC,10485760,3,6,decrypt,55221200,55221200,46875000,0.8488587716311852,0.0552212,189.88649286868088
6883d7ff-eb7d-4d07-8638-6b6c40527699,3DES,CBC,10485760,4,6,encrypt,333539200,333539200,343750000,1.0306134931066573,0.3335392,31.43786397520891
6883d7ff-eb7d-4d07-8638-6b6c40527699,3DES,CBC,10485760,4,6,decrypt,324215800,324215800,328125000,1.0120574012740897,0.3242158,32.341915477283955
6883d7ff-eb7d-4d07-8638-6b6c40527699,3DES,CBC,10485760,0,7,encrypt,330142100,330142100,328125000,0.993890206671612,0.3301421,31.76135367164624
6883d7ff-eb7d-4d07-8638-6b6c40527699,3DES,CBC,10485760,0,7,decrypt,322080100,322080100,312500000,0.9702555358123647,0.3220801,32.55637339903956
6883d7ff-eb7d-4d07-8638-6b6c40527699,AES-256,CBC,10485760,1,7,encrypt,80957000,80957000,78125000,0.9650184665933768,0.080957,129.52258606420693
6883d7ff-eb7d-4d07-8638-6b6c40527699,AES-256,CBC,10485760,1,7,decrypt,73838100,73838100,62500000,0.8464464822361355,0.0738381,142.0101546491581
6883d7ff-eb7d-4d07-8638-6b6c40527699,AES-128,CBC,10485760,2,7,encrypt,51973100,51973100,46875000,0.9019088720896002,0.0519731,201.75359945818124
6883d7ff-eb7d-4d07-8638-6b6c40527699,AES-128,CBC,10485760,2,7,decrypt,58755900,58755900,46875000,0.7977922217173083,0.0587559,178.46309902494897
6883d7ff-eb7d-4d07-8638-6b6c40527699,AES-192,CBC,10485760,3,7,encrypt,56015000,56015000,62500000,1.115772560921182,0.056015,187.19557261447827
6883d7ff-eb7d-4d07-8638-6b6c40527699,AES-192,CBC,10485760,3,7,decrypt,56098900,56098900,46875000,0.8355778812062269,0.0560989,186.9156079709228
6883d7ff-eb7d-4d07-8638-6b6c40527699,DES,CBC,10485760,4,7,encrypt,122673100,122673100,125000000,1.0189682986734663,0.1226731,85.47725621998629
6883d7ff-eb7d-4d07-8638-6b6c40527699,DES,CBC,10485760,4,7,decrypt,120664700,120664700,125000000,1.0359284861272602,0.1206647,86.89997986155024
6883d7ff-eb7d-4d07-8638-6b6c40527699,AES-256,CBC,10485760,0,8,encrypt,71264500,71264500,78125000,1.0962681278897628,0.0712645,147.13861740417738
6883d7ff-eb7d-4d07-8638-6b6c40527699,AES-256,CBC,10485760,0,8,decrypt,83502400,83502400,78125000,0.9356018509647627,0.0835024,125.57435474908506
6883d7ff-eb7d-4d07-8638-6b6c40527699,DES,CBC,10485760,1,8,encrypt,130926300,130926300,125000000,0.9547356031599457,0.1309263,80.08902718552346
6883d7ff-eb7d-4d07-8638-6b6c40527699,DES,CBC,10485760,1,8,decrypt,143136900,143136900,156250000,1.0916122956414454,0.1431369,73.25686108892955
6883d7ff-eb7d-4d07-8638-6b6c40527699,AES-192,CBC,10485760,2,8,encrypt,61472900,61472900,62500000,1.0167081754724439,0.0614729,170.57532668867094
6883d7ff-eb7d-4d07-8638-6b6c40527699,AES-192,CBC,10485760,2,8,decrypt,68948700,68948700,62500000,0.9064710429638267,0.0689487,152.08060485549402
6883d7ff-eb7d-4d07-8638-6b6c40527699,3DES,CBC,10485760,3,8,encrypt,348675800,348675800,359375000,1.0306852382643132,0.3486758,30.073093687603212
6883d7ff-eb7d-4d07-8638-6b6c40527699,3DES,CBC,10485760,3,8,decrypt,340625100,340625100,328125000,0.9633024694891833,0.3406251,30.783873531339882
6883d7ff-eb7d-4d07-8638-6b6c40527699,AES-128,CBC,10485760,4,8,encrypt,50131500,50131500,46875000,0.9350408425840041,0.0501315,209.1650957980511
6883d7ff-eb7d-4d07-8638-6b6c40527699,AES-128,CBC,10485760,4,8,decrypt,49645800,49645800,46875000,0.9441886322710078,0.0496458,211.21142171140357
6883d7ff-eb7d-4d07-8638-6b6c40527699,AES-256,CBC,10485760,0,9,encrypt,61267600,61267600,62500000,1.0201150363324172,0.0612676,171.1469030939681
6883d7ff-eb7d-4d07-8638-6b6c40527699,AES-256,CBC,10485760,0,9,decrypt,63288700,63288700,62500000,0.9875380597168215,0.0632887,165.68139336090013
6883d7ff-eb7d-4d07-8638-6b6c40527699,AES-192,CBC,10485760,1,9,encrypt,53481500,53481500,62500000,1.1686284042145414,0.0534815,196.06331161242673
6883d7ff-eb7d-4d07-8638-6b6c40527699,AES-192,CBC,10485760,1,9,decrypt,54835000,54835000,46875000,0.8548372389896963,0.054835,191.22385337831676
6883d7ff-eb7d-4d07-8638-6b6c40527699,3DES,CBC,10485760,2,9,encrypt,327274200,327274200,328125000,1.0025996549682192,0.3272742,32.039678043671024
6883d7ff-eb7d-4d07-8638-6b6c40527699,3DES,CBC,10485760,2,9,decrypt,316594800,316594800,328125000,1.0364194231869885,0.3165948,33.12044291314955
6883d7ff-eb7d-4d07-8638-6b6c40527699,DES,CBC,10485760,3,9,encrypt,120592200,120592200,109375000,0.9069823753111727,0.1205922,86.95222410736349
6883d7ff-eb7d-4d07-8638-6b6c40527699,DES,CBC,10485760,3,9,decrypt,116120400,116120400,125000000,1.076468906410932,0.1161204,90.30075680069996
6883d7ff-eb7d-4d07-8638-6b6c40527699,AES-128,CBC,10485760,4,9,encrypt,47454000,47454000,46875000,0.9877987103300038,0.047454,220.96683103637207
6883d7ff-eb7d-4d07-8638-6b6c40527699,AES-128,CBC,10485760,4,9,decrypt,47986600,47986600,46875000,0.9768351998266183,0.0479866,218.5143352519245
6883d7ff-eb7d-4d07-8638-6b6c40527699,AES-192,CBC,10485760,0,10,encrypt,54274700,54274700,62500000,1.1515494327928113,0.0542747,193.19793568642478
6883d7ff-eb7d-4d07-8638-6b6c40527699,AES-192,CBC,10485760,0,10,decrypt,55241000,55241000,46875000,0.8485545156677106,0.055241,189.81843196176752
6883d7ff-eb7d-4d07-8638-6b6c40527699,DES,CBC,10485760,1,10,encrypt,120922700,120922700,125000000,1.0337182348723606,0.1209227,86.71457054796163
6883d7ff-eb7d-4d07-8638-6b6c40527699,DES,CBC,10485760,1,10,decrypt,116120500,116120500,125000000,1.0764679793834853,0.1161205,90.3006790360014
6883d7ff-eb7d-4d07-8638-6b6c40527699,AES-128,CBC,10485760,2,10,encrypt,47268200,47268200,46875000,0.9916815110370185,0.0472682,221.83539885165925
6883d7ff-eb7d-4d07-8638-6b6c40527699,AES-128,CBC,10485760,2,10,decrypt,47746400,47746400,46875000,0.9817494093795553,0.0477464,219.61362532044302
6883d7ff-eb7d-4d07-8638-6b6c40527699,3DES,CBC,10485760,3,10,encrypt,327374000,327374000,328125000,1.002294012352844,0.327374,32.029910744286354
6883d7ff-eb7d-4d07-8638-6b6c40527699,3DES,CBC,10485760,3,10,decrypt,322142400,322142400,328125000,1.0185712902120305,0.3221424,32.55007723292557
6883d7ff-eb7d-4d07-8638-6b6c40527699,AES-256,CBC,10485760,4,10,encrypt,62786400,62786400,62500000,0.9954385026056598,0.0627864,167.00686772931718
6883d7ff-eb7d-4d07-8638-6b6c40527699,AES-256,CBC,10485760,4,10,decrypt,62261300,62261300,62500000,1.0038338422101691,0.0622613,168.41537198869923
6883d7ff-eb7d-4d07-8638-6b6c40527699,DES,CBC,10485760,0,11,encrypt,120605800,120605800,125000000,1.036434400335639,0.1206058,86.94241902130743
6883d7ff-eb7d-4d07-8638-6b6c40527699,DES,CBC,10485760,0,11,decrypt,124252600,124252600,125000000,1.0060151658798286,0.1242526,84.39066868620858
6883d7ff-eb7d-4d07-8638-6b6c40527699,AES-128,CBC,10485760,1,11,encrypt,69834100,69834100,46875000,0.6712336809667483,0.0698341,150.15243269405633
6883d7ff-eb7d-4d07-8638-6b6c40527699,AES-128,CBC,10485760,1,11,decrypt,58655300,58655300,62500000,1.0655473588916944,0.0586553,178.76918198355477
6883d7ff-eb7d-4d07-8638-6b6c40527699,AES-256,CBC,10485760,2,11,encrypt,65131200,65131200,62500000,0.9596015427322082,0.0651312,160.99442356351489
6883d7ff-eb7d-4d07-8638-6b6c40527699,AES-256,CBC,10485760,2,11,decrypt,75731200,75731200,78125000,1.0316091650469028,0.0757312,138.4602383165723
6883d7ff-eb7d-4d07-8638-6b6c40527699,3DES,CBC,10485760,3,11,encrypt,326201500,326201500,328125000,1.0058966620325167,0.3262015,32.145039185901965
6883d7ff-eb7d-4d07-8638-6b6c40527699,3DES,CBC,10485760,3,11,decrypt,316176300,316176300,328125000,1.037791257599004,0.3161763,33.16428207933359
6883d7ff-eb7d-4d07-8638-6b6c40527699,AES-192,CBC,10485760,4,11,encrypt,53373800,53373800,46875000,0.8782398854868868,0.0533738,196.4589367817169
6883d7ff-eb7d-4d07-8638-6b6c40527699,AES-192,CBC,10485760,4,11,decrypt,54642500,54642500,62500000,1.1437983254792514,0.0546425,191.89751567003705
6883d7ff-eb7d-4d07-8638-6b6c40527699,3DES,CBC,10485760,0,12,encrypt,330779800,330779800,328125000,0.991974116920078,0.3307798,31.70012195424267
6883d7ff-eb7d-4d07-8638-6b6c40527699,3DES,CBC,10485760,0,12,decrypt,370949600,370949600,359375000,0.9687973784039665,0.3709496,28.26734413516014
6883d7ff-eb7d-4d07-8638-6b6c40527699,DES,CBC,10485760,1,12,encrypt,146029600,146029600,140625000,0.9629896952398692,0.1460296,71.80571610139314
6883d7ff-eb7d-4d07-8638-6b6c40527699,DES,CBC,10485760,1,12,decrypt,146666700,146666700,140625000,0.9588066002712272,0.1466667,71.49380193322683
6883d7ff-eb7d-4d07-8638-6b6c40527699,AES-256,CBC,10485760,2,12,encrypt,91227900,91227900,93750000,1.0276461477245449,0.0912279,114.94027594628398
6883d7ff-eb7d-4d07-8638-6b6c40527699,AES-256,CBC,10485760,2,12,decrypt,65148600,65148600,62500000,0.9593452507037756,0.0651486,160.95142489631397
6883d7ff-eb7d-4d07-8638-6b6c40527699,AES-128,CBC,10485760,3,12,encrypt,51445900,51445900,46875000,0.9111513259560042,0.0514459,203.82110139000386
6883d7ff-eb7d-4d07-8638-6b6c40527699,AES-128,CBC,10485760,3,12,decrypt,50573700,50573700,62500000,1.235820199036258,0.0505737,207.33622416394292
6883d7ff-eb7d-4d07-8638-6b6c40527699,AES-192,CBC,10485760,4,12,encrypt,58126200,58126200,46875000,0.8064349639233255,0.0581262,180.39644772925118
6883d7ff-eb7d-4d07-8638-6b6c40527699,AES-192,CBC,10485760,4,12,decrypt,55388800,55388800,46875000,0.8462902247385753,0.0553888,189.31191865503496
6883d7ff-eb7d-4d07-8638-6b6c40527699,3DES,CBC,10485760,0,13,encrypt,342256100,342256100,343750000,1.0043648601149842,0.3422561,30.637174910834315
6883d7ff-eb7d-4d07-8638-6b6c40527699,3DES,CBC,10485760,0,13,decrypt,333510400,333510400,343750000,1.0307024908368674,0.3335104,31.440578764560264
6883d7ff-eb7d-4d07-8638-6b6c40527699,AES-128,CBC,10485760,1,13,encrypt,55240100,55240100,31250000,0.565712227168307,0.0552401,189.82152458087512
6883d7ff-eb7d-4d07-8638-6b6c40527699,AES-128,CBC,10485760,1,13,decrypt,48645700,48645700,46875000,0.9636000715376694,0.0486457,215.55368717070573
6883d7ff-eb7d-4d07-8638-6b6c40527699,AES-192,CBC,10485760,2,13,encrypt,53427300,53427300,46875000,0.8773604505561763,0.0534273,196.26221051784387
6883d7ff-eb7d-4d07-8638-6b6c40527699,AES-192,CBC,10485760,2,13,decrypt,56494200,56494200,62500000,1.1063082581928765,0.0564942,185.6077261028566
6883d7ff-eb7d-4d07-8638-6b6c40527699,AES-256,CBC,10485760,3,13,encrypt,67101500,67101500,62500000,0.9314247818603161,0.0671015,156.26714753023404
6883d7ff-eb7d-4d07-8638-6b6c40527699,AES-256,CBC,10485760,3,13,decrypt,82629600,82629600,78125000,0.9454844268881853,0.0826296,126.90077163631435
6883d7ff-eb7d-4d07-8638-6b6c40527699,DES,CBC,10485760,4,13,encrypt,131362600,131362600,109375000,0.8326190255064988,0.1313626,79.82302420932594
6883d7ff-eb7d-4d07-8638-6b6c40527699,DES,CBC,10485760,4,13,decrypt,116998800,116998800,109375000,0.9348386479177564,0.1169988,89.62279955008086
6883d7ff-eb7d-4d07-8638-6b6c40527699,AES-128,CBC,10485760,0,14,encrypt,54761800,54761800,46875000,0.8559798983963274,0.0547618,191.47946196070984
6883d7ff-eb7d-4d07-8638-6b6c40527699,AES-128,CBC,10485760,0,14,decrypt,48191200,48191200,46875000,0.9726879596274839,0.0481912,217.58661332359435
6883d7ff-eb7d-4d07-8638-6b6c40527699,AES-256,CBC,10485760,1,14,encrypt,61721000,61721000,62500000,1.0126213120331815,0.061721,169.88966478184088
6883d7ff-eb7d-4d07-8638-6b6c40527699,AES-256,CBC,10485760,1,14,decrypt,63831400,63831400,62500000,0.9791419270139774,0.0638314,164.27275604169733
6883d7ff-eb7d-4d07-8638-6b6c40527699,3DES,CBC,10485760,2,14,encrypt,352520400,352520400,343750000,0.9751208724374533,0.3525204,29.745115459984728
6883d7ff-eb7d-4d07-8638-6b6c40527699,3DES,CBC,10485760,2,14,decrypt,317770300,317770300,328125000,1.0325854870640838,0.3177703,32.99792334274159
6883d7ff-eb7d-4d07-8638-6b6c40527699,AES-192,CBC,10485760,3,14,encrypt,53610300,53610300,46875000,0.8743655603494105,0.0536103,195.59226491924127
6883d7ff-eb7d-4d07-8638-6b6c40527699,AES-192,CBC,10485760,3,14,decrypt,54985500,54985500,62500000,1.1366633021432924,0.0549855,190.70045739331277
6883d7ff-eb7d-4d07-8638-6b6c40527699,DES,CBC,10485760,4,14,encrypt,122377000,122377000,125000000,1.021433766148868,0.122377,85.68407462186522
6883d7ff-eb7d-4d07-8638-6b6c40527699,DES,CBC,10485760,4,14,decrypt,129210800,129210800,125000000,0.9674113928557055,0.1292108,81.15234949400515
6883d7ff-eb7d-4d07-8638-6b6c40527699,AES-256,CBC,10485760,0,15,encrypt,65225200,65225200,62500000,0.9582186026259789,0.0652252,160.76240471474216
6883d7ff-eb7d-4d07-8638-6b6c40527699,AES-256,CBC,10485760,0,15,decrypt,63696600,63696600,62500000,0.981214067940832,0.0636966,164.62040360082014
6883d7ff-eb7d-4d07-8638-6b6c40527699,DES,CBC,10485760,1,15,encrypt,122502300,122502300,125000000,1.0203890049411317,0.1225023,85.59643369961218
6883d7ff-eb7d-4d07-8638-6b6c40527699,DES,CBC,10485760,1,15,decrypt,118135700,118135700,125000000,1.058105212903466,0.1181357,88.76029853803719
6883d7ff-eb7d-4d07-8638-6b6c40527699,3DES,CBC,10485760,2,15,encrypt,325053200,325053200,328125000,1.0094501453915852,0.3250532,32.25859643898291
6883d7ff-eb7d-4d07-8638-6b6c40527699,3DES,CBC,10485760,2,15,decrypt,316169900,316169900,312500000,0.9883926332013262,0.3161699,33.16495340005484
6883d7ff-eb7d-4d07-8638-6b6c40527699,AES-128,CBC,10485760,3,15,encrypt,47992700,47992700,46875000,0.9767110414708904,0.0479927,218.48656149789448
6883d7ff-eb7d-4d07-8638-6b6c40527699,AES-128,CBC,10485760,3,15,decrypt,48883900,48883900,46875000,0.9589046700447387,0.0488839,214.50334363665746
6883d7ff-eb7d-4d07-8638-6b6c40527699,AES-192,CBC,10485760,4,15,encrypt,56015600,56015600,46875000,0.8368204571583631,0.0560156,187.1935675061947
6883d7ff-eb7d-4d07-8638-6b6c40527699,AES-192,CBC,10485760,4,15,decrypt,63628100,63628100,62500000,0.982270411972069,0.0636281,164.79762872064387
6883d7ff-eb7d-4d07-8638-6b6c40527699,AES-192,CBC,10485760,0,16,encrypt,55386300,55386300,62500000,1.1284378989027972,0.0553863,189.32046372478393
6883d7ff-eb7d-4d07-8638-6b6c40527699,AES-192,CBC,10485760,0,16,decrypt,54498400,54498400,46875000,0.8601169942603819,0.0544984,192.40491463969585
6883d7ff-eb7d-4d07-8638-6b6c40527699,DES,CBC,10485760,1,16,encrypt,120017100,120017100,109375000,0.9113284690264971,0.1200171,87.36888326746772
6883d7ff-eb7d-4d07-8638-6b6c40527699,DES,CBC,10485760,1,16,decrypt,123953400,123953400,125000000,1.0084434957008037,0.1239534,84.59437175583727
6883d7ff-eb7d-4d07-8638-6b6c40527699,3DES,CBC,10485760,2,16,encrypt,323019800,323019800,328125000,1.0158046039283042,0.3230198,32.461663340761156
6883d7ff-eb7d-4d07-8638-6b6c40527699,3DES,CBC,10485760,2,16,decrypt,339481300,339481300,343750000,1.0125741830256925,0.3394813,30.887592335719226
6883d7ff-eb7d-4d07-8638-6b6c40527699,AES-128,CBC,10485760,3,16,encrypt,47863100,47863100,46875000,0.9793557040810144,0.0478631,219.07816250932348
6883d7ff-eb7d-4d07-8638-6b6c40527699,AES-128,CBC,10485760,3,16,decrypt,47836200,47836200,46875000,0.9799064306947458,0.0478362,219.2013579673971
6883d7ff-eb7d-4d07-8638-6b6c40527699,AES-256,CBC,10485760,4,16,encrypt,67375300,67375300,78125000,1.1595495678683434,0.0673753,155.63210850267086
6883d7ff-eb7d-4d07-8638-6b6c40527699,AES-256,CBC,10485760,4,16,decrypt,86243500,86243500,78125000,0.9058653695640831,0.0862435,121.58319177677159
6883d7ff-eb7d-4d07-8638-6b6c40527699,AES-256,CBC,10485760,0,17,encrypt,61519300,61519300,62500000,1.0159413387343483,0.0615193,170.4466728327533
6883d7ff-eb7d-4d07-8638-6b6c40527699,AES-256,CBC,10485760,0,17,decrypt,71244000,71244000,78125000,1.0965835719499186,0.071244,147.18095558924261
6883d7ff-eb7d-4d07-8638-6b6c40527699,AES-192,CBC,10485760,1,17,encrypt,57396400,57396400,62500000,1.0889184687541378,0.0573964,182.69020356677422
6883d7ff-eb7d-4d07-8638-6b6c40527699,AES-192,CBC,10485760,1,17,decrypt,54880500,54880500,46875000,0.8541285155929702,0.0548805,191.0653146381684
6883d7ff-eb7d-4d07-8638-6b6c40527699,AES-128,CBC,10485760,2,17,encrypt,48179700,48179700,46875000,0.9729201302623304,0.0481797,217.6385490154567
6883d7ff-eb7d-4d07-8638-6b6c40527699,AES-128,CBC,10485760,2,17,decrypt,49709800,49709800,62500000,1.2572973538416972,0.0497098,210.93949281630583
6883d7ff-eb7d-4d07-8638-6b6c40527699,3DES,CBC,10485760,3,17,encrypt,333771300,333771300,328125000,0.9830833268168953,0.3337713,31.416002514296466
6883d7ff-eb7d-4d07-8638-6b6c40527699,3DES,CBC,10485760,3,17,decrypt,341806800,341806800,343750000,1.0056850829181865,0.3418068,30.677447025629682
6883d7ff-eb7d-4d07-8638-6b6c40527699,DES,CBC,10485760,4,17,encrypt,129838700,129838700,125000000,0.9627329910111546,0.1298387,80.759896702601
6883d7ff-eb7d-4d07-8638-6b6c40527699,DES,CBC,10485760,4,17,decrypt,117718300,117718300,125000000,1.0618569924981927,0.1177183,89.0750206212628
6883d7ff-eb7d-4d07-8638-6b6c40527699,3DES,CBC,10485760,0,18,encrypt,328413400,328413400,328125000,0.9991218385120705,0.3284134,31.928538847684045
6883d7ff-eb7d-4d07-8638-6b6c40527699,3DES,CBC,10485760,0,18,decrypt,318284200,318284200,328125000,1.0309182799523193,0.3182842,32.94464506877816
6883d7ff-eb7d-4d07-8638-6b6c40527699,DES,CBC,10485760,1,18,encrypt,120017100,120017100,109375000,0.9113284690264971,0.1200171,87.36888326746772
6883d7ff-eb7d-4d07-8638-6b6c40527699,DES,CBC,10485760,1,18,decrypt,116858200,116858200,125000000,1.0696724748455821,0.1168582,89.73063079869449
6883d7ff-eb7d-4d07-8638-6b6c40527699,AES-128,CBC,10485760,2,18,encrypt,47384000,47384000,46875000,0.9892579773763296,0.047384,221.29326354887726
6883d7ff-eb7d-4d07-8638-6b6c40527699,AES-128,CBC,10485760,2,18,decrypt,51205200,51205200,46875000,0.9154343699468023,0.0512052,204.77920211228547
6883d7ff-eb7d-4d07-8638-6b6c40527699,AES-256,CBC,10485760,3,18,encrypt,62005300,62005300,62500000,1.0079783502378024,0.0620053,169.1107050526326
6883d7ff-eb7d-4d07-8638-6b6c40527699,AES-256,CBC,10485760,3,18,decrypt,72747600,72747600,78125000,1.0739185897541637,0.0727476,144.13891317376792
6883d7ff-eb7d-4d07-8638-6b6c40527699,AES-192,CBC,10485760,4,18,encrypt,55475100,55475100,62500000,1.1266315878655468,0.0554751,189.0174150204326
6883d7ff-eb7d-4d07-8638-6b6c40527699,AES-192,CBC,10485760,4,18,decrypt,55890900,55890900,46875000,0.8386875144254252,0.0558909,187.611221146913
6883d7ff-eb7d-4d07-8638-6b6c40527699,DES,CBC,10485760,0,19,encrypt,122329200,122329200,109375000,0.8941037789832681,0.1223292,85.71755557953456
6883d7ff-eb7d-4d07-8638-6b6c40527699,DES,CBC,10485760,0,19,decrypt,118194500,118194500,125000000,1.0575788213495552,0.1181945,88.7161416140345
6883d7ff-eb7d-4d07-8638-6b6c40527699,AES-256,CBC,10485760,1,19,encrypt,61349700,61349700,62500000,1.0187498879375123,0.0613497,170.91786919903439
6883d7ff-eb7d-4d07-8638-6b6c40527699,AES-256,CBC,10485760,1,19,decrypt,61480500,61480500,62500000,1.0165824936361936,0.0614805,170.55424077553045
6883d7ff-eb7d-4d07-8638-6b6c40527699,3DES,CBC,10485760,2,19,encrypt,321437200,321437200,328125000,1.020805930365247,0.3214372,32.621488738702304
6883d7ff-eb7d-4d07-8638-6b6c40527699,3DES,CBC,10485760,2,19,decrypt,328590100,328590100,312500000,0.9510329130427241,0.3285901,31.911369210453998
6883d7ff-eb7d-4d07-8638-6b6c40527699,AES-192,CBC,10485760,3,19,encrypt,53409100,53409100,46875000,0.8776594250792468,0.0534091,196.32908998653787
6883d7ff-eb7d-4d07-8638-6b6c40527699,AES-192,CBC,10485760,3,19,decrypt,54668500,54668500,62500000,1.1432543420799912,0.0546685,191.80625040013902
6883d7ff-eb7d-4d07-8638-6b6c40527699,AES-128,CBC,10485760,4,19,encrypt,46726100,46726100,46875000,1.0031866558518687,0.0467261,224.40905618059287
6883d7ff-eb7d-4d07-8638-6b6c40527699,AES-128,CBC,10485760,4,19,decrypt,46727500,46727500,46875000,1.0031565994328822,0.0467275,224.4023326734792
6883d7ff-eb7d-4d07-8638-6b6c40527699,AES-128,CBC,1024,0,0,encrypt,6700,6700,0,0.0,6.7e-06,152.83582089552237
6883d7ff-eb7d-4d07-8638-6b6c40527699,AES-128,CBC,1024,0,0,decrypt,6400,6400,0,0.0,6.4e-06,160.0
6883d7ff-eb7d-4d07-8638-6b6c40527699,DES,CBC,1024,1,0,encrypt,14400,14400,0,0.0,1.44e-05,71.11111111111111
6883d7ff-eb7d-4d07-8638-6b6c40527699,DES,CBC,1024,1,0,decrypt,13300,13300,0,0.0,1.33e-05,76.99248120300751
6883d7ff-eb7d-4d07-8638-6b6c40527699,AES-256,CBC,1024,2,0,encrypt,8100,8100,0,0.0,8.1e-06,126.41975308641975
6883d7ff-eb7d-4d07-8638-6b6c40527699,AES-256,CBC,1024,2,0,decrypt,7800,7800,0,0.0,7.8e-06,131.28205128205127
6883d7ff-eb7d-4d07-8638-6b6c40527699,AES-192,CBC,1024,3,0,encrypt,7200,7200,0,0.0,7.2e-06,142.22222222222223
6883d7ff-eb7d-4d07-8638-6b6c40527699,AES-192,CBC,1024,3,0,decrypt,7000,7000,0,0.0,7e-06,146.28571428571428
6883d7ff-eb7d-4d07-8638-6b6c40527699,3DES,CBC,1024,4,0,encrypt,35200,35200,0,0.0,3.52e-05,29.09090909090909
6883d7ff-eb7d-4d07-8638-6b6c40527699,3DES,CBC,1024,4,0,decrypt,33300,33300,0,0.0,3.33e-05,30.75075075075075
6883d7ff-eb7d-4d07-8638-6b6c40527699,AES-128,CBC,1024,0,1,encrypt,7300,7300,0,0.0,7.3e-06,140.27397260273972
6883d7ff-eb7d-4d07-8638-6b6c40527699,AES-128,CBC,1024,0,1,decrypt,6400,6400,0,0.0,6.4e-06,160.0
6883d7ff-eb7d-4d07-8638-6b6c40527699,AES-256,CBC,1024,1,1,encrypt,7900,7900,0,0.0,7.9e-06,129.62025316455697
6883d7ff-eb7d-4d07-8638-6b6c40527699,AES-256,CBC,1024,1,1,decrypt,7800,7800,0,0.0,7.8e-06,131.28205128205127
6883d7ff-eb7d-4d07-8638-6b6c40527699,3DES,CBC,1024,2,1,encrypt,34700,34700,0,0.0,3.47e-05,29.51008645533141
6883d7ff-eb7d-4d07-8638-6b6c40527699,3DES,CBC,1024,2,1,decrypt,33600,33600,0,0.0,3.36e-05,30.476190476190474
6883d7ff-eb7d-4d07-8638-6b6c40527699,DES,CBC,1024,3,1,encrypt,14900,14900,0,0.0,1.49e-05,68.7248322147651
6883d7ff-eb7d-4d07-8638-6b6c40527699,DES,CBC,1024,3,1,decrypt,13400,13400,0,0.0,1.34e-05,76.41791044776119
6883d7ff-eb7d-4d07-8638-6b6c40527699,AES-192,CBC,1024,4,1,encrypt,7400,7400,0,0.0,7.4e-06,138.3783783783784
6883d7ff-eb7d-4d07-8638-6b6c40527699,AES-192,CBC,1024,4,1,decrypt,7100,7100,0,0.0,7.1e-06,144.22535211267606
6883d7ff-eb7d-4d07-8638-6b6c40527699,AES-128,CBC,1024,0,2,encrypt,8000,8000,0,0.0,8e-06,128.0
6883d7ff-eb7d-4d07-8638-6b6c40527699,AES-128,CBC,1024,0,2,decrypt,6600,6600,0,0.0,6.6e-06,155.15151515151516
6883d7ff-eb7d-4d07-8638-6b6c40527699,DES,CBC,1024,1,2,encrypt,14600,14600,0,0.0,1.46e-05,70.13698630136986
6883d7ff-eb7d-4d07-8638-6b6c40527699,DES,CBC,1024,1,2,decrypt,13300,13300,0,0.0,1.33e-05,76.99248120300751
6883d7ff-eb7d-4d07-8638-6b6c40527699,3DES,CBC,1024,2,2,encrypt,34500,34500,0,0.0,3.45e-05,29.681159420289855
6883d7ff-eb7d-4d07-8638-6b6c40527699,3DES,CBC,1024,2,2,decrypt,33400,33400,0,0.0,3.34e-05,30.65868263473054
6883d7ff-eb7d-4d07-8638-6b6c40527699,AES-192,CBC,1024,3,2,encrypt,7300,7300,0,0.0,7.3e-06,140.27397260273972
6883d7ff-eb7d-4d07-8638-6b6c40527699,AES-192,CBC,1024,3,2,decrypt,7200,7200,0,0.0,7.2e-06,142.22222222222223
6883d7ff-eb7d-4d07-8638-6b6c40527699,AES-256,CBC,1024,4,2,encrypt,7900,7900,0,0.0,7.9e-06,129.62025316455697
6883d7ff-eb7d-4d07-8638-6b6c40527699,AES-256,CBC,1024,4,2,decrypt,7800,7800,0,0.0,7.8e-06,131.28205128205127
6883d7ff-eb7d-4d07-8638-6b6c40527699,AES-128,CBC,1024,0,3,encrypt,6700,6700,0,0.0,6.7e-06,152.83582089552237
6883d7ff-eb7d-4d07-8638-6b6c40527699,AES-128,CBC,1024,0,3,decrypt,6500,6500,0,0.0,6.5e-06,157.53846153846155
6883d7ff-eb7d-4d07-8638-6b6c40527699,AES-256,CBC,1024,1,3,encrypt,7900,7900,0,0.0,7.9e-06,129.62025316455697
6883d7ff-eb7d-4d07-8638-6b6c40527699,AES-256,CBC,1024,1,3,decrypt,7800,7800,0,0.0,7.8e-06,131.28205128205127
6883d7ff-eb7d-4d07-8638-6b6c40527699,AES-192,CBC,1024,2,3,encrypt,7200,7200,0,0.0,7.2e-06,142.22222222222223
6883d7ff-eb7d-4d07-8638-6b6c40527699,AES-192,CBC,1024,2,3,decrypt,7000,7000,0,0.0,7e-06,146.28571428571428
6883d7ff-eb7d-4d07-8638-6b6c40527699,3DES,CBC,1024,3,3,encrypt,34600,34600,0,0.0,3.46e-05,29.595375722543352
6883d7ff-eb7d-4d07-8638-6b6c40527699,3DES,CBC,1024,3,3,decrypt,33200,33200,0,0.0,3.32e-05,30.843373493975903
6883d7ff-eb7d-4d07-8638-6b6c40527699,DES,CBC,1024,4,3,encrypt,14600,14600,0,0.0,1.46e-05,70.13698630136986
6883d7ff-eb7d-4d07-8638-6b6c40527699,DES,CBC,1024,4,3,decrypt,13400,13400,0,0.0,1.34e-05,76.41791044776119
6883d7ff-eb7d-4d07-8638-6b6c40527699,DES,CBC,1024,0,4,encrypt,14400,14400,0,0.0,1.44e-05,71.11111111111111
6883d7ff-eb7d-4d07-8638-6b6c40527699,DES,CBC,1024,0,4,decrypt,13400,13400,0,0.0,1.34e-05,76.41791044776119
6883d7ff-eb7d-4d07-8638-6b6c40527699,AES-128,CBC,1024,1,4,encrypt,6800,6800,0,0.0,6.8e-06,150.58823529411765
6883d7ff-eb7d-4d07-8638-6b6c40527699,AES-128,CBC,1024,1,4,decrypt,6400,6400,0,0.0,6.4e-06,160.0
6883d7ff-eb7d-4d07-8638-6b6c40527699,3DES,CBC,1024,2,4,encrypt,34500,34500,0,0.0,3.45e-05,29.681159420289855
6883d7ff-eb7d-4d07-8638-6b6c40527699,3DES,CBC,1024,2,4,decrypt,33300,33300,0,0.0,3.33e-05,30.75075075075075
6883d7ff-eb7d-4d07-8638-6b6c40527699,AES-192,CBC,1024,3,4,encrypt,7500,7500,0,0.0,7.5e-06,136.53333333333333
6883d7ff-eb7d-4d07-8638-6b6c40527699,AES-192,CBC,1024,3,4,decrypt,7000,7000,0,0.0,7e-06,146.28571428571428
6883d7ff-eb7d-4d07-8638-6b6c40527699,AES-256,CBC,1024,4,4,encrypt,7900,7900,0,0.0,7.9e-06,129.62025316455697
6883d7ff-eb7d-4d07-8638-6b6c40527699,AES-256,CBC,1024,4,4,decrypt,7700,7700,0,0.0,7.7e-06,132.98701298701297
6883d7ff-eb7d-4d07-8638-6b6c40527699,AES-192,CBC,1024,0,5,encrypt,7200,7200,0,0.0,7.2e-06,142.22222222222223
6883d7ff-eb7d-4d07-8638-6b6c40527699,AES-192,CBC,1024,0,5,decrypt,6900,6900,0,0.0,6.9e-06,148.40579710144928
6883d7ff-eb7d-4d07-8638-6b6c40527699,AES-256,CBC,1024,1,5,encrypt,7900,7900,0,0.0,7.9e-06,129.62025316455697
6883d7ff-eb7d-4d07-8638-6b6c40527699,AES-256,CBC,1024,1,5,decrypt,7800,7800,0,0.0,7.8e-06,131.28205128205127
6883d7ff-eb7d-4d07-8638-6b6c40527699,DES,CBC,1024,2,5,encrypt,14500,14500,0,0.0,1.45e-05,70.62068965517241
6883d7ff-eb7d-4d07-8638-6b6c40527699,DES,CBC,1024,2,5,decrypt,13300,13300,0,0.0,1.33e-05,76.99248120300751
6883d7ff-eb7d-4d07-8638-6b6c40527699,AES-128,CBC,1024,3,5,encrypt,6500,6500,0,0.0,6.5e-06,157.53846153846155
6883d7ff-eb7d-4d07-8638-6b6c40527699,AES-128,CBC,1024,3,5,decrypt,6500,6500,0,0.0,6.5e-06,157.53846153846155
6883d7ff-eb7d-4d07-8638-6b6c40527699,3DES,CBC,1024,4,5,encrypt,34500,34500,0,0.0,3.45e-05,29.681159420289855
6883d7ff-eb7d-4d07-8638-6b6c40527699,3DES,CBC,1024,4,5,decrypt,33300,33300,0,0.0,3.33e-05,30.75075075075075
6883d7ff-eb7d-4d07-8638-6b6c40527699,DES,CBC,1024,0,6,encrypt,14900,14900,0,0.0,1.49e-05,68.7248322147651
6883d7ff-eb7d-4d07-8638-6b6c40527699,DES,CBC,1024,0,6,decrypt,13400,13400,0,0.0,1.34e-05,76.41791044776119
6883d7ff-eb7d-4d07-8638-6b6c40527699,3DES,CBC,1024,1,6,encrypt,34800,34800,0,0.0,3.48e-05,29.42528735632184
6883d7ff-eb7d-4d07-8638-6b6c40527699,3DES,CBC,1024,1,6,decrypt,33300,33300,0,0.0,3.33e-05,30.75075075075075
6883d7ff-eb7d-4d07-8638-6b6c40527699,AES-256,CBC,1024,2,6,encrypt,8200,8200,0,0.0,8.2e-06,124.8780487804878
6883d7ff-eb7d-4d07-8638-6b6c40527699,AES-256,CBC,1024,2,6,decrypt,7800,7800,0,0.0,7.8e-06,131.28205128205127
6883d7ff-eb7d-4d07-8638-6b6c40527699,AES-192,CBC,1024,3,6,encrypt,7200,7200,0,0.0,7.2e-06,142.22222222222223
6883d7ff-eb7d-4d07-8638-6b6c40527699,AES-192,CBC,1024,3,6,decrypt,6900,6900,0,0.0,6.9e-06,148.40579710144928
6883d7ff-eb7d-4d07-8638-6b6c40527699,AES-128,CBC,1024,4,6,encrypt,6600,6600,0,0.0,6.6e-06,155.15151515151516
6883d7ff-eb7d-4d07-8638-6b6c40527699,AES-128,CBC,1024,4,6,decrypt,6400,6400,0,0.0,6.4e-06,160.0
6883d7ff-eb7d-4d07-8638-6b6c40527699,AES-192,CBC,1024,0,7,encrypt,7300,7300,0,0.0,7.3e-06,140.27397260273972
6883d7ff-eb7d-4d07-8638-6b6c40527699,AES-192,CBC,1024,0,7,decrypt,7100,7100,0,0.0,7.1e-06,144.22535211267606
6883d7ff-eb7d-4d07-8638-6b6c40527699,3DES,CBC,1024,1,7,encrypt,34400,34400,0,0.0,3.44e-05,29.767441860465116
6883d7ff-eb7d-4d07-8638-6b6c40527699,3DES,CBC,1024,1,7,decrypt,33200,33200,0,0.0,3.32e-05,30.843373493975903
6883d7ff-eb7d-4d07-8638-6b6c40527699,AES-256,CBC,1024,2,7,encrypt,8000,8000,0,0.0,8e-06,128.0
6883d7ff-eb7d-4d07-8638-6b6c40527699,AES-256,CBC,1024,2,7,decrypt,7900,7900,0,0.0,7.9e-06,129.62025316455697
6883d7ff-eb7d-4d07-8638-6b6c40527699,AES-128,CBC,1024,3,7,encrypt,6600,6600,0,0.0,6.6e-06,155.15151515151516
6883d7ff-eb7d-4d07-8638-6b6c40527699,AES-128,CBC,1024,3,7,decrypt,6400,6400,0,0.0,6.4e-06,160.0
6883d7ff-eb7d-4d07-8638-6b6c40527699,DES,CBC,1024,4,7,encrypt,14600,14600,0,0.0,1.46e-05,70.13698630136986
6883d7ff-eb7d-4d07-8638-6b6c40527699,DES,CBC,1024,4,7,decrypt,13600,13600,0,0.0,1.36e-05,75.29411764705883
6883d7ff-eb7d-4d07-8638-6b6c40527699,AES-256,CBC,1024,0,8,encrypt,8100,8100,0,0.0,8.1e-06,126.41975308641975
6883d7ff-eb7d-4d07-8638-6b6c40527699,AES-256,CBC,1024,0,8,decrypt,7700,7700,0,0.0,7.7e-06,132.98701298701297
6883d7ff-eb7d-4d07-8638-6b6c40527699,DES,CBC,1024,1,8,encrypt,14400,14400,0,0.0,1.44e-05,71.11111111111111
6883d7ff-eb7d-4d07-8638-6b6c40527699,DES,CBC,1024,1,8,decrypt,13200,13200,0,0.0,1.32e-05,77.57575757575758
6883d7ff-eb7d-4d07-8638-6b6c40527699,3DES,CBC,1024,2,8,encrypt,34700,34700,0,0.0,3.47e-05,29.51008645533141
6883d7ff-eb7d-4d07-8638-6b6c40527699,3DES,CBC,1024,2,8,decrypt,33300,33300,0,0.0,3.33e-05,30.75075075075075
6883d7ff-eb7d-4d07-8638-6b6c40527699,AES-128,CBC,1024,3,8,encrypt,6900,6900,0,0.0,6.9e-06,148.40579710144928
6883d7ff-eb7d-4d07-8638-6b6c40527699,AES-128,CBC,1024,3,8,decrypt,6400,6400,0,0.0,6.4e-06,160.0
6883d7ff-eb7d-4d07-8638-6b6c40527699,AES-192,CBC,1024,4,8,encrypt,7200,7200,0,0.0,7.2e-06,142.22222222222223
6883d7ff-eb7d-4d07-8638-6b6c40527699,AES-192,CBC,1024,4,8,decrypt,7000,7000,0,0.0,7e-06,146.28571428571428
6883d7ff-eb7d-4d07-8638-6b6c40527699,DES,CBC,1024,0,9,encrypt,14400,14400,0,0.0,1.44e-05,71.11111111111111
6883d7ff-eb7d-4d07-8638-6b6c40527699,DES,CBC,1024,0,9,decrypt,13400,13400,0,0.0,1.34e-05,76.41791044776119
6883d7ff-eb7d-4d07-8638-6b6c40527699,AES-128,CBC,1024,1,9,encrypt,6600,6600,0,0.0,6.6e-06,155.15151515151516
6883d7ff-eb7d-4d07-8638-6b6c40527699,AES-128,CBC,1024,1,9,decrypt,6400,6400,0,0.0,6.4e-06,160.0
6883d7ff-eb7d-4d07-8638-6b6c40527699,3DES,CBC,1024,2,9,encrypt,34700,34700,0,0.0,3.47e-05,29.51008645533141
6883d7ff-eb7d-4d07-8638-6b6c40527699,3DES,CBC,1024,2,9,decrypt,33400,33400,0,0.0,3.34e-05,30.65868263473054
6883d7ff-eb7d-4d07-8638-6b6c40527699,AES-192,CBC,1024,3,9,encrypt,7300,7300,0,0.0,7.3e-06,140.27397260273972
6883d7ff-eb7d-4d07-8638-6b6c40527699,AES-192,CBC,1024,3,9,decrypt,7200,7200,0,0.0,7.2e-06,142.22222222222223
6883d7ff-eb7d-4d07-8638-6b6c40527699,AES-256,CBC,1024,4,9,encrypt,8000,8000,0,0.0,8e-06,128.0
6883d7ff-eb7d-4d07-8638-6b6c40527699,AES-256,CBC,1024,4,9,decrypt,7700,7700,0,0.0,7.7e-06,132.98701298701297
6883d7ff-eb7d-4d07-8638-6b6c40527699,AES-128,CBC,1024,0,10,encrypt,6700,6700,0,0.0,6.7e-06,152.83582089552237
6883d7ff-eb7d-4d07-8638-6b6c40527699,AES-128,CBC,1024,0,10,decrypt,6400,6400,0,0.0,6.4e-06,160.0
6883d7ff-eb7d-4d07-8638-6b6c40527699,AES-192,CBC,1024,1,10,encrypt,28500,28500,0,0.0,2.85e-05,35.92982456140351
6883d7ff-eb7d-4d07-8638-6b6c40527699,AES-192,CBC,1024,1,10,decrypt,7600,7600,0,0.0,7.6e-06,134.73684210526315
6883d7ff-eb7d-4d07-8638-6b6c40527699,3DES,CBC,1024,2,10,encrypt,35400,35400,0,0.0,3.54e-05,28.926553672316384
6883d7ff-eb7d-4d07-8638-6b6c40527699,3DES,CBC,1024,2,10,decrypt,33700,33700,0,0.0,3.37e-05,30.385756676557865
6883d7ff-eb7d-4d07-8638-6b6c40527699,DES,CBC,1024,3,10,encrypt,15200,15200,0,0.0,1.52e-05,67.36842105263158
6883d7ff-eb7d-4d07-8638-6b6c40527699,DES,CBC,1024,3,10,decrypt,13500,13500,0,0.0,1.35e-05,75.85185185185185
6883d7ff-eb7d-4d07-8638-6b6c40527699,AES-256,CBC,1024,4,10,encrypt,8300,8300,0,0.0,8.3e-06,123.37349397590361
6883d7ff-eb7d-4d07-8638-6b6c40527699,AES-256,CBC,1024,4,10,decrypt,8100,8100,0,0.0,8.1e-06,126.41975308641975
6883d7ff-eb7d-4d07-8638-6b6c40527699,AES-256,CBC,1024,0,11,encrypt,8300,8300,0,0.0,8.3e-06,123.37349397590361
6883d7ff-eb7d-4d07-8638-6b6c40527699,AES-256,CBC,1024,0,11,decrypt,7800,7800,0,0.0,7.8e-06,131.28205128205127
6883d7ff-eb7d-4d07-8638-6b6c40527699,DES,CBC,1024,1,11,encrypt,14500,14500,0,0.0,1.45e-05,70.62068965517241
6883d7ff-eb7d-4d07-8638-6b6c40527699,DES,CBC,1024,1,11,decrypt,13400,13400,0,0.0,1.34e-05,76.41791044776119
6883d7ff-eb7d-4d07-8638-6b6c40527699,3DES,CBC,1024,2,11,encrypt,34600,34600,0,0.0,3.46e-05,29.595375722543352
6883d7ff-eb7d-4d07-8638-6b6c40527699,3DES,CBC,1024,2,11,decrypt,33300,33300,0,0.0,3.33e-05,30.75075075075075
6883d7ff-eb7d-4d07-8638-6b6c40527699,AES-192,CBC,1024,3,11,encrypt,7500,7500,0,0.0,7.5e-06,136.53333333333333
6883d7ff-eb7d-4d07-8638-6b6c40527699,AES-192,CBC,1024,3,11,decrypt,7200,7200,0,0.0,7.2e-06,142.22222222222223
6883d7ff-eb7d-4d07-8638-6b6c40527699,AES-128,CBC,1024,4,11,encrypt,6700,6700,0,0.0,6.7e-06,152.83582089552237
6883d7ff-eb7d-4d07-8638-6b6c40527699,AES-128,CBC,1024,4,11,decrypt,6500,6500,0,0.0,6.5e-06,157.53846153846155
6883d7ff-eb7d-4d07-8638-6b6c40527699,AES-256,CBC,1024,0,12,encrypt,8000,8000,0,0.0,8e-06,128.0
6883d7ff-eb7d-4d07-8638-6b6c40527699,AES-256,CBC,1024,0,12,decrypt,7800,7800,0,0.0,7.8e-06,131.28205128205127
6883d7ff-eb7d-4d07-8638-6b6c40527699,3DES,CBC,1024,1,12,encrypt,34600,34600,0,0.0,3.46e-05,29.595375722543352
6883d7ff-eb7d-4d07-8638-6b6c40527699,3DES,CBC,1024,1,12,decrypt,33200,33200,0,0.0,3.32e-05,30.843373493975903
6883d7ff-eb7d-4d07-8638-6b6c40527699,AES-192,CBC,1024,2,12,encrypt,7500,7500,0,0.0,7.5e-06,136.53333333333333
6883d7ff-eb7d-4d07-8638-6b6c40527699,AES-192,CBC,1024,2,12,decrypt,7000,7000,0,0.0,7e-06,146.28571428571428
6883d7ff-eb7d-4d07-8638-6b6c40527699,AES-128,CBC,1024,3,12,encrypt,6600,6600,0,0.0,6.6e-06,155.15151515151516
6883d7ff-eb7d-4d07-8638-6b6c40527699,AES-128,CBC,1024,3,12,decrypt,6300,6300,0,0.0,6.3e-06,162.53968253968253
6883d7ff-eb7d-4d07-8638-6b6c40527699,DES,CBC,1024,4,12,encrypt,14500,14500,0,0.0,1.45e-05,70.62068965517241
6883d7ff-eb7d-4d07-8638-6b6c40527699,DES,CBC,1024,4,12,decrypt,13300,13300,0,0.0,1.33e-05,76.99248120300751
6883d7ff-eb7d-4d07-8638-6b6c40527699,3DES,CBC,1024,0,13,encrypt,34500,34500,0,0.0,3.45e-05,29.681159420289855
6883d7ff-eb7d-4d07-8638-6b6c40527699,3DES,CBC,1024,0,13,decrypt,33200,33200,0,0.0,3.32e-05,30.843373493975903
6883d7ff-eb7d-4d07-8638-6b6c40527699,AES-192,CBC,1024,1,13,encrypt,7400,7400,0,0.0,7.4e-06,138.3783783783784
6883d7ff-eb7d-4d07-8638-6b6c40527699,AES-192,CBC,1024,1,13,decrypt,7100,7100,0,0.0,7.1e-06,144.22535211267606
6883d7ff-eb7d-4d07-8638-6b6c40527699,AES-128,CBC,1024,2,13,encrypt,6700,6700,0,0.0,6.7e-06,152.83582089552237
6883d7ff-eb7d-4d07-8638-6b6c40527699,AES-128,CBC,1024,2,13,decrypt,6400,6400,0,0.0,6.4e-06,160.0
6883d7ff-eb7d-4d07-8638-6b6c40527699,DES,CBC,1024,3,13,encrypt,14500,14500,0,0.0,1.45e-05,70.62068965517241
6883d7ff-eb7d-4d07-8638-6b6c40527699,DES,CBC,1024,3,13,decrypt,13300,13300,0,0.0,1.33e-05,76.99248120300751
6883d7ff-eb7d-4d07-8638-6b6c40527699,AES-256,CBC,1024,4,13,encrypt,8100,8100,0,0.0,8.1e-06,126.41975308641975
6883d7ff-eb7d-4d07-8638-6b6c40527699,AES-256,CBC,1024,4,13,decrypt,7700,7700,0,0.0,7.7e-06,132.98701298701297
6883d7ff-eb7d-4d07-8638-6b6c40527699,AES-256,CBC,1024,0,14,encrypt,7900,7900,0,0.0,7.9e-06,129.62025316455697
6883d7ff-eb7d-4d07-8638-6b6c40527699,AES-256,CBC,1024,0,14,decrypt,7600,7600,0,0.0,7.6e-06,134.73684210526315
6883d7ff-eb7d-4d07-8638-6b6c40527699,AES-128,CBC,1024,1,14,encrypt,6600,6600,0,0.0,6.6e-06,155.15151515151516
6883d7ff-eb7d-4d07-8638-6b6c40527699,AES-128,CBC,1024,1,14,decrypt,6400,6400,0,0.0,6.4e-06,160.0
6883d7ff-eb7d-4d07-8638-6b6c40527699,AES-192,CBC,1024,2,14,encrypt,7200,7200,0,0.0,7.2e-06,142.22222222222223
6883d7ff-eb7d-4d07-8638-6b6c40527699,AES-192,CBC,1024,2,14,decrypt,7200,7200,0,0.0,7.2e-06,142.22222222222223
6883d7ff-eb7d-4d07-8638-6b6c40527699,DES,CBC,1024,3,14,encrypt,14500,14500,0,0.0,1.45e-05,70.62068965517241
6883d7ff-eb7d-4d07-8638-6b6c40527699,DES,CBC,1024,3,14,decrypt,13200,13200,0,0.0,1.32e-05,77.57575757575758
6883d7ff-eb7d-4d07-8638-6b6c40527699,3DES,CBC,1024,4,14,encrypt,34600,34600,0,0.0,3.46e-05,29.595375722543352
6883d7ff-eb7d-4d07-8638-6b6c40527699,3DES,CBC,1024,4,14,decrypt,33300,33300,0,0.0,3.33e-05,30.75075075075075
6883d7ff-eb7d-4d07-8638-6b6c40527699,AES-192,CBC,1024,0,15,encrypt,7500,7500,0,0.0,7.5e-06,136.53333333333333
6883d7ff-eb7d-4d07-8638-6b6c40527699,AES-192,CBC,1024,0,15,decrypt,7000,7000,0,0.0,7e-06,146.28571428571428
6883d7ff-eb7d-4d07-8638-6b6c40527699,3DES,CBC,1024,1,15,encrypt,34400,34400,0,0.0,3.44e-05,29.767441860465116
6883d7ff-eb7d-4d07-8638-6b6c40527699,3DES,CBC,1024,1,15,decrypt,33200,33200,0,0.0,3.32e-05,30.843373493975903
6883d7ff-eb7d-4d07-8638-6b6c40527699,DES,CBC,1024,2,15,encrypt,14600,14600,0,0.0,1.46e-05,70.13698630136986
6883d7ff-eb7d-4d07-8638-6b6c40527699,DES,CBC,1024,2,15,decrypt,13300,13300,0,0.0,1.33e-05,76.99248120300751
6883d7ff-eb7d-4d07-8638-6b6c40527699,AES-128,CBC,1024,3,15,encrypt,6900,6900,0,0.0,6.9e-06,148.40579710144928
6883d7ff-eb7d-4d07-8638-6b6c40527699,AES-128,CBC,1024,3,15,decrypt,6400,6400,0,0.0,6.4e-06,160.0
6883d7ff-eb7d-4d07-8638-6b6c40527699,AES-256,CBC,1024,4,15,encrypt,7900,7900,0,0.0,7.9e-06,129.62025316455697
6883d7ff-eb7d-4d07-8638-6b6c40527699,AES-256,CBC,1024,4,15,decrypt,7700,7700,0,0.0,7.7e-06,132.98701298701297
6883d7ff-eb7d-4d07-8638-6b6c40527699,AES-192,CBC,1024,0,16,encrypt,7200,7200,0,0.0,7.2e-06,142.22222222222223
6883d7ff-eb7d-4d07-8638-6b6c40527699,AES-192,CBC,1024,0,16,decrypt,7000,7000,0,0.0,7e-06,146.28571428571428
6883d7ff-eb7d-4d07-8638-6b6c40527699,3DES,CBC,1024,1,16,encrypt,34600,34600,0,0.0,3.46e-05,29.595375722543352
6883d7ff-eb7d-4d07-8638-6b6c40527699,3DES,CBC,1024,1,16,decrypt,33200,33200,0,0.0,3.32e-05,30.843373493975903
6883d7ff-eb7d-4d07-8638-6b6c40527699,AES-256,CBC,1024,2,16,encrypt,8000,8000,0,0.0,8e-06,128.0
6883d7ff-eb7d-4d07-8638-6b6c40527699,AES-256,CBC,1024,2,16,decrypt,7700,7700,0,0.0,7.7e-06,132.98701298701297
6883d7ff-eb7d-4d07-8638-6b6c40527699,DES,CBC,1024,3,16,encrypt,14700,14700,0,0.0,1.47e-05,69.65986394557824
6883d7ff-eb7d-4d07-8638-6b6c40527699,DES,CBC,1024,3,16,decrypt,13400,13400,0,0.0,1.34e-05,76.41791044776119
6883d7ff-eb7d-4d07-8638-6b6c40527699,AES-128,CBC,1024,4,16,encrypt,6600,6600,0,0.0,6.6e-06,155.15151515151516
6883d7ff-eb7d-4d07-8638-6b6c40527699,AES-128,CBC,1024,4,16,decrypt,6400,6400,0,0.0,6.4e-06,160.0
6883d7ff-eb7d-4d07-8638-6b6c40527699,AES-192,CBC,1024,0,17,encrypt,7200,7200,0,0.0,7.2e-06,142.22222222222223
6883d7ff-eb7d-4d07-8638-6b6c40527699,AES-192,CBC,1024,0,17,decrypt,6900,6900,0,0.0,6.9e-06,148.40579710144928
6883d7ff-eb7d-4d07-8638-6b6c40527699,AES-128,CBC,1024,1,17,encrypt,6600,6600,0,0.0,6.6e-06,155.15151515151516
6883d7ff-eb7d-4d07-8638-6b6c40527699,AES-128,CBC,1024,1,17,decrypt,6300,6300,0,0.0,6.3e-06,162.53968253968253
6883d7ff-eb7d-4d07-8638-6b6c40527699,AES-256,CBC,1024,2,17,encrypt,7900,7900,0,0.0,7.9e-06,129.62025316455697
6883d7ff-eb7d-4d07-8638-6b6c40527699,AES-256,CBC,1024,2,17,decrypt,7600,7600,0,0.0,7.6e-06,134.73684210526315
6883d7ff-eb7d-4d07-8638-6b6c40527699,3DES,CBC,1024,3,17,encrypt,34500,34500,0,0.0,3.45e-05,29.681159420289855
6883d7ff-eb7d-4d07-8638-6b6c40527699,3DES,CBC,1024,3,17,decrypt,33200,33200,0,0.0,3.32e-05,30.843373493975903
6883d7ff-eb7d-4d07-8638-6b6c40527699,DES,CBC,1024,4,17,encrypt,14500,14500,0,0.0,1.45e-05,70.62068965517241
6883d7ff-eb7d-4d07-8638-6b6c40527699,DES,CBC,1024,4,17,decrypt,13300,13300,0,0.0,1.33e-05,76.99248120300751
6883d7ff-eb7d-4d07-8638-6b6c40527699,AES-256,CBC,1024,0,18,encrypt,8300,8300,0,0.0,8.3e-06,123.37349397590361
6883d7ff-eb7d-4d07-8638-6b6c40527699,AES-256,CBC,1024,0,18,decrypt,7900,7900,0,0.0,7.9e-06,129.62025316455697
6883d7ff-eb7d-4d07-8638-6b6c40527699,3DES,CBC,1024,1,18,encrypt,34300,34300,0,0.0,3.43e-05,29.854227405247812
6883d7ff-eb7d-4d07-8638-6b6c40527699,3DES,CBC,1024,1,18,decrypt,33400,33400,0,0.0,3.34e-05,30.65868263473054
6883d7ff-eb7d-4d07-8638-6b6c40527699,DES,CBC,1024,2,18,encrypt,14600,14600,0,0.0,1.46e-05,70.13698630136986
6883d7ff-eb7d-4d07-8638-6b6c40527699,DES,CBC,1024,2,18,decrypt,13400,13400,0,0.0,1.34e-05,76.41791044776119
6883d7ff-eb7d-4d07-8638-6b6c40527699,AES-192,CBC,1024,3,18,encrypt,7500,7500,0,0.0,7.5e-06,136.53333333333333
6883d7ff-eb7d-4d07-8638-6b6c40527699,AES-192,CBC,1024,3,18,decrypt,7000,7000,0,0.0,7e-06,146.28571428571428
6883d7ff-eb7d-4d07-8638-6b6c40527699,AES-128,CBC,1024,4,18,encrypt,6700,6700,0,0.0,6.7e-06,152.83582089552237
6883d7ff-eb7d-4d07-8638-6b6c40527699,AES-128,CBC,1024,4,18,decrypt,6300,6300,0,0.0,6.3e-06,162.53968253968253
6883d7ff-eb7d-4d07-8638-6b6c40527699,AES-192,CBC,1024,0,19,encrypt,7200,7200,0,0.0,7.2e-06,142.22222222222223
6883d7ff-eb7d-4d07-8638-6b6c40527699,AES-192,CBC,1024,0,19,decrypt,7000,7000,0,0.0,7e-06,146.28571428571428
6883d7ff-eb7d-4d07-8638-6b6c40527699,DES,CBC,1024,1,19,encrypt,14400,14400,0,0.0,1.44e-05,71.11111111111111
6883d7ff-eb7d-4d07-8638-6b6c40527699,DES,CBC,1024,1,19,decrypt,13200,13200,0,0.0,1.32e-05,77.57575757575758
6883d7ff-eb7d-4d07-8638-6b6c40527699,AES-128,CBC,1024,2,19,encrypt,6800,6800,0,0.0,6.8e-06,150.58823529411765
6883d7ff-eb7d-4d07-8638-6b6c40527699,AES-128,CBC,1024,2,19,decrypt,6400,6400,0,0.0,6.4e-06,160.0
6883d7ff-eb7d-4d07-8638-6b6c40527699,AES-256,CBC,1024,3,19,encrypt,7900,7900,0,0.0,7.9e-06,129.62025316455697
6883d7ff-eb7d-4d07-8638-6b6c40527699,AES-256,CBC,1024,3,19,decrypt,7700,7700,0,0.0,7.7e-06,132.98701298701297
6883d7ff-eb7d-4d07-8638-6b6c40527699,3DES,CBC,1024,4,19,encrypt,34400,34400,0,0.0,3.44e-05,29.767441860465116
6883d7ff-eb7d-4d07-8638-6b6c40527699,3DES,CBC,1024,4,19,decrypt,33300,33300,0,0.0,3.33e-05,30.75075075075075
