session_id,algorithm,backend,profile,mode,bytes,measurement,host_memory,resident_iterations,seed,kernel_throughput_MB_s_count,kernel_throughput_MB_s_mean,kernel_throughput_MB_s_median,kernel_throughput_MB_s_stdev,kernel_throughput_MB_s_min,kernel_throughput_MB_s_max,kernel_throughput_MB_s_q1,kernel_throughput_MB_s_q3,kernel_throughput_MB_s_iqr,kernel_throughput_MB_s_coefficient_of_variation,kernel_throughput_MB_s_outlier_count,kernel_throughput_MB_s_outlier_flag,end_to_end_throughput_MB_s_count,end_to_end_throughput_MB_s_mean,end_to_end_throughput_MB_s_median,end_to_end_throughput_MB_s_stdev,end_to_end_throughput_MB_s_min,end_to_end_throughput_MB_s_max,end_to_end_throughput_MB_s_q1,end_to_end_throughput_MB_s_q3,end_to_end_throughput_MB_s_iqr,end_to_end_throughput_MB_s_coefficient_of_variation,end_to_end_throughput_MB_s_outlier_count,end_to_end_throughput_MB_s_outlier_flag,kernel_seconds_count,kernel_seconds_mean,kernel_seconds_median,kernel_seconds_stdev,kernel_seconds_min,kernel_seconds_max,kernel_seconds_q1,kernel_seconds_q3,kernel_seconds_iqr,kernel_seconds_coefficient_of_variation,kernel_seconds_outlier_count,kernel_seconds_outlier_flag,end_to_end_seconds_count,end_to_end_seconds_mean,end_to_end_seconds_median,end_to_end_seconds_stdev,end_to_end_seconds_min,end_to_end_seconds_max,end_to_end_seconds_q1,end_to_end_seconds_q3,end_to_end_seconds_iqr,end_to_end_seconds_coefficient_of_variation,end_to_end_seconds_outlier_count,end_to_end_seconds_outlier_flag,h2d_ns_count,h2d_ns_mean,h2d_ns_median,h2d_ns_stdev,h2d_ns_min,h2d_ns_max,h2d_ns_q1,h2d_ns_q3,h2d_ns_iqr,h2d_ns_coefficient_of_variation,h2d_ns_outlier_count,h2d_ns_outlier_flag,kernel_ns_count,kernel_ns_mean,kernel_ns_median,kernel_ns_stdev,kernel_ns_min,kernel_ns_max,kernel_ns_q1,kernel_ns_q3,kernel_ns_iqr,kernel_ns_coefficient_of_variation,kernel_ns_outlier_count,kernel_ns_outlier_flag,d2h_ns_count,d2h_ns_mean,d2h_ns_median,d2h_ns_stdev,d2h_ns_min,d2h_ns_max,d2h_ns_q1,d2h_ns_q3,d2h_ns_iqr,d2h_ns_coefficient_of_variation,d2h_ns_outlier_count,d2h_ns_outlier_flag,transfer_ns_count,transfer_ns_mean,transfer_ns_median,transfer_ns_stdev,transfer_ns_min,transfer_ns_max,transfer_ns_q1,transfer_ns_q3,transfer_ns_iqr,transfer_ns_coefficient_of_variation,transfer_ns_outlier_count,transfer_ns_outlier_flag,end_to_end_ns_count,end_to_end_ns_mean,end_to_end_ns_median,end_to_end_ns_stdev,end_to_end_ns_min,end_to_end_ns_max,end_to_end_ns_q1,end_to_end_ns_q3,end_to_end_ns_iqr,end_to_end_ns_coefficient_of_variation,end_to_end_ns_outlier_count,end_to_end_ns_outlier_flag,wall_elapsed_ns_count,wall_elapsed_ns_mean,wall_elapsed_ns_median,wall_elapsed_ns_stdev,wall_elapsed_ns_min,wall_elapsed_ns_max,wall_elapsed_ns_q1,wall_elapsed_ns_q3,wall_elapsed_ns_iqr,wall_elapsed_ns_coefficient_of_variation,wall_elapsed_ns_outlier_count,wall_elapsed_ns_outlier_flag,seconds_count,seconds_mean,seconds_median,seconds_stdev,seconds_min,seconds_max,seconds_q1,seconds_q3,seconds_iqr,seconds_coefficient_of_variation,seconds_outlier_count,seconds_outlier_flag,throughput_MB_s_count,throughput_MB_s_mean,throughput_MB_s_median,throughput_MB_s_stdev,throughput_MB_s_min,throughput_MB_s_max,throughput_MB_s_q1,throughput_MB_s_q3,throughput_MB_s_iqr,throughput_MB_s_coefficient_of_variation,throughput_MB_s_outlier_count,throughput_MB_s_outlier_flag,process_cpu_ns_count,process_cpu_ns_mean,process_cpu_ns_median,process_cpu_ns_stdev,process_cpu_ns_min,process_cpu_ns_max,process_cpu_ns_q1,process_cpu_ns_q3,process_cpu_ns_iqr,process_cpu_ns_coefficient_of_variation,process_cpu_ns_outlier_count,process_cpu_ns_outlier_flag,process_to_wall_ratio_count,process_to_wall_ratio_mean,process_to_wall_ratio_median,process_to_wall_ratio_stdev,process_to_wall_ratio_min,process_to_wall_ratio_max,process_to_wall_ratio_q1,process_to_wall_ratio_q3,process_to_wall_ratio_iqr,process_to_wall_ratio_coefficient_of_variation,process_to_wall_ratio_outlier_count,process_to_wall_ratio_outlier_flag,resident_batch_ns_count,resident_batch_ns_mean,resident_batch_ns_median,resident_batch_ns_stdev,resident_batch_ns_min,resident_batch_ns_max,resident_batch_ns_q1,resident_batch_ns_q3,resident_batch_ns_iqr,resident_batch_ns_coefficient_of_variation,resident_batch_ns_outlier_count,resident_batch_ns_outlier_flag,speedup_isolated_vs_cpu_aesni,speedup_pipeline_vs_cpu_aesni,speedup_isolated_vs_cpu_software,speedup_pipeline_vs_cpu_software
efc8908b-b014-4804-ab95-33de26614148,AES-128,cpu_aesni,aesni,CTR,1024,transform,bytes,,2006,,,,,,,,,,,,,,,,,,,,,,,,,,,,,,,,,,,,,,,,,,,,,,,,,,,,,,,,,,,,,,,,,,,,,,,,,,,,,,,,,,,,,,,,,,,,,,,,,,,,,,,,,,,,,20,5865,6100.0,896.9392398596462,4000,8000,5750.0,6300.0,550.0,0.15293081668536168,5,True,20,5.865e-06,6.1e-06,8.969392398596462e-07,4e-06,8e-06,5.75e-06,6.3e-06,5.499999999999998e-07,0.15293081668536168,5,True,20,178.95655372403274,167.86885245901638,30.703745389353585,128.0,256.0,162.53968253968253,179.2,16.660317460317458,0.17157094697242298,6,True,20,0,0.0,0.0,0,0,0.0,0.0,0.0,,0,False,20,0.0,0.0,0.0,0.0,0.0,0.0,0.0,0.0,,0,False,,,,,,,,,,,,,,,,
efc8908b-b014-4804-ab95-33de26614148,AES-128,cpu_aesni,aesni,CTR,16384,transform,bytes,,2006,,,,,,,,,,,,,,,,,,,,,,,,,,,,,,,,,,,,,,,,,,,,,,,,,,,,,,,,,,,,,,,,,,,,,,,,,,,,,,,,,,,,,,,,,,,,,,,,,,,,,,,,,,,,,20,11655,11800.0,2021.8477739564448,9600,18800,10275.0,12225.0,1950.0,0.17347471248017546,1,True,20,1.1655e-05,1.18e-05,2.021847773956445e-06,9.6e-06,1.88e-05,1.0274999999999999e-05,1.2225e-05,1.9500000000000017e-06,0.17347471248017546,1,True,20,1437.3103167107834,1388.4745762711864,197.50401194677244,871.4893617021277,1706.6666666666667,1340.2212448353991,1594.5783361888443,254.35709135344518,0.137412227304366,1,True,20,0,0.0,0.0,0,0,0.0,0.0,0.0,,0,False,20,0.0,0.0,0.0,0.0,0.0,0.0,0.0,0.0,,0,False,,,,,,,,,,,,,,,,
efc8908b-b014-4804-ab95-33de26614148,AES-128,cpu_aesni,aesni,CTR,1048576,transform,bytes,,2006,,,,,,,,,,,,,,,,,,,,,,,,,,,,,,,,,,,,,,,,,,,,,,,,,,,,,,,,,,,,,,,,,,,,,,,,,,,,,,,,,,,,,,,,,,,,,,,,,,,,,,,,,,,,,20,750690,736800.0,48804.204952571774,687400,853800,720825.0,756225.0,35400.0,0.06501246180523489,3,True,20,0.00075069,0.0007367999999999999,4.880420495257179e-05,0.0006874,0.0008538,0.000720825,0.0007562249999999999,3.5399999999999885e-05,0.0650124618052349,3,True,20,1402.059292650727,1423.188625599541,85.05859344850784,1228.1283672991333,1525.4233343031713,1386.5964306757478,1454.7123998023842,68.1159691266364,0.060666901816753015,3,True,20,1562500,0.0,4809273.52539916,0,15625000,0.0,0.0,0.0,3.077935056255462,2,True,20,1.8302682692271808,0.0,5.6334469111492265,0.0,18.304826616682288,0.0,0.0,0.0,3.0779350797180753,2,True,,,,,,,,,,,,,,,,
efc8908b-b014-4804-ab95-33de26614148,AES-128,cpu_aesni,aesni,CTR,16777216,transform,bytes,,2006,,,,,,,,,,,,,,,,,,,,,,,,,,,,,,,,,,,,,,,,,,,,,,,,,,,,,,,,,,,,,,,,,,,,,,,,,,,,,,,,,,,,,,,,,,,,,,,,,,,,,,,,,,,,,20,14774515,11598150.0,9945649.21440923,10739500,54264700,11238850.0,12350225.0,1111375.0,0.6731624838046616,4,True,20,0.014774515,0.01159815,0.00994564921440923,0.0107395,0.0542647,0.011238849999999998,0.012350225,0.0011113750000000013,0.6731624838046617,4,True,20,1326.1726293398126,1446.5452973979511,322.4503062319646,309.17366169904193,1562.1971227710787,1358.6112671845135,1492.8066871644205,134.195419979907,0.2431435388562384,4,True,20,10937500,15625000.0,10264791.95830916,0,31250000,0.0,15625000.0,15625000.0,0.9384952647596947,0,False,20,0.7248781624456117,1.0247311496415397,0.6335704332109249,0.0,1.3874089859705203,0.0,1.3290401300582408,1.3290401300582408,0.8740371362179948,0,False,,,,,,,,,,,,,,,,
efc8908b-b014-4804-ab95-33de26614148,AES-128,cpu_aesni,aesni,CTR,33554432,transform,bytes,,2006,,,,,,,,,,,,,,,,,,,,,,,,,,,,,,,,,,,,,,,,,,,,,,,,,,,,,,,,,,,,,,,,,,,,,,,,,,,,,,,,,,,,,,,,,,,,,,,,,,,,,,,,,,,,,20,23327025,23048100.0,1365312.577619229,21924900,27492700,22497950.0,23766175.0,1268225.0,0.05852921997636771,2,True,20,0.023327025,0.023048100000000002,0.0013653125776192285,0.0219249,0.0274927,0.022497950000000003,0.023766175,0.0012682249999999978,0.05852921997636769,2,True,20,1442.7302802865281,1455.844546269704,77.43009960992772,1220.4851469662856,1530.425771611273,1411.863183617249,1491.4628810040128,79.59969738676386,0.05366914430779813,1,True,20,21875000,15625000.0,7853510.780469291,15625000,31250000,15625000.0,31250000.0,15625000.0,0.3590176356785962,0,False,20,0.9313490883082564,0.7027294252620081,0.3121833302698067,0.6582661375260147,1.4253200698748911,0.684979497414879,1.2874079127879559,0.6024284153730769,0.33519475585343655,0,False,,,,,,,,,,,,,,,,
efc8908b-b014-4804-ab95-33de26614148,AES-128,cpu_aesni,aesni,ECB,1024,transform,bytes,,2006,,,,,,,,,,,,,,,,,,,,,,,,,,,,,,,,,,,,,,,,,,,,,,,,,,,,,,,,,,,,,,,,,,,,,,,,,,,,,,,,,,,,,,,,,,,,,,,,,,,,,,,,,,,,,20,4830,5350.0,1169.3903044794438,3200,7100,3700.0,5600.0,1900.0,0.2421097938880836,0,False,20,4.8299999999999995e-06,5.35e-06,1.1693903044794437e-06,3.2e-06,7.1e-06,3.7e-06,5.6e-06,1.8999999999999996e-06,0.2421097938880836,0,False,20,224.43942912681516,191.41858839972048,54.90423500546173,144.22535211267606,320.0,182.85714285714286,276.7567567567568,93.89961389961391,0.24462829556761684,0,False,20,0,0.0,0.0,0,0,0.0,0.0,0.0,,0,False,20,0.0,0.0,0.0,0.0,0.0,0.0,0.0,0.0,,0,False,,,,,,,,,,,,,,,,
efc8908b-b014-4804-ab95-33de26614148,AES-128,cpu_aesni,aesni,ECB,16384,transform,bytes,,2006,,,,,,,,,,,,,,,,,,,,,,,,,,,,,,,,,,,,,,,,,,,,,,,,,,,,,,,,,,,,,,,,,,,,,,,,,,,,,,,,,,,,,,,,,,,,,,,,,,,,,,,,,,,,,20,8315,8800.0,1005.3933506213796,6800,10200,7200.0,8900.0,1700.0,0.12091321113907151,0,False,20,8.315000000000001e-06,8.8e-06,1.0053933506213797e-06,6.8e-06,1.02e-05,7.2e-06,8.9e-06,1.6999999999999998e-06,0.12091321113907151,0,False,20,1999.3929873276043,1861.8181818181818,253.36517507994333,1606.2745098039215,2409.4117647058824,1840.8988764044943,2275.5555555555557,434.6566791510613,0.12672104818102425,0,False,20,0,0.0,0.0,0,0,0.0,0.0,0.0,,0,False,20,0.0,0.0,0.0,0.0,0.0,0.0,0.0,0.0,,0,False,,,,,,,,,,,,,,,,
efc8908b-b014-4804-ab95-33de26614148,AES-128,cpu_aesni,aesni,ECB,1048576,transform,bytes,,2006,,,,,,,,,,,,,,,,,,,,,,,,,,,,,,,,,,,,,,,,,,,,,,,,,,,,,,,,,,,,,,,,,,,,,,,,,,,,,,,,,,,,,,,,,,,,,,,,,,,,,,,,,,,,,20,586820,584750.0,45542.63011613116,513900,690000,562800.0,599125.0,36325.0,0.07760919893004867,3,True,20,0.00058682,0.00058475,4.554263011613116e-05,0.0005139,0.00069,0.0005628,0.000599125,3.632500000000003e-05,0.07760919893004867,3,True,20,1796.8007788250718,1793.4500437046727,135.25786739667075,1519.6753623188406,2040.4280988519167,1750.2328704948877,1863.1527617148654,112.91989121997767,0.07527705296583624,3,True,20,781250,0.0,3493856.2148434212,0,15625000,0.0,0.0,0.0,4.47213595499958,1,True,20,1.280108143535966,0.0,5.724817654994956,0.0,25.60216287071932,0.0,0.0,0.0,4.47213595499958,1,True,,,,,,,,,,,,,,,,
efc8908b-b014-4804-ab95-33de26614148,AES-128,cpu_aesni,aesni,ECB,16777216,transform,bytes,,2006,,,,,,,,,,,,,,,,,,,,,,,,,,,,,,,,,,,,,,,,,,,,,,,,,,,,,,,,,,,,,,,,,,,,,,,,,,,,,,,,,,,,,,,,,,,,,,,,,,,,,,,,,,,,,20,9050775,8808050.0,702056.7729891936,8240900,10842300,8560575.0,9295600.0,735025.0,0.0775686914092101,1,True,20,0.009050775,0.008808050000000001,0.0007020567729891934,0.0082409,0.0108423,0.008560575,0.009295600000000001,0.0007350250000000003,0.07756869140921008,1,True,20,1863.537901665564,1904.8042669554156,134.2256544259087,1547.385333370226,2035.8475409239281,1805.104931020976,1959.870063996142,154.76513297516613,0.07202732732505336,1,True,20,10156250,15625000.0,9174108.572068747,0,31250000,0.0,15625000.0,15625000.0,0.9032968440190766,0,False,20,1.0833811435179947,1.565947927716881,0.9638146653564612,0.0,3.1095146172063126,0.0,1.7427479966575095,1.7427479966575095,0.8896358138805398,0,False,,,,,,,,,,,,,,,,
efc8908b-b014-4804-ab95-33de26614148,AES-128,cpu_aesni,aesni,ECB,33554432,transform,bytes,,2006,,,,,,,,,,,,,,,,,,,,,,,,,,,,,,,,,,,,,,,,,,,,,,,,,,,,,,,,,,,,,,,,,,,,,,,,,,,,,,,,,,,,,,,,,,,,,,,,,,,,,,,,,,,,,20,18004555,17648950.0,1242102.4622855352,16742400,21686700,17192400.0,18428475.0,1236075.0,0.06898823449318993,1,True,20,0.018004555,0.01764895,0.001242102462285535,0.0167424,0.0216867,0.017192399999999997,0.018428475,0.0012360750000000031,0.06898823449318993,1,True,20,1871.3924320496524,1901.2165694615167,118.31302532994351,1547.2354945657937,2004.1590214067278,1821.1232650136271,1951.7020490824698,130.57878406884265,0.0632219214440023,1,True,20,17968750,15625000.0,5724180.445820675,15625000,31250000,15625000.0,15625000.0,0.0,0.318563085680455,3,True,20,1.0022880215113221,0.9053011547799541,0.3248193575460623,0.7204876721677341,1.773814524277135,0.8522537827501728,0.9250216941560354,0.07276791140586258,0.32407786043005504,4,True,,,,,,,,,,,,,,,,
efc8908b-b014-4804-ab95-33de26614148,AES-128,cpu_software,software,CTR,1024,transform,bytes,,2006,,,,,,,,,,,,,,,,,,,,,,,,,,,,,,,,,,,,,,,,,,,,,,,,,,,,,,,,,,,,,,,,,,,,,,,,,,,,,,,,,,,,,,,,,,,,,,,,,,,,,,,,,,,,,20,8460,8900.0,765.9874947447008,6900,9200,7775.0,9000.0,1225.0,0.09054225706202138,0,False,20,8.46e-06,8.9e-06,7.659874947447007e-07,6.9e-06,9.2e-06,7.775e-06,9e-06,1.225000000000001e-06,0.09054225706202135,0,False,20,122.06920966826566,115.0561797752809,11.986053538458362,111.30434782608695,148.40579710144928,113.77777777777777,131.7082917082917,17.93051393051394,0.09819063768030914,0,False,20,0,0.0,0.0,0,0,0.0,0.0,0.0,,0,False,20,0.0,0.0,0.0,0.0,0.0,0.0,0.0,0.0,,0,False,,,,,,,,,,,,,,,,
efc8908b-b014-4804-ab95-33de26614148,AES-128,cpu_software,software,CTR,16384,transform,bytes,,2006,,,,,,,,,,,,,,,,,,,,,,,,,,,,,,,,,,,,,,,,,,,,,,,,,,,,,,,,,,,,,,,,,,,,,,,,,,,,,,,,,,,,,,,,,,,,,,,,,,,,,,,,,,,,,20,63550,61650.0,8569.683406299822,58800,99100,60300.0,61900.0,1600.0,0.1348494635137659,3,True,20,6.355e-05,6.165000000000001e-05,8.569683406299821e-06,5.88e-05,9.91e-05,6.03e-05,6.19e-05,1.5999999999999982e-06,0.13484946351376587,3,True,20,260.8371819907635,265.758487865457,23.759052001952348,165.3279515640767,278.63945578231295,264.6849757673667,271.70812603648426,7.0231502691175365,0.09108767323975184,3,True,20,0,0.0,0.0,0,0,0.0,0.0,0.0,,0,False,20,0.0,0.0,0.0,0.0,0.0,0.0,0.0,0.0,,0,False,,,,,,,,,,,,,,,,
efc8908b-b014-4804-ab95-33de26614148,AES-128,cpu_software,software,CTR,1048576,transform,bytes,,2006,,,,,,,,,,,,,,,,,,,,,,,,,,,,,,,,,,,,,,,,,,,,,,,,,,,,,,,,,,,,,,,,,,,,,,,,,,,,,,,,,,,,,,,,,,,,,,,,,,,,,,,,,,,,,20,4024205,3960000.0,128490.10396053648,3917800,4443400,3943725.0,4057950.0,114225.0,0.0319293137304229,1,True,20,0.004024205,0.00396,0.00012849010396053653,0.0039178,0.0044434,0.003943725,0.004057949999999999,0.00011422499999999905,0.03192931373042291,1,True,20,260.80597171431356,264.79337962831625,7.8771151547548275,235.98505648827475,267.64408596661394,258.4029578769739,265.8847136571752,7.481755780201297,0.03020297082531303,1,True,20,3906250,0.0,6941588.411239363,0,15625000,0.0,3906250.0,3906250.0,1.777046633277277,5,True,20,0.9368961646373939,0.0,1.6662908194230837,0.0,3.912412048977139,0.0,0.8791128415177567,0.8791128415177567,1.7785224044203305,5,True,,,,,,,,,,,,,,,,
efc8908b-b014-4804-ab95-33de26614148,AES-128,cpu_software,software,CTR,16777216,transform,bytes,,2006,,,,,,,,,,,,,,,,,,,,,,,,,,,,,,,,,,,,,,,,,,,,,,,,,,,,,,,,,,,,,,,,,,,,,,,,,,,,,,,,,,,,,,,,,,,,,,,,,,,,,,,,,,,,,20,65110780,64471100.0,4798024.276237921,60674800,83970700,63121350.0,65339975.0,2218625.0,0.07369016737686018,1,True,20,0.06511078,0.0644711,0.004798024276237919,0.0606748,0.0839707,0.06312135,0.06533997500000001,0.002218625000000002,0.07369016737686017,1,True,20,258.76809674629305,260.22990765749455,15.743556840508289,199.79845350818798,276.5104458523143,256.76876613496745,265.79424195862254,9.025475823655086,0.06084040899347775,1,True,20,62500000,62500000.0,10138838.82067266,46875000,78125000,62500000.0,62500000.0,0.0,0.16222142113076254,8,True,20,0.9600534641773779,0.9747244513723908,0.14217097288711483,0.7252206604729599,1.2012706945305087,0.926617806196953,1.0057070775216221,0.07908927132466914,0.1480865162118175,7,True,,,,,,,,,,,,,,,,
efc8908b-b014-4804-ab95-33de26614148,AES-128,cpu_software,software,CTR,33554432,transform,bytes,,2006,,,,,,,,,,,,,,,,,,,,,,,,,,,,,,,,,,,,,,,,,,,,,,,,,,,,,,,,,,,,,,,,,,,,,,,,,,,,,,,,,,,,,,,,,,,,,,,,,,,,,,,,,,,,,20,128072455,125603050.0,7809407.207200072,122545900,155881800,124513525.0,127046575.0,2533050.0,0.060976477785173025,3,True,20,0.128072455,0.12560305,0.007809407207200068,0.1225459,0.1558818,0.124513525,0.127046575,0.002533049999999995,0.06097647778517299,3,True,20,262.7988740153409,267.147044029673,13.893420603721994,215.25561034065555,273.8111352562591,264.11421449278885,269.4846481532231,5.37043366043423,0.0528671237872616,3,True,20,128125000,125000000.0,6412364.700532213,125000000,140625000,125000000.0,125000000.0,0.0,0.05004772449195873,4,True,20,1.0016105621698939,0.9978109031818941,0.03946233118490666,0.9021258415029849,1.109020347615281,0.9885656966500844,1.006830331174249,0.018264634524164602,0.03939887684432489,3,True,,,,,,,,,,,,,,,,
efc8908b-b014-4804-ab95-33de26614148,AES-128,cpu_software,software,ECB,1024,transform,bytes,,2006,,,,,,,,,,,,,,,,,,,,,,,,,,,,,,,,,,,,,,,,,,,,,,,,,,,,,,,,,,,,,,,,,,,,,,,,,,,,,,,,,,,,,,,,,,,,,,,,,,,,,,,,,,,,,20,8040,8500.0,942.225808224446,6400,9300,7175.0,8900.0,1725.0,0.11719226470453309,0,False,20,8.04e-06,8.5e-06,9.42225808224446e-07,6.4e-06,9.3e-06,7.175e-06,8.9e-06,1.7249999999999996e-06,0.1171922647045331,0,False,20,129.11625297844137,120.48726467331119,15.794628854637766,110.10752688172043,160.0,115.0561797752809,142.72300469483568,27.666824919554784,0.12232874243395994,0,False,20,0,0.0,0.0,0,0,0.0,0.0,0.0,,0,False,20,0.0,0.0,0.0,0.0,0.0,0.0,0.0,0.0,,0,False,,,,,,,,,,,,,,,,
efc8908b-b014-4804-ab95-33de26614148,AES-128,cpu_software,software,ECB,16384,transform,bytes,,2006,,,,,,,,,,,,,,,,,,,,,,,,,,,,,,,,,,,,,,,,,,,,,,,,,,,,,,,,,,,,,,,,,,,,,,,,,,,,,,,,,,,,,,,,,,,,,,,,,,,,,,,,,,,,,20,59745,58050.0,8761.246907171437,56000,96700,57425.0,58300.0,875.0,0.14664401886637268,3,True,20,5.9745e-05,5.805e-05,8.761246907171437e-06,5.6e-05,9.67e-05,5.7425e-05,5.83e-05,8.750000000000009e-07,0.1466440188663727,3,True,20,277.84787351209775,282.2396581399489,26.037680935672626,169.43123061013443,292.57142857142856,281.02915951972557,285.331096018764,4.301936499038447,0.09371200364626481,3,True,20,0,0.0,0.0,0,0,0.0,0.0,0.0,,0,False,20,0.0,0.0,0.0,0.0,0.0,0.0,0.0,0.0,,0,False,,,,,,,,,,,,,,,,
efc8908b-b014-4804-ab95-33de26614148,AES-128,cpu_software,software,ECB,1048576,transform,bytes,,2006,,,,,,,,,,,,,,,,,,,,,,,,,,,,,,,,,,,,,,,,,,,,,,,,,,,,,,,,,,,,,,,,,,,,,,,,,,,,,,,,,,,,,,,,,,,,,,,,,,,,,,,,,,,,,20,3757445,3732250.0,103003.84497166777,3628300,4015700,3687875.0,3810625.0,122750.0,0.02741326751866435,2,True,20,0.003757445,0.00373225,0.00010300384497166775,0.0036283,0.0040157,0.0036878749999999997,0.003810625,0.00012275000000000046,0.027413267518664346,2,True,20,279.25902093375373,280.9508353698843,7.406525044315648,261.11910750305054,288.99925584984703,275.172323886709,284.3315040163676,9.15918012965858,0.026522061917823008,1,True,20,2343750,0.0,5724180.445820675,0,15625000,0.0,0.0,0.0,2.4423169902168214,3,True,20,0.6189295395905641,0.0,1.5118245019900007,0.0,4.2138619201726,0.0,0.0,0.0,2.4426439607166057,3,True,,,,,,,,,,,,,,,,
efc8908b-b014-4804-ab95-33de26614148,AES-128,cpu_software,software,ECB,16777216,transform,bytes,,2006,,,,,,,,,,,,,,,,,,,,,,,,,,,,,,,,,,,,,,,,,,,,,,,,,,,,,,,,,,,,,,,,,,,,,,,,,,,,,,,,,,,,,,,,,,,,,,,,,,,,,,,,,,,,,20,60014665,59595500.0,1871665.5873354592,57214700,64422200,58592675.0,61064625.0,2471950.0,0.03118680388094242,0,False,20,0.060014665,0.059595499999999996,0.0018716655873354585,0.0572147,0.0644222,0.058592675,0.061064625,0.0024719500000000005,0.03118680388094241,0,False,20,279.8064072744305,281.518673079382,8.59476796331756,260.4260022166272,293.2326132969324,274.7465332926657,286.3381360586065,11.59160276594082,0.030716837570084386,0,False,20,60156250,62500000.0,7646257.577024889,46875000,78125000,62500000.0,62500000.0,0.0,0.12710661946223192,5,True,20,1.0019405158492116,1.033888401192944,0.12085890547660459,0.7747575318828219,1.2746153720653255,0.9892324712806135,1.0545677410511685,0.06533526977055493,0.12062483108008522,5,True,,,,,,,,,,,,,,,,
efc8908b-b014-4804-ab95-33de26614148,AES-128,cpu_software,software,ECB,33554432,transform,bytes,,2006,,,,,,,,,,,,,,,,,,,,,,,,,,,,,,,,,,,,,,,,,,,,,,,,,,,,,,,,,,,,,,,,,,,,,,,,,,,,,,,,,,,,,,,,,,,,,,,,,,,,,,,,,,,,,20,119483710,119333900.0,2910175.986883195,114948300,127359600,117159625.0,120425775.0,3266150.0,0.02435625732481185,1,True,20,0.11948370999999999,0.11933389999999999,0.002910175986883193,0.1149483,0.1273596,0.11715962499999999,0.120425775,0.0032661500000000093,0.024356257324811833,1,True,20,280.98353932916166,281.181761159094,6.704050775184599,263.4621339891143,291.90890165404795,278.6379112313659,286.39962087850574,7.761709647139867,0.023859229587577566,1,True,20,117187500,109375000.0,9484015.291670062,109375000,140625000,109375000.0,125000000.0,15625000.0,0.08093026382225119,0,False,20,0.9808249204811168,0.9455925472616582,0.07591494781244681,0.8793383034539203,1.1581938353202792,0.9229269332258099,1.0453662409984639,0.122439307772654,0.0773990813520611,0,False,,,,,,,,,,,,,,,,
efc8908b-b014-4804-ab95-33de26614148,AES-128,cuda_baseline,baseline,CTR,1024,pipeline,pinned,,2006,20,20.346688408198595,20.401825421638193,0.837782716415218,18.59384133463778,21.636241148637495,20.100502322163898,21.104714316438105,1.0042119942742076,0.041175384397081426,1,True,20,5.649271427305551,5.674713025618095,0.11574030911584363,5.412262156448203,5.824800910125142,5.553164891275641,5.753625607640206,0.20046071636456553,0.02048765236458935,0,False,20,5.041119996458292e-05,5.019200034439564e-05,2.1396162066400053e-06,4.732799902558327e-05,5.507199838757515e-05,4.852000065147877e-05,5.09440004825592e-05,2.42399983108043e-06,0.04244327070458989,2,True,20,0.000181335,0.00018045,3.735360899917381e-06,0.0001758,0.0001892,0.00017797499999999998,0.00018439999999999998,6.425000000000007e-06,0.0205992273963514,0,False,20,39950,39950.0,662.1337120488421,38600,41500,39675.0,40200.0,525.0,0.016574060376691915,2,True,20,50411.19996458292,50192.00034439564,2139.616206640006,47327.99902558327,55071.99838757515,48520.00065147877,50944.000482559204,2423.9998310804367,0.04244327070458991,2,True,20,41795,41900.0,2212.0423998981955,38900,48300,39875.0,42650.0,2775.0,0.0529260055006148,1,True,20,81745,81950.0,2504.6220431329293,78000,88400,80350.0,83000.0,2650.0,0.03063945248190017,1,True,20,181335,180450.0,3735.36089991738,175800,189200,177975.0,184400.0,6425.0,0.020599227396351394,0,False,,,,,,,,,,,,,,,,,,,,,,,,,,,,,,,,,,,,,,,,,,,,,,,,,,,,,,,,,,,,,,,,,,,,,,,,,,0.03380437794402882,,0.04932114159046827
efc8908b-b014-4804-ab95-33de26614148,AES-128,cuda_baseline,baseline,CTR,1024,resident,pinned,1,2006,20,20.238906690211106,20.6185909192601,1.2490581279296058,16.486347286278473,21.447721867869856,19.842204989810718,21.073434063413767,1.2312290736030498,0.06171569181322103,2,True,,,,,,,,,,,,,20,5.0803199969232086e-05,4.9664000049233435e-05,3.550677985037441e-06,4.774399846792221e-05,6.211199983954429e-05,4.8592001199722286e-05,5.1608000881969924e-05,3.0159996822476376e-06,0.06989083339608207,2,True,,,,,,,,,,,,,,,,,,,,,,,,,20,50803.19996923208,49664.00004923344,3550.677985037443,47743.99846792221,62111.999839544296,48592.00119972229,51608.00088196993,3015.9996822476387,0.0698908333960821,2,True,,,,,,,,,,,,,,,,,,,,,,,,,,,,,,,,,,,,,,,,,,,,,,,,,,,,,,,,,,,,,,,,,,,,,,,,,,,,,,,,,,,,,,,,,,,,,,,,,20,50803.19996923208,49664.00004923344,3550.677985037443,47743.99846792221,62111.999839544296,48592.00119972229,51608.00088196993,3015.9996822476387,0.0698908333960821,2,True,0.1228253864761776,,0.17920425239966895,
efc8908b-b014-4804-ab95-33de26614148,AES-128,cuda_baseline,baseline,CTR,16384,pipeline,pinned,,2006,20,314.07810953913685,320.40853039446023,21.983177194103252,248.6643907031485,342.0173703095979,301.8110154955735,329.7375988621819,27.92658336660844,0.06999270731207696,1,True,20,85.80985934582107,87.52139249619691,5.9991238754004375,68.7248322147651,91.42857142857143,86.05042016806723,88.1811467985787,2.130726630511461,0.06991182506457044,4,True,20,5.2436799742281436e-05,5.1136000081896776e-05,4.1067269156182226e-06,4.790399968624115e-05,6.588800251483917e-05,4.968799836933613e-05,5.428799893707037e-05,4.600000567734238e-06,0.0783176497383924,1,True,20,0.00019198,0.0001872,1.578765673756425e-05,0.0001792,0.0002384,0.00018580000000000002,0.0001904,4.599999999999976e-06,0.08223594508576024,3,True,20,42145,41950.0,1006.0213453840933,41000,45500,41575.0,42425.0,850.0,0.023870479188138408,1,True,20,52436.79974228144,51136.00008189678,4106.726915618223,47903.99968624115,65888.00251483917,49687.99836933613,54287.99893707037,4600.0005677342415,0.0783176497383924,1,True,20,47845,43700.0,12833.528250969062,41700,88500,42775.0,45175.0,2400.0,0.26823133558300893,2,True,20,89990,85950.0,13471.056692815624,82900,134000,84725.0,87150.0,2425.0,0.14969504048022697,2,True,20,191980,187200.0,15787.656737564252,179200,238400,185800.0,190400.0,4600.0,0.08223594508576025,3,True,,,,,,,,,,,,,,,,,,,,,,,,,,,,,,,,,,,,,,,,,,,,,,,,,,,,,,,,,,,,,,,,,,,,,,,,,,0.06303418803418803,,0.32932692307692313
efc8908b-b014-4804-ab95-33de26614148,AES-128,cuda_baseline,baseline,CTR,16384,resident,pinned,1,2006,20,307.0985136850305,315.95550650353493,42.96492761394802,146.3693500332406,340.19932399473635,299.76581374747747,333.17068471818845,33.40487097071099,0.13990600963316333,1,True,,,,,,,,,,,,,20,5.514239985495806e-05,5.1855999976396566e-05,1.3849141780274621e-05,4.8160001635551456e-05,0.00011193600296974182,4.9175999127328394e-05,5.465599894523621e-05,5.479999817907813e-06,0.25115232229105444,2,True,,,,,,,,,,,,,,,,,,,,,,,,,20,55142.39985495806,51855.99997639656,13849.141780274622,48160.00163555145,111936.00296974182,49175.999127328396,54655.998945236206,5479.99981790781,0.2511523222910545,2,True,,,,,,,,,,,,,,,,,,,,,,,,,,,,,,,,,,,,,,,,,,,,,,,,,,,,,,,,,,,,,,,,,,,,,,,,,,,,,,,,,,,,,,,,,,,,,,,,,20,55142.39985495806,51855.99997639656,13849.141780274622,48160.00163555145,111936.00296974182,49175.999127328396,54655.998945236206,5479.99981790781,0.2511523222910545,2,True,0.22755322441705952,,1.1888691767213322,
efc8908b-b014-4804-ab95-33de26614148,AES-128,cuda_baseline,baseline,CTR,1048576,pipeline,pinned,,2006,20,4985.7723342999425,4960.00678699381,775.9269035186874,3991.7162427156545,6067.0247207143575,4289.0044905854575,5882.053505738926,1593.0490151534686,0.15562822597827985,0,False,20,1382.9178042890676,1313.0592232678464,159.69040208929457,1199.8809932486554,1637.8881599500157,1254.3150516643132,1555.9494934791833,301.6344418148701,0.11547353110504528,0,False,20,0.00021511040180921556,0.00021140800416469575,3.257174007988565e-05,0.00017283199727535247,0.000262688010931015,0.00017827200517058373,0.00024448800086975095,6.621599569916722e-05,0.1514187124654901,0,False,20,0.00076743,0.0007986499999999999,8.399097758562806e-05,0.0006402,0.0008739,0.000673925,0.000835975,0.00016204999999999995,0.10944448038990925,0,False,20,233700,241500.0,16962.46630528399,207300,258400,213050.0,244950.0,31900.0,0.07258222638118951,0,False,20,215110.40180921555,211408.00416469574,32571.74007988565,172831.99727535248,262688.010931015,178272.00517058372,244488.00086975098,66215.99569916725,0.1514187124654901,0,False,20,238090,239600.0,30679.581757939683,200800,322200,209425.0,244925.0,35500.0,0.12885707823906792,1,True,20,471790,482000.0,37400.631855062216,408400,530700,443650.0,492650.0,49000.0,0.07927389697760066,0,False,20,767430,798650.0,83990.97758562805,640200,873900,673925.0,835975.0,162050.0,0.10944448038990924,0,False,,,,,,,,,,,,,,,,,,,,,,,,,,,,,,,,,,,,,,,,,,,,,,,,,,,,,,,,,,,,,,,,,,,,,,,,,,0.9225568146246791,,4.9583672447254745
efc8908b-b014-4804-ab95-33de26614148,AES-128,cuda_baseline,baseline,CTR,1048576,resident,pinned,1,2006,20,5037.43169565762,4895.719282433829,763.0241654046473,4101.126491072766,6064.778905057669,4330.680821633044,5910.839950171719,1580.1591285386748,0.15147087077376975,0,False,,,,,,,,,,,,,20,0.00021271359995007514,0.00021422400325536728,3.1772178083509256e-05,0.00017289599776268004,0.00025567999482154847,0.00017739999666810036,0.00024212799966335299,6.472800299525263e-05,0.14936599301110193,0,False,,,,,,,,,,,,,,,,,,,,,,,,,20,212713.59995007515,214224.00325536728,31772.178083509258,172895.99776268005,255679.99482154846,177399.99666810036,242127.99966335297,64728.00299525261,0.14936599301110193,0,False,,,,,,,,,,,,,,,,,,,,,,,,,,,,,,,,,,,,,,,,,,,,,,,,,,,,,,,,,,,,,,,,,,,,,,,,,,,,,,,,,,,,,,,,,,,,,,,,,20,212713.59995007515,214224.00325536728,31772.178083509258,172895.99776268005,255679.99482154846,177399.99666810036,242127.99966335297,64728.00299525261,0.14936599301110193,0,False,3.43939049221152,,18.485323492342047,
efc8908b-b014-4804-ab95-33de26614148,AES-128,cuda_baseline,baseline,CTR,16777216,pipeline,pinned,,2006,20,4153.572933438539,3415.5093951555,1960.422572011128,2486.5449326604617,7921.5535142363115,2797.6554004641134,3997.632050520877,1199.9766500567634,0.4719846270733931,4,True,20,1075.6433145868166,870.0065464282179,583.8229140889988,611.5438394412813,2208.8072041708356,624.6703265498863,1135.0671652017604,510.3968386518741,0.5427662740722382,4,True,20,0.0046978496313095095,0.004925503969192505,0.0015366816811921463,0.002117919921875,0.0067472000122070315,0.004197072029113769,0.005998264074325562,0.0018011920452117927,0.3271032071675316,0,False,20,0.019437045,0.0206396,0.007905660131728073,0.0075956,0.0274342,0.014781525,0.02685775,0.012076225,0.40673158557425126,0,False,20,7346895,7850850.0,3253809.542266127,2704000,10484200,5204650.0,10409875.0,5205225.0,0.44288227098197636,0,False,20,4697849.631309509,4925503.969192505,1536681.6811921464,2117919.921875,6747200.012207031,4197072.0291137695,5998264.0743255615,1801192.045211792,0.3271032071675316,0,False,20,7252080,7745500.0,3208861.8378353077,2670400,10405700,5155375.0,10238950.0,5083575.0,0.4424746883425593,0,False,20,14598975,15525150.0,6462254.34926584,5374400,20839300,10359325.0,20659475.0,10300150.0,0.44265123745097446,0,False,20,19437045,20639600.0,7905660.131728074,7595600,27434200,14781525.0,26857750.0,12076225.0,0.4067315855742513,0,False,,,,,,,,,,,,,,,,,,,,,,,,,,,,,,,,,,,,,,,,,,,,,,,,,,,,,,,,,,,,,,,,,,,,,,,,,,0.5619367623403554,,3.123660342254695
efc8908b-b014-4804-ab95-33de26614148,AES-128,cuda_baseline,baseline,CTR,16777216,resident,pinned,1,2006,20,4215.707197764485,3577.023855002567,1980.0694428424474,2526.5308126527993,8106.877694751311,3001.9006023688808,3996.4783156459052,994.5777132770245,0.4696885599389928,4,True,,,,,,,,,,,,,20,0.0046210672616958616,0.004690288066864013,0.0015062650480858395,0.002069504022598267,0.006640416145324707,0.004199024081230163,0.005603024005889893,0.0014039999246597294,0.3259560968894149,1,True,,,,,,,,,,,,,,,,,,,,,,,,,20,4621067.261695862,4690288.066864014,1506265.0480858395,2069504.0225982666,6640416.145324707,4199024.081230164,5603024.005889893,1403999.924659729,0.3259560968894149,1,True,,,,,,,,,,,,,,,,,,,,,,,,,,,,,,,,,,,,,,,,,,,,,,,,,,,,,,,,,,,,,,,,,,,,,,,,,,,,,,,,,,,,,,,,,,,,,,,,,20,4621067.261695862,4690288.066864014,1506265.0480858395,2069504.0225982666,6640416.145324707,4199024.081230164,5603024.005889893,1403999.924659729,0.3259560968894149,1,True,2.472801208509709,,13.745658919219903,
efc8908b-b014-4804-ab95-33de26614148,AES-128,cuda_baseline,baseline,CTR,33554432,pipeline,pinned,,2006,20,5311.489747863972,4577.307859457624,1920.3780902115361,2910.463502693209,8113.338358496507,3818.715610595469,7279.79587284644,3461.080262250971,0.3615516891440524,0,False,20,1454.56754710814,1196.3922624893742,652.5518379940211,619.0740392243686,2266.517521817838,1045.1053900917875,2161.9124795370662,1116.8070894452787,0.448622574655522,0,False,20,0.00716801598072052,0.007332720041275024,0.0025547777985009752,0.0041357121467590335,0.01152889633178711,0.004609271883964539,0.008835255622863771,0.004225983738899233,0.35641351879968497,0,False,20,0.02887269,0.02804785,0.014506919285960353,0.0148044,0.054201,0.0155209,0.033422099999999996,0.017901199999999996,0.502444326661643,0,False,20,11010915,10336700.0,6213394.591083041,5318700,21321900,5419350.0,13000050.0,7580700.0,0.5642941200693168,0,False,20,7168015.98072052,7332720.041275024,2554777.798500975,4135712.146759033,11528896.33178711,4609271.883964539,8835255.62286377,4225983.738899231,0.3564135187996849,0,False,20,10572190,10165400.0,5879919.086169021,5214400,21165100,5269450.0,11627800.0,6358350.0,0.5561685030413775,0,False,20,21583105,20514700.0,12031468.099659808,10535100,42487000,10666225.0,24629975.0,13963750.0,0.5574484347669072,0,False,20,28872690,28047850.0,14506919.285960352,14804400,54201000,15520900.0,33422100.0,17901200.0,0.502444326661643,0,False,,,,,,,,,,,,,,,,,,,,,,,,,,,,,,,,,,,,,,,,,,,,,,,,,,,,,,,,,,,,,,,,,,,,,,,,,,0.8217421299671812,,4.478170341042183
efc8908b-b014-4804-ab95-33de26614148,AES-128,cuda_baseline,baseline,CTR,33554432,resident,pinned,1,2006,20,5391.553285705937,4566.086971992465,1918.5661344885914,2887.7798718874765,8158.854843377685,3879.149982807784,7363.607455730839,3484.4574729230553,0.3558466424833611,0,False,,,,,,,,,,,,,20,0.007029742431640625,0.007350496053695679,0.0024609964471318095,0.004112639904022217,0.01161945629119873,0.004556815862655639,0.008682599782943725,0.004125783920288085,0.35008344488625226,0,False,,,,,,,,,,,,,,,,,,,,,,,,,20,7029742.431640625,7350496.053695679,2460996.44713181,4112639.904022217,11619456.29119873,4556815.86265564,8682599.782943726,4125783.920288086,0.35008344488625226,0,False,,,,,,,,,,,,,,,,,,,,,,,,,,,,,,,,,,,,,,,,,,,,,,,,,,,,,,,,,,,,,,,,,,,,,,,,,,,,,,,,,,,,,,,,,,,,,,,,,20,7029742.431640625,7350496.053695679,2460996.44713181,4112639.904022217,11619456.29119873,4556815.86265564,8682599.782943726,4125783.920288086,0.35008344488625226,0,False,3.1355842968464542,,17.087697086355057,
efc8908b-b014-4804-ab95-33de26614148,AES-128,cuda_baseline,baseline,ECB,1024,pipeline,pinned,,2006,20,20.678010099101254,21.08742642540554,1.5299812325380486,15.701668928749365,22.053756194863684,20.14808272899641,21.80207990431157,1.6539971753151583,0.0739907382386155,1,True,20,5.563165694772797,5.743245177373566,0.5951454200814768,3.632493792124867,5.895221646516983,5.670846982836291,5.830608174891248,0.1597611920549573,0.10697963223361853,2,True,20,4.982399996370077e-05,4.85600009560585e-05,4.338666393995687e-06,4.643199965357781e-05,6.521599739789963e-05,4.6968000009655954e-05,5.0823999568820006e-05,3.855999559164052e-06,0.08707984901165339,1,True,20,0.00018688,0.0001783,2.7761078395556086e-05,0.0001737,0.0002819,0.000175625,0.000180575,4.950000000000012e-06,0.1485502910721109,2,True,20,45505,39700.0,18208.658293298417,38900,109800,39300.0,40200.0,900.0,0.40014632003732375,3,True,20,49823.99996370077,48560.0009560585,4338.666393995688,46431.999653577805,65215.99739789963,46968.00000965595,50823.99956882,3855.9995591640472,0.0870798490116534,1,True,20,41980,41850.0,3286.27128328877,38700,54000,39400.0,42675.0,3275.0,0.07828183142660243,1,True,20,87485,81650.0,20654.788536164786,78400,163800,79550.0,82725.0,3175.0,0.23609519959038447,2,True,20,186880,178300.0,27761.07839555608,173700,281900,175625.0,180575.0,4950.0,0.14855029107211087,2,True,,,,,,,,,,,,,,,,,,,,,,,,,,,,,,,,,,,,,,,,,,,,,,,,,,,,,,,,,,,,,,,,,,,,,,,,,,0.030005608524957934,,0.04767246214245653
efc8908b-b014-4804-ab95-33de26614148,AES-128,cuda_baseline,baseline,ECB,1024,resident,pinned,1,2006,20,20.38552102314753,20.481109142714683,1.0008388203797558,18.4438034369962,21.72437143583793,19.897520602658258,21.167564768376334,1.270044165718076,0.049095572256569485,0,False,,,,,,,,,,,,,20,5.035040006041527e-05,5.0000000745058064e-05,2.5470511450429597e-06,4.713600128889084e-05,5.552000179886818e-05,4.8375999554991724e-05,5.146399978548288e-05,3.088000230491158e-06,0.050586512559716745,0,False,,,,,,,,,,,,,,,,,,,,,,,,,20,50350.40006041527,50000.00074505806,2547.05114504296,47136.00128889084,55520.00179886818,48375.99955499172,51463.99978548288,3088.0002304911613,0.050586512559716745,0,False,,,,,,,,,,,,,,,,,,,,,,,,,,,,,,,,,,,,,,,,,,,,,,,,,,,,,,,,,,,,,,,,,,,,,,,,,,,,,,,,,,,,,,,,,,,,,,,,,20,50350.40006041527,50000.00074505806,2547.05114504296,47136.00128889084,55520.00179886818,48375.99955499172,51463.99978548288,3088.0002304911613,0.050586512559716745,0,False,0.10699999840557577,,0.1699999974668026,
efc8908b-b014-4804-ab95-33de26614148,AES-128,cuda_baseline,baseline,ECB,16384,pipeline,pinned,,2006,20,323.79192533872396,330.6425847201455,24.155615772984092,242.9995278800057,344.78114124361196,320.40087020083246,337.0117267315936,16.61085653076117,0.07460227968228211,2,True,20,87.81121998737939,90.29490877193835,6.8404345186251625,66.0378879484079,92.04494382022472,88.40697332258652,90.7073133919949,2.300340069408378,0.07789932220060602,2,True,20,5.0926399789750574e-05,4.9552001059055325e-05,4.622812222263508e-06,4.7520000487565994e-05,6.742399930953979e-05,4.861599858850241e-05,5.1136001013219354e-05,2.5200024247169447e-06,0.09077437716682839,2,True,20,0.00018793,0.00018145,1.8243069340091006e-05,0.000178,0.0002481,0.000180625,0.00018532500000000002,4.700000000000006e-06,0.09707374735322198,2,True,20,41515,41250.0,874.9586456392939,40300,43200,40800.0,42200.0,1400.0,0.021075723127527254,0,False,20,50926.399789750576,49552.00105905533,4622.812222263508,47520.000487565994,67423.9993095398,48615.99858850241,51136.00101321936,2520.0024247169495,0.09077437716682839,2,True,20,47275,43450.0,13052.802683513486,41600,94200,42600.0,44100.0,1500.0,0.2761037056269378,2,True,20,88790,84900.0,13378.808852651624,82200,137400,84150.0,85600.0,1450.0,0.1506792302359683,2,True,20,187930,181450.0,18243.069340091002,178000,248100,180625.0,185325.0,4700.0,0.09707374735322195,2,True,,,,,,,,,,,,,,,,,,,,,,,,,,,,,,,,,,,,,,,,,,,,,,,,,,,,,,,,,,,,,,,,,,,,,,,,,,0.04849820887296776,,0.3199228437586112
efc8908b-b014-4804-ab95-33de26614148,AES-128,cuda_baseline,baseline,ECB,16384,resident,pinned,1,2006,20,310.55748831031,313.63436866015604,35.971513504306365,194.08642443383673,349.01158956226726,302.7403625706576,335.9127521947099,33.1723896240523,0.11582883961362901,2,True,,,,,,,,,,,,,20,5.3664000146090984e-05,5.224000103771687e-05,8.39443333693392e-06,4.694399982690811e-05,8.441600203514099e-05,4.8775999806821345e-05,5.412000138312578e-05,5.344001576304437e-06,0.15642578477343327,2,True,,,,,,,,,,,,,,,,,,,,,,,,,20,53664.000146090984,52240.001037716866,8394.43333693392,46943.99982690811,84416.00203514099,48775.999806821346,54120.00138312578,5344.001576304436,0.15642578477343327,2,True,,,,,,,,,,,,,,,,,,,,,,,,,,,,,,,,,,,,,,,,,,,,,,,,,,,,,,,,,,,,,,,,,,,,,,,,,,,,,,,,,,,,,,,,,,,,,,,,,20,53664.000146090984,52240.001037716866,8394.43333693392,46943.99982690811,84416.00203514099,48775.999806821346,54120.00138312578,5344.001576304436,0.15642578477343327,2,True,0.16845328914994603,,1.1112174358129963,
efc8908b-b014-4804-ab95-33de26614148,AES-128,cuda_baseline,baseline,ECB,1048576,pipeline,pinned,,2006,20,5123.96270891879,5107.649290799758,878.9152172465801,3453.2617283274394,6243.902541355746,4360.842170006139,6040.184223126687,1679.3420531205484,0.171530369593974,0,False,20,1393.9710316648805,1339.0985288771972,195.97042129957217,1153.8028169014085,1665.4637865311308,1229.4374328296633,1619.3290542752322,389.89162144556894,0.14058428536030346,0,False,20,0.0002107904002070427,0.00020529600232839583,3.8243555864093456e-05,0.00016793599724769593,0.0003036479949951172,0.0001736000031232834,0.0002404559962451458,6.685599312186241e-05,0.18142930525550424,0,False,20,0.000766165,0.0007833,0.00010476453937533594,0.0006296,0.0009088,0.00064755,0.0008529249999999999,0.00020537499999999994,0.13673887397014475,0,False,20,229045,229150.0,19828.195634128264,205700,261200,209275.0,246150.0,36875.0,0.08656899576121838,0,False,20,210790.4002070427,205296.00232839584,38243.555864093454,167935.99724769592,303647.9949951172,173600.0031232834,240455.9962451458,66855.99312186241,0.18142930525550424,0,False,20,245195,241050.0,37873.35509716283,201100,323700,205750.0,284975.0,79225.0,0.15446218355660934,0,False,20,474240,485450.0,53972.44326115826,406800,568800,417325.0,512100.0,94775.0,0.11380828960264477,0,False,20,766165,783300.0,104764.53937533594,629600,908800,647550.0,852925.0,205375.0,0.13673887397014473,0,False,,,,,,,,,,,,,,,,,,,,,,,,,,,,,,,,,,,,,,,,,,,,,,,,,,,,,,,,,,,,,,,,,,,,,,,,,,0.746521128558662,,4.7647772245627475
efc8908b-b014-4804-ab95-33de26614148,AES-128,cuda_baseline,baseline,ECB,1048576,resident,pinned,1,2006,20,4817.158429813759,4668.365551952701,1092.9993756792069,2506.348407724948,6176.814191992013,4321.8589392235735,6035.503325708706,1713.6443864851326,0.22689712028455425,0,False,,,,,,,,,,,,,20,0.00023130560144782067,0.00022505600005388258,6.628686537950412e-05,0.00016976000368595123,0.00041836801171302797,0.00017373599857091902,0.0002426239959895611,6.888799741864207e-05,0.2865770001443632,2,True,,,,,,,,,,,,,,,,,,,,,,,,,20,231305.60144782066,225056.0000538826,66286.86537950413,169760.00368595123,418368.01171302795,173735.99857091904,242623.99598956108,68887.99741864204,0.28657700014436327,2,True,,,,,,,,,,,,,,,,,,,,,,,,,,,,,,,,,,,,,,,,,,,,,,,,,,,,,,,,,,,,,,,,,,,,,,,,,,,,,,,,,,,,,,,,,,,,,,,,,20,231305.60144782066,225056.0000538826,66286.86537950413,169760.00368595123,418368.01171302795,173735.99857091904,242623.99598956108,68887.99741864204,0.28657700014436327,2,True,2.5982422146487987,,16.583650287512576,
efc8908b-b014-4804-ab95-33de26614148,AES-128,cuda_baseline,baseline,ECB,16777216,pipeline,pinned,,2006,20,3991.621845677499,3342.649646921848,1899.4171235361857,2478.6335710989197,8392.770564508157,2768.9693784043766,3981.4968390304184,1212.5274606260418,0.47585096909744895,3,True,20,1001.4699931613235,673.2166476653804,530.2400370425938,598.1502041107368,2265.721694036301,626.0813800481533,1126.1322762374914,500.0508961893381,0.5294617319174926,3,True,20,0.0048251247584819796,0.005025472164154053,0.0014552018669589273,0.001999008059501648,0.006768735885620117,0.004213831782341004,0.006059583902359009,0.001845752120018005,0.3015884437808287,0,False,20,0.02027082,0.0249371,0.007469397207807334,0.0074048,0.0280485,0.014898100000000001,0.026797325,0.011899225,0.3684802690669314,0,False,20,7735515,10346500.0,3163826.337351823,2670900,10552700,5205775.0,10406525.0,5200750.0,0.4090000907957419,0,False,20,4825124.758481979,5025472.164154053,1455201.8669589274,1999008.059501648,6768735.885620117,4213831.782341003,6059583.902359009,1845752.1200180054,0.3015884437808288,0,False,20,7578515,9307300.0,2970255.52352425,2666600,10622100,5227450.0,10226775.0,4999325.0,0.3919310740328745,0,False,20,15314030,19669400.0,6119916.786422577,5337500,21152300,10448475.0,20638475.0,10190000.0,0.39962810484389655,0,False,20,20270820,24937100.0,7469397.207807334,7404800,28048500,14898100.0,26797325.0,11899225.0,0.3684802690669314,0,False,,,,,,,,,,,,,,,,,,,,,,,,,,,,,,,,,,,,,,,,,,,,,,,,,,,,,,,,,,,,,,,,,,,,,,,,,,0.35321067806601414,,2.389832819373544
efc8908b-b014-4804-ab95-33de26614148,AES-128,cuda_baseline,baseline,ECB,16777216,resident,pinned,1,2006,20,3923.2930143318245,3294.2906195278592,1876.0206351413092,2476.982315630977,8374.13700671371,2735.7848898328443,3841.651325359145,1105.8664355263008,0.4781749994935859,3,True,,,,,,,,,,,,,20,0.004908593595027924,0.005099600076675415,0.0014715651556657485,0.002003456115722656,0.006773248195648194,0.004369040012359619,0.006132904171943664,0.0017638641595840452,0.2997936429604491,0,False,,,,,,,,,,,,,,,,,,,,,,,,,20,4908593.595027924,5099600.076675415,1471565.1556657485,2003456.1157226562,6773248.195648193,4369040.012359619,6132904.171943665,1763864.1595840454,0.2997936429604491,0,False,,,,,,,,,,,,,,,,,,,,,,,,,,,,,,,,,,,,,,,,,,,,,,,,,,,,,,,,,,,,,,,,,,,,,,,,,,,,,,,,,,,,,,,,,,,,,,,,,20,4908593.595027924,5099600.076675415,1471565.1556657485,2003456.1157226562,6773248.195648193,4369040.012359619,6132904.171943665,1763864.1595840454,0.2997936429604491,0,False,1.7272040684692744,,11.686308554386116,
efc8908b-b014-4804-ab95-33de26614148,AES-128,cuda_baseline,baseline,ECB,33554432,pipeline,pinned,,2006,20,5612.904365205122,4806.427202387038,1912.4738816837973,3367.2745308276444,8437.070366885904,4403.033942875794,7674.280661009693,3271.246718133899,0.3407280361909224,0,False,20,1451.50550937632,1201.9836242053555,623.7114277778186,654.4396941800593,2290.4205489457268,1177.0964583574078,2190.539388411545,1013.4429300541374,0.42969966269422816,0,False,20,0.006650113534927368,0.006981631994247436,0.0021445475799827607,0.003977024078369141,0.009964863777160644,0.0043782398700714115,0.007620991826057435,0.0032427519559860233,0.32248285216775374,0,False,20,0.028087375,0.027916,0.013180122996106675,0.0146499,0.051272,0.01531885,0.0285076,0.01318875,0.4692543534633149,4,True,20,10743390,10411200.0,5579287.47798498,5321500,20812700,5426975.0,10706225.0,5279250.0,0.5193228094656324,4,True,20,6650113.534927368,6981631.9942474365,2144547.579982761,3977024.0783691406,9964863.777160645,4378239.870071411,7620991.826057434,3242751.955986023,0.32248285216775374,0,False,20,10560070,10207450.0,5524365.767941149,5208500,20587400,5380400.0,10396225.0,5015825.0,0.5231372299559708,4,True,20,21303460,20671050.0,11102202.842366584,10551100,41117900,10860250.0,21068050.0,10207800.0,0.5211455248286703,4,True,20,28087375,27916000.0,13180122.996106675,14649900,51272000,15318850.0,28507600.0,13188750.0,0.4692543534633149,4,True,,,,,,,,,,,,,,,,,,,,,,,,,,,,,,,,,,,,,,,,,,,,,,,,,,,,,,,,,,,,,,,,,,,,,,,,,,0.6322162917323398,,4.274749247743229
efc8908b-b014-4804-ab95-33de26614148,AES-128,cuda_baseline,baseline,ECB,33554432,resident,pinned,1,2006,20,5791.476322833813,4753.517673116936,1771.1949117590034,3512.1585230914693,8480.673965615479,4569.27600203206,7706.899999351129,3137.6239973190686,0.3058278775613373,0,False,,,,,,,,,,,,,20,0.00628090717792511,0.0070588641166687005,0.0017083439961254404,0.003956576108932495,0.009553791999816895,0.004361199975013733,0.007344375967979431,0.0029831759929656986,0.2719900084066821,0,False,,,,,,,,,,,,,,,,,,,,,,,,,20,6280907.17792511,7058864.116668701,1708343.9961254403,3956576.108932495,9553791.999816895,4361199.975013733,7344375.967979431,2983175.9929656982,0.2719900084066821,0,False,,,,,,,,,,,,,,,,,,,,,,,,,,,,,,,,,,,,,,,,,,,,,,,,,,,,,,,,,,,,,,,,,,,,,,,,,,,,,,,,,,,,,,,,,,,,,,,,,20,6280907.17792511,7058864.116668701,1708343.9961254403,3956576.108932495,9553791.999816895,4361199.975013733,7344375.967979431,2983175.9929656982,0.2719900084066821,0,False,2.5002535405553457,,16.905538628829337,
efc8908b-b014-4804-ab95-33de26614148,AES-128,cuda_optimized_v1,optimized,CTR,1024,pipeline,pinned,,2006,20,20.611594568260205,21.227219014953974,1.2998931399471259,17.121455059700068,22.099448027672757,19.833246156550373,21.50899138537979,1.6757452288294168,0.06306611240785957,1,True,20,5.670792933104148,5.735124639663236,0.2552041246823454,4.675799086757991,5.854774156660949,5.6009848621707405,5.804988662131519,0.20400379996077866,0.045003252224667036,1,True,20,4.9884799867868424e-05,4.823999851942063e-05,3.4148488502560863e-06,4.633599892258644e-05,5.980800092220306e-05,4.760800115764141e-05,5.163999926298857e-05,4.031998105347161e-06,0.06845469680746667,1,True,20,0.00018098,0.00017854999999999998,9.506928221593259e-06,0.0001749,0.000219,0.0001764,0.000182825,6.425000000000007e-06,0.05253026976236744,1,True,20,40000,40150.0,1197.8050100518294,38300,43400,39150.0,40600.0,1450.0,0.029945125251295734,1,True,20,49884.79986786842,48239.998519420624,3414.848850256087,46335.99892258644,59808.000922203064,47608.00115764141,51639.99926298857,4031.9981053471565,0.06845469680746669,1,True,20,41885,41800.0,3477.4877501770698,39100,55500,39975.0,42525.0,2550.0,0.08302465680260403,1,True,20,81885,81150.0,4221.408470366758,78200,98900,80275.0,81825.0,1550.0,0.05155289088803514,1,True,20,180980,178550.0,9506.928221593256,174900,219000,176400.0,182825.0,6425.0,0.052530269762367424,1,True,,,,,,,,,,,,,,,,,,,,,,,,,,,,,,,,,,,,,,,,,,,,,,,,,,,,,,,,,,,,,,,,,,,,,,,,,,0.03416409969196304,,0.04984598151778214
efc8908b-b014-4804-ab95-33de26614148,AES-128,cuda_optimized_v1,optimized,CTR,1024,resident,pinned,1,2006,20,19.91235494887378,21.087334851191073,4.073017108543533,3.0038485894917653,22.099448027672757,20.17990753818878,21.276623385487113,1.0967158472983343,0.2045472330621496,1,True,,,,,,,,,,,,,20,6.389280054718256e-05,4.8560000956058504e-05,6.523436017148566e-05,4.633599892258644e-05,0.00034089601039886475,4.812800139188767e-05,5.074399895966053e-05,2.615997567772861e-06,1.020997038990526,2,True,,,,,,,,,,,,,,,,,,,,,,,,,20,63892.80054718256,48560.0009560585,65234.360171485656,46335.99892258644,340896.01039886475,48128.001391887665,50743.99895966053,2615.9975677728653,1.020997038990526,2,True,,,,,,,,,,,,,,,,,,,,,,,,,,,,,,,,,,,,,,,,,,,,,,,,,,,,,,,,,,,,,,,,,,,,,,,,,,,,,,,,,,,,,,,,,,,,,,,,,20,63892.80054718256,48560.0009560585,65234.360171485656,46335.99892258644,340896.01039886475,48128.001391887665,50743.99895966053,2615.9975677728653,1.020997038990526,2,True,0.12561778994855938,,0.18327841484298008,
efc8908b-b014-4804-ab95-33de26614148,AES-128,cuda_optimized_v1,optimized,CTR,16384,pipeline,pinned,,2006,20,328.80173795025695,329.5800415569492,11.100799005620509,300.9994067749062,345.94595128380536,323.2327185834622,336.1236680123099,12.890949428847705,0.03376137569960139,1,True,20,88.06610704992495,89.33489358868243,4.4058872447378965,70.55986218776917,91.07281823235131,88.22863161610769,89.9725425590335,1.7439109429258082,0.05002931766065446,2,True,20,4.9884799867868424e-05,4.971200041472912e-05,1.7284961944495481e-06,4.735999926924705e-05,5.443200096487999e-05,4.8743999563157556e-05,5.06879985332489e-05,1.9439989700913455e-06,0.03464975702073327,1,True,20,0.000186575,0.0001834,1.1236026409442274e-05,0.0001799,0.0002322,0.0001821,0.00018570000000000001,3.600000000000006e-06,0.060222572206577916,3,True,20,44515,42000.0,11078.441606158,40300,91300,41250.0,42550.0,1300.0,0.24886985524335617,2,True,20,49884.79986786842,49712.00041472912,1728.496194449548,47359.999269247055,54432.00096487999,48743.99956315756,50687.9985332489,1943.998970091343,0.03464975702073327,1,True,20,43410,43150.0,884.3076387773658,41400,45100,43000.0,43750.0,750.0,0.020371058253337154,3,True,20,87925,85300.0,11016.345511150812,83700,134300,84550.0,86200.0,1650.0,0.1252925278493126,2,True,20,186575,183400.0,11236.026409442273,179900,232200,182100.0,185700.0,3600.0,0.0602225722065779,3,True,,,,,,,,,,,,,,,,,,,,,,,,,,,,,,,,,,,,,,,,,,,,,,,,,,,,,,,,,,,,,,,,,,,,,,,,,,0.064340239912759,,0.3361504907306434
efc8908b-b014-4804-ab95-33de26614148,AES-128,cuda_optimized_v1,optimized,CTR,16384,resident,pinned,1,2006,20,319.20925981866526,328.4178137945988,22.733080862979854,258.58586606851924,341.56103945788203,310.22556158648916,335.8505382821347,25.624976695645557,0.07121685904692722,1,True,,,,,,,,,,,,,20,5.1600000262260436e-05,4.98879998922348e-05,4.051395027807959e-06,4.7968000173568725e-05,6.335999816656113e-05,4.8783999867737295e-05,5.282399989664555e-05,4.040000028908254e-06,0.07851540711659834,1,True,,,,,,,,,,,,,,,,,,,,,,,,,20,51600.00026226044,49887.9998922348,4051.3950278079597,47968.000173568726,63359.99816656113,48783.99986773729,52823.999896645546,4040.0000289082527,0.07851540711659835,1,True,,,,,,,,,,,,,,,,,,,,,,,,,,,,,,,,,,,,,,,,,,,,,,,,,,,,,,,,,,,,,,,,,,,,,,,,,,,,,,,,,,,,,,,,,,,,,,,,,20,51600.00026226044,49887.9998922348,4051.3950278079597,47968.000173568726,63359.99816656113,48783.99986773729,52823.999896645546,4040.0000289082527,0.07851540711659835,1,True,0.2365298273229972,,1.2357681232595576,
efc8908b-b014-4804-ab95-33de26614148,AES-128,cuda_optimized_v1,optimized,CTR,1048576,pipeline,pinned,,2006,20,4959.908077548053,4834.8375201268855,696.6032572734337,4244.009906304074,6059.171372445666,4358.325924777073,5331.295839485987,972.9699147089141,0.14044680796136885,0,False,20,1341.4648602186842,1294.3068740014496,170.47354185120577,1066.9271469271469,1641.9918571875978,1207.6205420840515,1430.2548025841188,222.63426050006728,0.12708013970892637,0,False,20,0.0002151440002024174,0.0002168800011277199,2.810911486210803e-05,0.0001730560064315796,0.0002470719963312149,0.00019755200296640396,0.00024059199914336208,4.303999617695812e-05,0.13065256217073998,0,False,20,0.000793205,0.0008101499999999999,9.632768894712847e-05,0.0006386,0.0009828,0.000733725,0.00086835,0.0001346250000000001,0.12144110154011697,0,False,20,241155,243000.0,20379.103719767772,207000,295300,237600.0,248975.0,11375.0,0.08450624585750978,5,True,20,215144.00020241737,216880.00112771988,28109.11486210803,173056.0064315796,247071.9963312149,197552.00296640396,240591.99914336205,43039.996176958084,0.13065256217073998,0,False,20,251380,240550.0,48285.015655398776,201900,391600,204375.0,282500.0,78125.0,0.19207978222372016,0,False,20,492535,483800.0,60477.67987578471,410700,649200,445200.0,537475.0,92275.0,0.12278859345180486,0,False,20,793205,810150.0,96327.68894712847,638600,982800,733725.0,868350.0,134625.0,0.12144110154011695,0,False,,,,,,,,,,,,,,,,,,,,,,,,,,,,,,,,,,,,,,,,,,,,,,,,,,,,,,,,,,,,,,,,,,,,,,,,,,0.9094612108868728,,4.887983706720978
efc8908b-b014-4804-ab95-33de26614148,AES-128,cuda_optimized_v1,optimized,CTR,1048576,resident,pinned,1,2006,20,4557.06198020682,4334.110264111474,848.1661768569546,2398.8287485807386,6054.693015275789,4250.346952591163,4876.986468593543,626.6395160023794,0.18612127299143316,4,True,,,,,,,,,,,,,20,0.00023910879865288734,0.00024193600565195085,5.48361548252934e-05,0.00017318400740623475,0.0004371199905872345,0.00021501599624753,0.0002467040009796619,3.1688004732131935e-05,0.22933557917665207,1,True,,,,,,,,,,,,,,,,,,,,,,,,,20,239108.79865288734,241936.00565195084,54836.1548252934,173184.00740623474,437119.9905872345,215015.99624752998,246704.00097966194,31688.004732131958,0.22933557917665207,1,True,,,,,,,,,,,,,,,,,,,,,,,,,,,,,,,,,,,,,,,,,,,,,,,,,,,,,,,,,,,,,,,,,,,,,,,,,,,,,,,,,,,,,,,,,,,,,,,,,20,239108.79865288734,241936.00565195084,54836.1548252934,173184.00740623474,437119.9905872345,215015.99624752998,246704.00097966194,31688.004732131958,0.22933557917665207,1,True,3.045433431929766,,16.367964699296788,
efc8908b-b014-4804-ab95-33de26614148,AES-128,cuda_optimized_v1,optimized,CTR,16777216,pipeline,pinned,,2006,20,4225.515452505066,3649.9214820632624,1955.0194471734492,2553.790018958119,8058.282701747981,3056.3646702749725,3991.2825456967207,934.9178754217482,0.4626700503519471,4,True,20,1110.356874275019,1073.9729129382392,599.2371450561259,587.3943442533987,2229.3526097586905,629.8659477427742,1139.1851502987886,509.3192025560144,0.5396797722780646,4,True,20,0.004595121634006501,0.004596768140792847,0.0014891120157318745,0.002081984043121338,0.006569536209106446,0.004205608129501342,0.005503744125366211,0.0012981359958648686,0.324063677599218,4,True,20,0.018864950000000002,0.015624349999999999,0.007859795299430346,0.0075256,0.0285621,0.014728624999999999,0.0266365,0.011907875000000002,0.41663483335128615,0,False,20,7178710,5700200.0,3291246.121855912,2673900,11487800,5206200.0,10380925.0,5174725.0,0.4584731966963301,0,False,20,4595121.6340065,4596768.140792847,1489112.0157318746,2081984.043121338,6569536.209106445,4205608.129501343,5503744.125366211,1298135.9958648682,0.32406367759921806,4,True,20,6964780,5369200.0,3166907.3103282526,2634600,10350200,5133300.0,10182225.0,5048925.0,0.45470313639888876,0,False,20,14143490,10909400.0,6453026.02904046,5309900,21838000,10345600.0,20577400.0,10231800.0,0.4562541514888093,0,False,20,18864950,15624350.0,7859795.299430346,7525600,28562100,14728625.0,26636500.0,11907875.0,0.41663483335128615,0,False,,,,,,,,,,,,,,,,,,,,,,,,,,,,,,,,,,,,,,,,,,,,,,,,,,,,,,,,,,,,,,,,,,,,,,,,,,0.7423124801991763,,4.126322054997488
efc8908b-b014-4804-ab95-33de26614148,AES-128,cuda_optimized_v1,optimized,CTR,16777216,resident,pinned,1,2006,20,4192.603809625162,3439.6534155061618,1996.2976596702126,2488.6577558726403,8091.613856473573,2821.5830960716476,4047.27229654894,1225.6892004772926,0.4761474611760873,4,True,,,,,,,,,,,,,20,0.004668131184577942,0.004888736009597779,0.0015451882163040494,0.0020734078884124757,0.006741471767425537,0.004146991968154907,0.005946544051170349,0.001799552083015442,0.331007881999733,0,False,,,,,,,,,,,,,,,,,,,,,,,,,20,4668131.184577942,4888736.009597778,1545188.2163040496,2073407.8884124756,6741471.767425537,4146991.968154907,5946544.051170349,1799552.083015442,0.3310078819997331,0,False,,,,,,,,,,,,,,,,,,,,,,,,,,,,,,,,,,,,,,,,,,,,,,,,,,,,,,,,,,,,,,,,,,,,,,,,,,,,,,,,,,,,,,,,,,,,,,,,,20,4668131.184577942,4888736.009597778,1545188.2163040496,2073407.8884124756,6741471.767425537,4146991.968154907,5946544.051170349,1799552.083015442,0.3310078819997331,0,False,2.3724230511179187,,13.187682843464557,
efc8908b-b014-4804-ab95-33de26614148,AES-128,cuda_optimized_v1,optimized,CTR,33554432,pipeline,pinned,,2006,20,5458.165370289915,4657.605977828465,1893.1355396894726,2902.608474714682,8123.017741401072,4176.937534821923,7346.974031125184,3170.0364963032616,0.346844665058017,0,False,20,1485.6869631513118,1201.6489371983134,636.7539195795904,628.9879598925519,2272.534879310812,1161.316115253339,2202.1213160202833,1040.8052007669444,0.42859225083927677,0,False,20,0.006920670413970947,0.007206480026245117,0.00243685347527122,0.004130784034729004,0.011560095787048339,0.00456715989112854,0.008037032008171081,0.003469872117042541,0.3521123430978417,0,False,20,0.02778598,0.027923950000000003,0.013740412595375652,0.0147652,0.0533467,0.015237325,0.028894,0.013656675,0.49450883486476466,4,True,20,10454710,10327300.0,5776768.790222109,5312900,21338800,5367525.0,10492200.0,5124675.0,0.5525517962929731,4,True,20,6920670.413970947,7206480.026245117,2436853.4752712203,4130784.034729004,11560095.78704834,4567159.89112854,8037032.008171082,3469872.1170425415,0.3521123430978417,0,False,20,10281750,10154350.0,5592373.2196532395,5206300,20271700,5307750.0,10441575.0,5133825.0,0.5439125848861565,4,True,20,20736460,20534350.0,11367178.783692155,10536900,41584200,10656350.0,20850900.0,10194550.0,0.5481735447464107,4,True,20,27785980,27923950.0,13740412.595375653,14765200,53346700,15237325.0,28894000.0,13656675.0,0.49450883486476466,4,True,,,,,,,,,,,,,,,,,,,,,,,,,,,,,,,,,,,,,,,,,,,,,,,,,,,,,,,,,,,,,,,,,,,,,,,,,,0.8253882419929846,,4.498040212792244
efc8908b-b014-4804-ab95-33de26614148,AES-128,cuda_optimized_v1,optimized,CTR,33554432,resident,pinned,1,2006,20,5445.521695816505,4581.961642649916,1876.192608231219,2954.0098251718873,8116.5416591979,4099.153049423539,7320.555239830134,3221.402190406595,0.3445386343190212,0,False,,,,,,,,,,,,,20,0.006903012800216675,0.007324127912521362,0.002340030045435433,0.004134079933166504,0.011358943939208985,0.004583880186080933,0.008194583654403688,0.0036107034683227545,0.3389867747836109,0,False,,,,,,,,,,,,,,,,,,,,,,,,,20,6903012.800216675,7324127.912521362,2340030.0454354333,4134079.933166504,11358943.939208984,4583880.186080933,8194583.6544036865,3610703.468322754,0.3389867747836109,0,False,,,,,,,,,,,,,,,,,,,,,,,,,,,,,,,,,,,,,,,,,,,,,,,,,,,,,,,,,,,,,,,,,,,,,,,,,,,,,,,,,,,,,,,,,,,,,,,,,20,6903012.800216675,7324127.912521362,2340030.0454354333,4134079.933166504,11358943.939208984,4583880.186080933,8194583.6544036865,3610703.468322754,0.3389867747836109,0,False,3.1468729486000466,,17.14921578380253,
efc8908b-b014-4804-ab95-33de26614148,AES-128,cuda_optimized_v1,optimized,ECB,1024,pipeline,pinned,,2006,20,20.217650093541923,20.712399980166733,2.4975543294952827,10.104199874711085,22.023399795612193,20.356259047297304,21.39040329270143,1.034144245404125,0.12353336406257573,1,True,20,5.545135394479395,5.7095282951411885,0.6564775169220087,2.919042189281642,5.981308411214953,5.6395585739567835,5.775527232657533,0.13596865870074915,0.11838800502068572,3,True,20,5.201279949396849e-05,4.9439998343586916e-05,1.1755846708043171e-05,4.649600014090538e-05,0.00010134399682283402,4.787199944257737e-05,5.030399933457375e-05,2.4319998919963804e-06,0.22601834206994384,1,True,20,0.000189,0.00017935,3.890545895940704e-05,0.0001712,0.0003508,0.0001773,0.000181575,4.275000000000009e-06,0.20584898920321185,2,True,20,42605,40200.0,12026.132729229817,38400,93600,39375.0,40700.0,1325.0,0.282270454858111,1,True,20,52012.79949396849,49439.99834358692,11755.846708043171,46496.00014090538,101343.99682283401,47871.99944257736,50303.999334573746,2431.9998919963837,0.22601834206994384,1,True,20,45215,42050.0,12000.97693391755,39000,85200,39800.0,42475.0,2675.0,0.2654202573021685,2,True,20,87820,81500.0,22729.614348269366,78000,178800,80450.0,83000.0,2550.0,0.2588204776619149,2,True,20,189000,179350.0,38905.458959407035,171200,350800,177300.0,181575.0,4275.0,0.20584898920321182,2,True,,,,,,,,,,,,,,,,,,,,,,,,,,,,,,,,,,,,,,,,,,,,,,,,,,,,,,,,,,,,,,,,,,,,,,,,,,0.029829941455255086,,0.047393364928909956
efc8908b-b014-4804-ab95-33de26614148,AES-128,cuda_optimized_v1,optimized,ECB,1024,resident,pinned,1,2006,20,21.453802594136196,21.76161065282905,0.7954218407897965,19.42926570585502,22.19140026186181,21.25540354173437,21.929089769025996,0.6736862272916255,0.037076030568455175,2,True,,,,,,,,,,,,,20,4.7796800173819065e-05,4.7055998817086225e-05,1.8845362832426346e-06,4.614400118589401e-05,5.270399898290634e-05,4.669600166380405e-05,4.817600082606078e-05,1.4799991622567267e-06,0.039428084649794165,2,True,,,,,,,,,,,,,,,,,,,,,,,,,20,47796.800173819065,47055.99881708622,1884.5362832426351,46144.00118589401,52703.99898290634,46696.001663804054,48176.00082606077,1479.9991622567177,0.03942808464979418,2,True,,,,,,,,,,,,,,,,,,,,,,,,,,,,,,,,,,,,,,,,,,,,,,,,,,,,,,,,,,,,,,,,,,,,,,,,,,,,,,,,,,,,,,,,,,,,,,,,,20,47796.800173819065,47055.99881708622,1884.5362832426351,46144.00118589401,52703.99898290634,46696.001663804054,48176.00082606077,1479.9991622567177,0.03942808464979418,2,True,0.11369432451739592,,0.1806358426911898,
efc8908b-b014-4804-ab95-33de26614148,AES-128,cuda_optimized_v1,optimized,ECB,16384,pipeline,pinned,,2006,20,323.42416823916125,330.33633330361164,22.56010388583221,243.46172737446298,344.78114124361196,315.3681174191825,336.01533212104914,20.64721470186663,0.06975392101541952,1,True,20,88.21105404830897,89.8491978712552,5.876249854928324,64.35192458758837,91.94163860830527,88.69412627533475,90.3945034070458,1.7003771317110505,0.06661579910053204,2,True,20,5.0942400097846985e-05,4.959999956190586e-05,4.32084777074094e-06,4.7520000487565994e-05,6.729599833488465e-05,4.875999968498945e-05,5.1952000707387924e-05,3.1920010223984737e-06,0.08481829993172142,1,True,20,0.00018677,0.00018235000000000001,1.6378197960125304e-05,0.0001782,0.0002546,0.00018125,0.00018472499999999998,3.4749999999999896e-06,0.08769180253855172,2,True,20,41475,41350.0,527.0324068733695,40600,42400,41175.0,41925.0,750.0,0.012707231027688233,0,False,20,50942.400097846985,49599.99956190586,4320.847770740939,47520.000487565994,67295.99833488464,48759.99968498945,51952.000707387924,3192.001022398472,0.08481829993172141,1,True,20,44450,43250.0,5226.501295271406,41700,66300,42775.0,44100.0,1325.0,0.1175815814459259,1,True,20,85925,84900.0,5431.378132762681,82700,108600,83975.0,85775.0,1800.0,0.0632106852809157,1,True,20,186770,182350.0,16378.197960125302,178200,254600,181250.0,184725.0,3475.0,0.0876918025385517,2,True,,,,,,,,,,,,,,,,,,,,,,,,,,,,,,,,,,,,,,,,,,,,,,,,,,,,,,,,,,,,,,,,,,,,,,,,,,0.048258842884562655,,0.3183438442555525
efc8908b-b014-4804-ab95-33de26614148,AES-128,cuda_optimized_v1,optimized,ECB,16384,resident,pinned,1,2006,20,326.6419120974339,329.15546926889795,20.903555088366563,266.94472676566016,347.1186310051164,321.5575646999056,342.0178287824572,20.46026408255159,0.06399532428077156,2,True,,,,,,,,,,,,,20,5.0379200279712675e-05,4.9775999039411545e-05,3.6350984729737623e-06,4.7200001776218416e-05,6.137600168585777e-05,4.790399968624115e-05,5.0952000543475146e-05,3.0480008572339974e-06,0.07215474745115374,2,True,,,,,,,,,,,,,,,,,,,,,,,,,20,50379.20027971268,49775.999039411545,3635.098472973763,47200.001776218414,61376.00168585777,47903.99968624115,50952.00054347515,3048.000857234001,0.07215474745115376,2,True,,,,,,,,,,,,,,,,,,,,,,,,,,,,,,,,,,,,,,,,,,,,,,,,,,,,,,,,,,,,,,,,,,,,,,,,,,,,,,,,,,,,,,,,,,,,,,,,,20,50379.20027971268,49775.999039411545,3635.098472973763,47200.001776218414,61376.00168585777,47903.99968624115,50952.00054347515,3048.000857234001,0.07215474745115376,2,True,0.17679203169849697,,1.1662247091020168,
efc8908b-b014-4804-ab95-33de26614148,AES-128,cuda_optimized_v1,optimized,ECB,1048576,pipeline,pinned,,2006,20,4961.213590611813,4616.024853008892,741.3010869408334,4116.065657575831,6195.500102320814,4382.416395213874,5434.914316706328,1052.4979214924533,0.14941930505544246,0,False,20,1332.8948216494384,1289.999428809349,190.22210841428492,956.0320933625092,1659.6644507755618,1209.1407273977393,1397.0393977379763,187.898670340237,0.14271351746935873,0,False,20,0.0002155615985393524,0.00022739200294017792,2.9771231946576705e-05,0.00016924799978733062,0.0002547520101070404,0.00019340799376368523,0.00023927999660372734,4.587200284004211e-05,0.13811009079681574,0,False,20,0.000801925,0.0008128499999999999,0.00011439312122767928,0.0006318,0.0010968,0.0007507499999999999,0.0008672999999999999,0.00011654999999999999,0.1426481544130427,1,True,20,246680,242550.0,49618.93314366795,206900,436100,213375.0,248300.0,34925.0,0.2011469642600452,1,True,20,215561.59853935242,227392.00294017792,29771.231946576703,169247.99978733063,254752.0101070404,193407.99376368523,239279.99660372734,45872.002840042114,0.13811009079681572,0,False,20,251800,240950.0,35716.382795574355,203500,321100,233800.0,283475.0,49675.0,0.14184425256383779,0,False,20,498480,484000.0,73821.26066598829,410700,720700,458575.0,534000.0,75425.0,0.1480927232105366,1,True,20,801925,812850.0,114393.12122767928,631800,1096800,750750.0,867300.0,116550.0,0.1426481544130427,1,True,,,,,,,,,,,,,,,,,,,,,,,,,,,,,,,,,,,,,,,,,,,,,,,,,,,,,,,,,,,,,,,,,,,,,,,,,,0.7193824198806669,,4.591560558528634
efc8908b-b014-4804-ab95-33de26614148,AES-128,cuda_optimized_v1,optimized,ECB,1048576,resident,pinned,1,2006,20,5118.607883156511,5010.869185552672,771.5603694376088,4212.908155745678,6213.120838895236,4391.916146109389,6031.071363951497,1639.155217842108,0.15073636954620712,0,False,,,,,,,,,,,,,20,0.00020922400057315826,0.00020926400274038314,3.062227566383928e-05,0.0001687680035829544,0.0002488960027694702,0.0001738639958202839,0.00023875200003385544,6.488800421357153e-05,0.14636119938415837,0,False,,,,,,,,,,,,,,,,,,,,,,,,,20,209224.00057315826,209264.00274038315,30622.275663839282,168768.0035829544,248896.00276947021,173863.9958202839,238752.00003385544,64888.00421357155,0.14636119938415837,0,False,,,,,,,,,,,,,,,,,,,,,,,,,,,,,,,,,,,,,,,,,,,,,,,,,,,,,,,,,,,,,,,,,,,,,,,,,,,,,,,,,,,,,,,,,,,,,,,,,20,209224.00057315826,209264.00274038315,30622.275663839282,168768.0035829544,248896.00276947021,173863.9958202839,238752.00003385544,64888.00421357155,0.14636119938415837,0,False,2.794317189495089,,17.835126687461386,
efc8908b-b014-4804-ab95-33de26614148,AES-128,cuda_optimized_v1,optimized,ECB,16777216,pipeline,pinned,,2006,20,3940.2684154742683,3349.278851456485,1864.9959721464784,2456.1991243273606,8328.112440834257,2751.8914797435164,3786.5687170151223,1034.677237271606,0.47331698643225534,3,True,20,990.1637745290441,645.2721480863008,557.3172791592114,591.870345479625,2222.559944890443,623.6977245006398,1113.3558110757065,489.6580865750667,0.562853634414459,3,True,20,0.0048744000196456905,0.0050142560005187985,0.0014472714457826662,0.0020145280361175536,0.006830560207366943,0.004435015916824341,0.0060966238975524905,0.0016616079807281496,0.29691273591613543,0,False,20,0.020765725,0.026000299999999997,0.00762112352442901,0.0075486,0.0283461,0.0150691,0.026899600000000003,0.011830500000000002,0.36700493358305625,0,False,20,7887810,10359500.0,3272248.403564677,2705500,11623000,5304350.0,10413525.0,5109175.0,0.4148487861097918,0,False,20,4874400.019645691,5014256.000518799,1447271.445782666,2014528.0361175537,6830560.207366943,4435015.916824341,6096623.89755249,1661607.9807281494,0.2969127359161354,0,False,20,7856465,10171150.0,3118621.656450001,2638100,10484900,5144200.0,10245475.0,5101275.0,0.3969497294839347,0,False,20,15744275,20558500.0,6275933.774253501,5379100,21877100,10501350.0,20658150.0,10156800.0,0.398616879739048,0,False,20,20765725,26000300.0,7621123.52442901,7548600,28346100,15069100.0,26899600.0,11830500.0,0.36700493358305625,0,False,,,,,,,,,,,,,,,,,,,,,,,,,,,,,,,,,,,,,,,,,,,,,,,,,,,,,,,,,,,,,,,,,,,,,,,,,,0.3387672449933271,,2.2921081679826774
efc8908b-b014-4804-ab95-33de26614148,AES-128,cuda_optimized_v1,optimized,ECB,16777216,resident,pinned,1,2006,20,3943.2910688341553,3281.905818617179,1870.7306881047436,2603.527651557797,8235.493701047297,2764.095484370445,3799.8696402684377,1035.7741558979928,0.47440847136293957,3,True,,,,,,,,,,,,,20,0.0048660559892654415,0.005112927913665771,0.0014247447280190317,0.0020371840000152587,0.0064440321922302245,0.0044189999103546145,0.006069696068763732,0.0016506961584091175,0.29279250612036317,0,False,,,,,,,,,,,,,,,,,,,,,,,,,20,4866055.989265442,5112927.9136657715,1424744.7280190317,2037184.0000152588,6444032.192230225,4418999.910354614,6069696.068763733,1650696.1584091187,0.29279250612036317,0,False,,,,,,,,,,,,,,,,,,,,,,,,,,,,,,,,,,,,,,,,,,,,,,,,,,,,,,,,,,,,,,,,,,,,,,,,,,,,,,,,,,,,,,,,,,,,,,,,,20,4866055.989265442,5112927.9136657715,1424744.7280190317,2037184.0000152588,6444032.192230225,4418999.910354614,6069696.068763733,1650696.1584091187,0.29279250612036317,0,False,1.7227017765022568,,11.65584592748,
efc8908b-b014-4804-ab95-33de26614148,AES-128,cuda_optimized_v1,optimized,ECB,33554432,pipeline,pinned,,2006,20,5831.47185946443,5068.311023818311,1721.5624471723247,3393.0873990271593,8375.609173992609,4525.2791222681835,7678.399206509026,3153.1200842408425,0.29521919828494814,0,False,20,1540.8470307855275,1227.3512534826268,540.6423912845581,655.7109077904972,2284.9148802876366,1195.5018892830333,2204.669428393221,1009.1675391101878,0.3508735004077188,0,False,20,0.006219569587707519,0.0066211199760437016,0.0017045409318743286,0.004006207942962647,0.009889056205749511,0.0043781199455261224,0.007415271878242493,0.0030371519327163704,0.27406091496157825,0,False,20,0.02449015,0.0273393,0.008828008630936806,0.0146852,0.0511726,0.0152207,0.02806815,0.01284745,0.3604718072750394,1,True,20,9141195,10312900.0,3609697.640417663,5318500,20593000,5454000.0,10407400.0,4953400.0,0.39488246781932373,1,True,20,6219569.5877075195,6621119.976043701,1704540.9318743285,4006207.9429626465,9889056.205749512,4378119.945526123,7415271.878242493,3037151.9327163696,0.2740609149615782,0,False,20,8987280,10164400.0,3564316.40756866,5225300,20233900,5325300.0,10238975.0,4913675.0,0.39659567828849884,1,True,20,18128475,20485850.0,7173179.635858109,10543900,40826900,10717700.0,20653225.0,9935525.0,0.3956857725681895,1,True,20,24490150,27339300.0,8828008.630936805,14685200,51172600,15220700.0,28068150.0,12847450.0,0.36047180727503936,1,True,,,,,,,,,,,,,,,,,,,,,,,,,,,,,,,,,,,,,,,,,,,,,,,,,,,,,,,,,,,,,,,,,,,,,,,,,,0.6455523733233843,,4.364921559805847
efc8908b-b014-4804-ab95-33de26614148,AES-128,cuda_optimized_v1,optimized,ECB,33554432,resident,pinned,1,2006,20,5557.922859663244,4792.612038365213,1791.2919917170436,3397.628086764909,8400.234090740381,4354.706687288808,7348.992569097234,2994.285881808426,0.32229522376378905,0,False,,,,,,,,,,,,,20,0.0065895471811294555,0.007001616001129151,0.0018571629493567682,0.0039944639205932615,0.009875840187072753,0.004583256125450135,0.007705407977104187,0.003122151851654052,0.28183468428227393,0,False,,,,,,,,,,,,,,,,,,,,,,,,,20,6589547.181129456,7001616.00112915,1857162.9493567683,3994463.9205932617,9875840.187072754,4583256.125450134,7705407.977104187,3122151.8516540527,0.28183468428227393,0,False,,,,,,,,,,,,,,,,,,,,,,,,,,,,,,,,,,,,,,,,,,,,,,,,,,,,,,,,,,,,,,,,,,,,,,,,,,,,,,,,,,,,,,,,,,,,,,,,,20,6589547.181129456,7001616.00112915,1857162.9493567683,3994463.9205932617,9875840.187072754,4583256.125450134,7705407.977104187,3122151.8516540527,0.28183468428227393,0,False,2.520696650195291,,17.043765322284884,
