session_id,mode,algorithm,backend,bytes,repeat,operation,h2d_ns,kernel_ns,d2h_ns,transfer_ns,end_to_end_ns,kernel_seconds,end_to_end_seconds,kernel_throughput_MB_s,end_to_end_throughput_MB_s,resident_batch_ns,profile,measurement,host_memory,resident_iterations,validation_checked,variant_order,job_order,nonce_bytes,counter_bits,initial_counter
b609321f-50f9-4e51-9d94-6e9c9517e127,CTR,AES-128,cuda,1024,0,encrypt,43600,62559.99952554703,52100,95700,221700,6.255999952554703e-05,0.0002217,16.368286569149333,4.618854307622914,,baseline,pipeline,pinned,,True,0,0,0,128,a7ac32dfd428d6580000000000000000
b609321f-50f9-4e51-9d94-6e9c9517e127,ECB,AES-128,cuda,1024,0,encrypt,43000,58400.001376867294,52900,95900,217100,5.840000137686729e-05,0.0002171,17.534246161946403,4.7167204053431595,,baseline,pipeline,pinned,,True,1,1,0,,
b609321f-50f9-4e51-9d94-6e9c9517e127,CTR,AES-128,cuda,1024,1,encrypt,43300,60864.001512527466,53700,97000,219500,6.086400151252747e-05,0.0002195,16.824394955189284,4.665148063781321,,baseline,pipeline,pinned,,True,0,2,0,128,48993375c5f67c2d0000000000000000
b609321f-50f9-4e51-9d94-6e9c9517e127,ECB,AES-128,cuda,1024,1,encrypt,44800,58207.99991488457,50000,94800,214600,5.820799991488457e-05,0.0002146,17.592083588121184,4.771668219944082,,baseline,pipeline,pinned,,True,1,3,0,,
b609321f-50f9-4e51-9d94-6e9c9517e127,ECB,AES-128,cuda,1024,2,encrypt,43700,58784.00057554245,52500,96200,214400,5.878400057554245e-05,0.0002144,17.41970587190766,4.776119402985074,,baseline,pipeline,pinned,,True,0,4,0,,
b609321f-50f9-4e51-9d94-6e9c9517e127,CTR,AES-128,cuda,1024,2,encrypt,42700,62240.00081419945,48800,91500,215400,6.224000081419944e-05,0.0002154,16.452441944158593,4.753946146703806,,baseline,pipeline,pinned,,True,1,5,0,128,d44910f71f2720650000000000000000
b609321f-50f9-4e51-9d94-6e9c9517e127,ECB,AES-128,cuda,1024,3,encrypt,41800,58463.99813890457,53300,95100,212300,5.846399813890457e-05,0.0002123,17.515052555370556,4.823363165332077,,baseline,pipeline,pinned,,True,0,6,0,,
b609321f-50f9-4e51-9d94-6e9c9517e127,CTR,AES-128,cuda,1024,3,encrypt,47900,59167.999774217606,58300,106200,230700,5.916799977421761e-05,0.0002307,17.30665231049786,4.438664932813177,,baseline,pipeline,pinned,,True,1,7,0,128,e70858d06d9863450000000000000000
b609321f-50f9-4e51-9d94-6e9c9517e127,CTR,AES-128,cuda,1024,4,encrypt,45600,61023.99900555611,49300,94900,217500,6.1023999005556104e-05,0.0002175,16.780283440729065,4.708045977011494,,baseline,pipeline,pinned,,True,0,8,0,128,205456fc372c60830000000000000000
b609321f-50f9-4e51-9d94-6e9c9517e127,ECB,AES-128,cuda,1024,4,encrypt,45200,64383.99851322174,55800,101000,225200,6.438399851322174e-05,0.0002252,15.904572931886388,4.547069271758437,,baseline,pipeline,pinned,,True,1,9,0,,
b609321f-50f9-4e51-9d94-6e9c9517e127,ECB,AES-128,cuda,1024,5,encrypt,42200,58720.000088214874,52200,94400,212500,5.872000008821488e-05,0.0002125,17.43869207189455,4.818823529411764,,baseline,pipeline,pinned,,True,0,10,0,,
b609321f-50f9-4e51-9d94-6e9c9517e127,CTR,AES-128,cuda,1024,5,encrypt,45500,59328.000992536545,54800,100300,225300,5.932800099253654e-05,0.0002253,17.259978136273613,4.545051043053706,,baseline,pipeline,pinned,,True,1,11,0,128,f34a54d39f25b9360000000000000000
b609321f-50f9-4e51-9d94-6e9c9517e127,ECB,AES-128,cuda,1024,6,encrypt,51100,60288.00085186958,107400,158500,377000,6.028800085186958e-05,0.000377,16.985137764246247,2.716180371352785,,baseline,pipeline,pinned,,True,0,12,0,,
b609321f-50f9-4e51-9d94-6e9c9517e127,CTR,AES-128,cuda,1024,6,encrypt,52300,63167.9967045784,57700,110000,250600,6.31679967045784e-05,0.0002506,16.21074046069567,4.086193136472466,,baseline,pipeline,pinned,,True,1,13,0,128,8a9ebe1348ebaefd0000000000000000
b609321f-50f9-4e51-9d94-6e9c9517e127,CTR,AES-128,cuda,1024,7,encrypt,52100,75135.99842786789,60900,113000,325800,7.51359984278679e-05,0.0003258,13.628620387377445,3.1430325352977286,,baseline,pipeline,pinned,,True,0,14,0,128,563b961cea382ca40000000000000000
b609321f-50f9-4e51-9d94-6e9c9517e127,ECB,AES-128,cuda,1024,7,encrypt,95300,60288.00085186958,56900,152200,320400,6.028800085186958e-05,0.0003204,16.985137764246247,3.1960049937578026,,baseline,pipeline,pinned,,True,1,15,0,,
b609321f-50f9-4e51-9d94-6e9c9517e127,ECB,AES-128,cuda,1024,8,encrypt,91300,66592.00042486191,69400,160700,304200,6.65920004248619e-05,0.0003042,15.37722239108007,3.36620644312952,,baseline,pipeline,pinned,,True,0,16,0,,
b609321f-50f9-4e51-9d94-6e9c9517e127,CTR,AES-128,cuda,1024,8,encrypt,60100,62880.001962184906,170300,230400,371400,6.288000196218491e-05,0.0003714,16.28498676917692,2.757135164243403,,baseline,pipeline,pinned,,True,1,17,0,128,73c9a6ffabffbdf80000000000000000
b609321f-50f9-4e51-9d94-6e9c9517e127,ECB,AES-128,cuda,1024,9,encrypt,43800,91551.9967675209,133600,177400,364100,9.15519967675209e-05,0.0003641,11.184900779392672,2.8124141719307882,,baseline,pipeline,pinned,,True,0,18,0,,
b609321f-50f9-4e51-9d94-6e9c9517e127,CTR,AES-128,cuda,1024,9,encrypt,109100,70464.00010585785,94300,203400,389500,7.046400010585785e-05,0.0003895,14.532243393245459,2.6290115532734273,,baseline,pipeline,pinned,,True,1,19,0,128,afe9443ad6ec33240000000000000000
b609321f-50f9-4e51-9d94-6e9c9517e127,ECB,AES-128,cuda,1024,10,encrypt,99400,62176.00032687187,144100,243500,429400,6.217600032687187e-05,0.0004294,16.469377165089806,2.384722869119702,,baseline,pipeline,pinned,,True,0,20,0,,
b609321f-50f9-4e51-9d94-6e9c9517e127,CTR,AES-128,cuda,1024,10,encrypt,51300,57599.9990105629,94600,145900,312900,5.7599999010562895e-05,0.0003129,17.777778083159603,3.2726110578459573,,baseline,pipeline,pinned,,True,1,21,0,128,49f8beb041fdae220000000000000000
b609321f-50f9-4e51-9d94-6e9c9517e127,CTR,AES-128,cuda,1024,11,encrypt,45900,56352.000683546066,72900,118800,308200,5.6352000683546066e-05,0.0003082,18.171493249200513,3.3225178455548345,,baseline,pipeline,pinned,,True,0,22,0,128,96b4f99d03d12e210000000000000000
b609321f-50f9-4e51-9d94-6e9c9517e127,ECB,AES-128,cuda,1024,11,encrypt,48600,77151.99887752533,85800,134400,320900,7.715199887752532e-05,0.0003209,13.272501230014083,3.191025241508258,,baseline,pipeline,pinned,,True,1,23,0,,
b609321f-50f9-4e51-9d94-6e9c9517e127,CTR,AES-128,cuda,1024,12,encrypt,53200,55615.998804569244,75000,128200,319100,5.5615998804569246e-05,0.0003191,18.411968174810003,3.2090253838921967,,baseline,pipeline,pinned,,True,0,24,0,128,f48351354fb6d74e0000000000000000
b609321f-50f9-4e51-9d94-6e9c9517e127,ECB,AES-128,cuda,1024,12,encrypt,49100,55392.00082421303,71200,120300,273000,5.539200082421303e-05,0.000273,18.48642375727991,3.750915750915751,,baseline,pipeline,pinned,,True,1,25,0,,
b609321f-50f9-4e51-9d94-6e9c9517e127,ECB,AES-128,cuda,1024,13,encrypt,43800,66143.99701356888,82100,125900,285000,6.614399701356888e-05,0.000285,15.481374670930986,3.592982456140351,,baseline,pipeline,pinned,,True,0,26,0,,
b609321f-50f9-4e51-9d94-6e9c9517e127,CTR,AES-128,cuda,1024,13,encrypt,42600,70816.00278615952,108600,151200,325300,7.081600278615952e-05,0.0003253,14.460008468596218,3.1478635106055948,,baseline,pipeline,pinned,,True,1,27,0,128,d9ecb3338d0f3fe30000000000000000
b609321f-50f9-4e51-9d94-6e9c9517e127,ECB,AES-128,cuda,1024,14,encrypt,49900,53536.00159287453,70400,120300,274900,5.3536001592874524e-05,0.0002749,19.12731562934448,3.7249909057839212,,baseline,pipeline,pinned,,True,0,28,0,,
b609321f-50f9-4e51-9d94-6e9c9517e127,CTR,AES-128,cuda,1024,14,encrypt,41000,55167.99911856651,69300,110300,277600,5.5167999118566515e-05,0.0002776,18.56148521535518,3.6887608069164264,,baseline,pipeline,pinned,,True,1,29,0,128,22fa011e5015fb7b0000000000000000
b609321f-50f9-4e51-9d94-6e9c9517e127,ECB,AES-128,cuda,1024,15,encrypt,74400,53727.999329566956,68300,142700,269700,5.3727999329566956e-05,0.0002697,19.0589639066736,3.7968112717834632,,baseline,pipeline,pinned,,True,0,30,0,,
b609321f-50f9-4e51-9d94-6e9c9517e127,CTR,AES-128,cuda,1024,15,encrypt,42100,55424.001067876816,68500,110600,267500,5.5424001067876815e-05,0.0002675,18.47575022138739,3.8280373831775703,,baseline,pipeline,pinned,,True,1,31,0,128,87290dd6266cdbe00000000000000000
b609321f-50f9-4e51-9d94-6e9c9517e127,ECB,AES-128,cuda,1024,16,encrypt,40800,53311.99988722801,69700,110500,252900,5.331199988722801e-05,0.0002529,19.207683113859705,4.049031237643337,,baseline,pipeline,pinned,,True,0,32,0,,
b609321f-50f9-4e51-9d94-6e9c9517e127,CTR,AES-128,cuda,1024,16,encrypt,40000,53536.00159287453,71900,111900,255000,5.3536001592874524e-05,0.000255,19.12731562934448,4.015686274509804,,baseline,pipeline,pinned,,True,1,33,0,128,046ff0f8537d7dfa0000000000000000
b609321f-50f9-4e51-9d94-6e9c9517e127,ECB,AES-128,cuda,1024,17,encrypt,41900,51488.0008995533,71400,113300,253400,5.14880008995533e-05,0.0002534,19.888128925372282,4.04104183109708,,baseline,pipeline,pinned,,True,0,34,0,,
b609321f-50f9-4e51-9d94-6e9c9517e127,CTR,AES-128,cuda,1024,17,encrypt,41500,52448.00075888634,66500,108000,260400,5.244800075888634e-05,0.0002604,19.52409977851257,3.932411674347158,,baseline,pipeline,pinned,,True,1,35,0,128,a6413315f2a76c490000000000000000
b609321f-50f9-4e51-9d94-6e9c9517e127,CTR,AES-128,cuda,1024,18,encrypt,40700,55968.00148487091,67200,107900,261900,5.596800148487091e-05,0.0002619,18.296168754155076,3.909889270714013,,baseline,pipeline,pinned,,True,0,36,0,128,988c2e7c3c7a22650000000000000000
b609321f-50f9-4e51-9d94-6e9c9517e127,ECB,AES-128,cuda,1024,18,encrypt,39800,53568.001836538315,66500,106300,245900,5.356800183653831e-05,0.0002459,19.115889428258225,4.164294428629524,,baseline,pipeline,pinned,,True,1,37,0,,
b609321f-50f9-4e51-9d94-6e9c9517e127,ECB,AES-128,cuda,1024,19,encrypt,41000,52319.999784231186,65700,106700,247300,5.2319999784231185e-05,0.0002473,19.571865524139874,4.1407197735543875,,baseline,pipeline,pinned,,True,0,38,0,,
b609321f-50f9-4e51-9d94-6e9c9517e127,CTR,AES-128,cuda,1024,19,encrypt,42300,54623.99870157242,67600,109900,264400,5.462399870157242e-05,0.0002644,18.746339051346727,3.8729198184568836,,baseline,pipeline,pinned,,True,1,39,0,128,76850714cd9dd3690000000000000000
b609321f-50f9-4e51-9d94-6e9c9517e127,ECB,AES-128,cuda,16384,0,encrypt,65300,64928.002655506134,74100,139400,290500,6.492800265550613e-05,0.0002905,252.34104438619408,56.399311531841654,,baseline,pipeline,pinned,,True,0,40,0,,
b609321f-50f9-4e51-9d94-6e9c9517e127,CTR,AES-128,cuda,16384,0,encrypt,62200,68383.99916887283,62900,125100,281700,6.838399916887283e-05,0.0002817,239.5882106798121,58.16116435924743,,baseline,pipeline,pinned,,True,1,41,0,128,f908ee4503d4a4260000000000000000
b609321f-50f9-4e51-9d94-6e9c9517e127,CTR,AES-128,cuda,16384,1,encrypt,58700,62944.00244951248,60000,118700,253300,6.294400244951248e-05,0.0002533,260.29485514750417,64.68219502566127,,baseline,pipeline,pinned,,True,0,42,0,128,18eebe31417f023a0000000000000000
b609321f-50f9-4e51-9d94-6e9c9517e127,ECB,AES-128,cuda,16384,1,encrypt,56300,58527.99862623215,58300,114600,240300,5.8527998626232146e-05,0.0002403,279.934396947869,68.18143986683313,,baseline,pipeline,pinned,,True,1,43,0,,
b609321f-50f9-4e51-9d94-6e9c9517e127,CTR,AES-128,cuda,16384,2,encrypt,51800,59904.00165319443,54700,106500,230300,5.990400165319443e-05,0.0002303,273.5042659562679,71.14198871037777,,baseline,pipeline,pinned,,True,0,44,0,128,cc9f70a9b16e235d0000000000000000
b609321f-50f9-4e51-9d94-6e9c9517e127,ECB,AES-128,cuda,16384,2,encrypt,52500,54079.99828457832,49100,101600,215900,5.407999828457832e-05,0.0002159,302.9585894915261,75.8869847151459,,baseline,pipeline,pinned,,True,1,45,0,,
b609321f-50f9-4e51-9d94-6e9c9517e127,CTR,AES-128,cuda,16384,3,encrypt,43200,63040.003180503845,56400,99600,217800,6.304000318050384e-05,0.0002178,259.89846404492283,75.22497704315886,,baseline,pipeline,pinned,,True,0,46,0,128,452c83877fbba1fe0000000000000000
b609321f-50f9-4e51-9d94-6e9c9517e127,ECB,AES-128,cuda,16384,3,encrypt,43500,55392.00082421303,42800,86300,193000,5.539200082421303e-05,0.000193,295.78278011647853,84.89119170984456,,baseline,pipeline,pinned,,True,1,47,0,,
b609321f-50f9-4e51-9d94-6e9c9517e127,CTR,AES-128,cuda,16384,4,encrypt,43000,65056.003630161285,54400,97400,214500,6.505600363016128e-05,0.0002145,251.8445506296677,76.38228438228438,,baseline,pipeline,pinned,,True,0,48,0,128,b8f7fb417b286e190000000000000000
b609321f-50f9-4e51-9d94-6e9c9517e127,ECB,AES-128,cuda,16384,4,encrypt,44800,55711.99953556061,43300,88100,194100,5.5711999535560605e-05,0.0001941,294.08386230227114,84.41009788768676,,baseline,pipeline,pinned,,True,1,49,0,,
b609321f-50f9-4e51-9d94-6e9c9517e127,ECB,AES-128,cuda,16384,5,encrypt,43300,58047.99869656563,97800,141100,248200,5.804799869656563e-05,0.0002482,282.24917943586826,66.01128122481869,,baseline,pipeline,pinned,,True,0,50,0,,
b609321f-50f9-4e51-9d94-6e9c9517e127,CTR,AES-128,cuda,16384,5,encrypt,43700,60672.00005054474,45800,89500,204600,6.067200005054474e-05,0.0002046,270.0421938678598,80.07820136852395,,baseline,pipeline,pinned,,True,1,51,0,128,92bb7b7f24faface0000000000000000
b609321f-50f9-4e51-9d94-6e9c9517e127,CTR,AES-128,cuda,16384,6,encrypt,46500,60543.99907588959,48600,95100,219100,6.054399907588959e-05,0.0002191,270.6131119529003,74.77863989046098,,baseline,pipeline,pinned,,True,0,52,0,128,92750dcde406cadc0000000000000000
b609321f-50f9-4e51-9d94-6e9c9517e127,ECB,AES-128,cuda,16384,6,encrypt,46600,56543.998420238495,47500,94100,204500,5.65439984202385e-05,0.0002045,289.75665778414003,80.11735941320293,,baseline,pipeline,pinned,,True,1,53,0,,
b609321f-50f9-4e51-9d94-6e9c9517e127,ECB,AES-128,cuda,16384,7,encrypt,44900,57983.99820923805,46700,91600,208600,5.798399820923805e-05,0.0002086,282.5607151282936,78.54266538830298,,baseline,pipeline,pinned,,True,0,54,0,,
b609321f-50f9-4e51-9d94-6e9c9517e127,CTR,AES-128,cuda,16384,7,encrypt,51700,53984.00127887726,61100,112800,231300,5.3984001278877256e-05,0.0002313,303.49732535314484,70.83441418071769,,baseline,pipeline,pinned,,True,1,55,0,128,f3623324e27243c40000000000000000
b609321f-50f9-4e51-9d94-6e9c9517e127,CTR,AES-128,cuda,16384,8,encrypt,60500,56288.00019621849,46100,106600,301200,5.628800019621849e-05,0.0003012,291.07447311835216,54.39575033200531,,baseline,pipeline,pinned,,True,0,56,0,128,40cb672d39b79d960000000000000000
b609321f-50f9-4e51-9d94-6e9c9517e127,ECB,AES-128,cuda,16384,8,encrypt,43700,53119.998425245285,44700,88400,193400,5.311999842524528e-05,0.0001934,308.43374408334887,84.71561530506722,,baseline,pipeline,pinned,,True,1,57,0,,
b609321f-50f9-4e51-9d94-6e9c9517e127,CTR,AES-128,cuda,16384,9,encrypt,42800,56320.00043988228,49200,92000,209300,5.632000043988228e-05,0.0002093,290.9090886369717,78.27998088867655,,baseline,pipeline,pinned,,True,0,58,0,128,372c3185ee6833230000000000000000
b609321f-50f9-4e51-9d94-6e9c9517e127,ECB,AES-128,cuda,16384,9,encrypt,42900,53056.00166320801,53800,96700,200200,5.3056001663208005e-05,0.0002002,308.80578042807133,81.83816183816184,,baseline,pipeline,pinned,,True,1,59,0,,
b609321f-50f9-4e51-9d94-6e9c9517e127,CTR,AES-128,cuda,16384,10,encrypt,44800,58111.999183893204,49000,93800,209000,5.8111999183893203e-05,0.000209,281.9383299506434,78.39234449760765,,baseline,pipeline,pinned,,True,0,60,0,128,e65830d5185bb5e10000000000000000
b609321f-50f9-4e51-9d94-6e9c9517e127,ECB,AES-128,cuda,16384,10,encrypt,45000,53504.00134921074,45900,90900,193000,5.3504001349210736e-05,0.000193,306.2200879718258,84.89119170984456,,baseline,pipeline,pinned,,True,1,61,0,,
b609321f-50f9-4e51-9d94-6e9c9517e127,ECB,AES-128,cuda,16384,11,encrypt,50600,56416.00117087364,46600,97200,210300,5.641600117087364e-05,0.0002103,290.4140609040313,77.90775083214456,,baseline,pipeline,pinned,,True,0,62,0,,
b609321f-50f9-4e51-9d94-6e9c9517e127,CTR,AES-128,cuda,16384,11,encrypt,43200,61631.99990987778,47700,90900,203600,6.163199990987778e-05,0.0002036,265.83592977605343,80.47151277013752,,baseline,pipeline,pinned,,True,1,63,0,128,2cf87c51dcb6040d0000000000000000
b609321f-50f9-4e51-9d94-6e9c9517e127,ECB,AES-128,cuda,16384,12,encrypt,44100,57472.001761198044,47100,91200,207900,5.747200176119804e-05,0.0002079,285.0779422661694,78.80711880711881,,baseline,pipeline,pinned,,True,0,64,0,,
b609321f-50f9-4e51-9d94-6e9c9517e127,CTR,AES-128,cuda,16384,12,encrypt,45600,76576.00194215775,57100,102700,240000,7.657600194215775e-05,0.00024,213.95737025257307,68.26666666666667,,baseline,pipeline,pinned,,True,1,65,0,128,2d53161e6e469a0a0000000000000000
b609321f-50f9-4e51-9d94-6e9c9517e127,CTR,AES-128,cuda,16384,13,encrypt,52300,63391.998410224915,49000,101300,225000,6.339199841022491e-05,0.000225,258.455332074802,72.81777777777778,,baseline,pipeline,pinned,,True,0,66,0,128,87b0ec695cd88d9f0000000000000000
b609321f-50f9-4e51-9d94-6e9c9517e127,ECB,AES-128,cuda,16384,13,encrypt,47300,55392.00082421303,44800,92100,204600,5.539200082421303e-05,0.0002046,295.78278011647853,80.07820136852395,,baseline,pipeline,pinned,,True,1,67,0,,
b609321f-50f9-4e51-9d94-6e9c9517e127,CTR,AES-128,cuda,16384,14,encrypt,54200,55103.99863123894,50100,104300,228800,5.510399863123894e-05,0.0002288,297.3286949581145,71.60839160839161,,baseline,pipeline,pinned,,True,0,68,0,128,80f8921a29650a0e0000000000000000
b609321f-50f9-4e51-9d94-6e9c9517e127,ECB,AES-128,cuda,16384,14,encrypt,49500,52831.99995756149,45300,94800,200400,5.283199995756149e-05,0.0002004,310.11508201773205,81.7564870259481,,baseline,pipeline,pinned,,True,1,69,0,,
b609321f-50f9-4e51-9d94-6e9c9517e127,ECB,AES-128,cuda,16384,15,encrypt,43800,79712.00346946716,53700,97500,226900,7.971200346946716e-05,0.0002269,205.53993485153987,72.2080211546937,,baseline,pipeline,pinned,,True,0,70,0,,
b609321f-50f9-4e51-9d94-6e9c9517e127,CTR,AES-128,cuda,16384,15,encrypt,42300,55071.99838757515,44600,86900,194000,5.507199838757515e-05,0.000194,297.5014613542045,84.45360824742268,,baseline,pipeline,pinned,,True,1,71,0,128,6b5175bdad4ad2930000000000000000
b609321f-50f9-4e51-9d94-6e9c9517e127,ECB,AES-128,cuda,16384,16,encrypt,112000,114880.00303506851,93000,205000,409000,0.00011488000303506852,0.000409,142.61838063321244,40.05867970660147,,baseline,pipeline,pinned,,True,0,72,0,,
b609321f-50f9-4e51-9d94-6e9c9517e127,CTR,AES-128,cuda,16384,16,encrypt,54100,129887.99810409546,121300,175400,367500,0.00012988799810409547,0.0003675,126.13944505380286,44.582312925170065,,baseline,pipeline,pinned,,True,1,73,0,128,3ae2d6b2de0a3d150000000000000000
b609321f-50f9-4e51-9d94-6e9c9517e127,CTR,AES-128,cuda,16384,17,encrypt,44200,84416.00203514099,87900,132100,282600,8.441600203514099e-05,0.0002826,194.08642443383673,57.97593772116065,,baseline,pipeline,pinned,,True,0,74,0,128,6954feb84be4e5cf0000000000000000
b609321f-50f9-4e51-9d94-6e9c9517e127,ECB,AES-128,cuda,16384,17,encrypt,43200,64287.99778223038,46700,89900,210200,6.428799778223038e-05,0.0002102,254.85316956828052,77.94481446241674,,baseline,pipeline,pinned,,True,1,75,0,,
b609321f-50f9-4e51-9d94-6e9c9517e127,CTR,AES-128,cuda,16384,18,encrypt,49700,77376.00058317184,51100,100800,240200,7.737600058317184e-05,0.0002402,211.7452424074149,68.2098251457119,,baseline,pipeline,pinned,,True,0,76,0,128,7d6c42b05310d28e0000000000000000
b609321f-50f9-4e51-9d94-6e9c9517e127,ECB,AES-128,cuda,16384,18,encrypt,52700,57183.99956822395,49700,102400,250700,5.718399956822395e-05,0.0002507,286.51371229207047,65.3530115676107,,baseline,pipeline,pinned,,True,1,77,0,,
b609321f-50f9-4e51-9d94-6e9c9517e127,ECB,AES-128,cuda,16384,19,encrypt,44600,56543.998420238495,44700,89300,197300,5.65439984202385e-05,0.0001973,289.75665778414003,83.0410542321338,,baseline,pipeline,pinned,,True,0,78,0,,
b609321f-50f9-4e51-9d94-6e9c9517e127,CTR,AES-128,cuda,16384,19,encrypt,49200,56639.99915122986,52600,101800,220700,5.6639999151229856e-05,0.0002207,289.2655410579088,74.23652016311735,,baseline,pipeline,pinned,,True,1,79,0,128,7b1ad39fb0db25e60000000000000000
b609321f-50f9-4e51-9d94-6e9c9517e127,CTR,AES-128,cuda,1048576,0,encrypt,216400,203935.99569797516,279800,496200,1081700,0.00020393599569797517,0.0010817,5141.691619526151,969.3778311916428,,baseline,pipeline,pinned,,True,0,80,0,128,451831096d984cdf0000000000000000
b609321f-50f9-4e51-9d94-6e9c9517e127,ECB,AES-128,cuda,1048576,0,encrypt,241600,186688.00592422485,242700,484300,760800,0.00018668800592422485,0.0007608,5616.7293383893575,1378.254468980021,,baseline,pipeline,pinned,,True,1,81,0,,
b609321f-50f9-4e51-9d94-6e9c9517e127,CTR,AES-128,cuda,1048576,1,encrypt,234600,212704.00285720825,265500,500100,793300,0.00021270400285720826,0.0007933,4929.742674866005,1321.7899911760999,,baseline,pipeline,pinned,,True,0,82,0,128,1aa67c72f1abaf570000000000000000
b609321f-50f9-4e51-9d94-6e9c9517e127,ECB,AES-128,cuda,1048576,1,encrypt,249700,187904.0002822876,245000,494700,760600,0.0001879040002822876,0.0007606,5580.381463006256,1378.6168814094135,,baseline,pipeline,pinned,,True,1,83,0,,
b609321f-50f9-4e51-9d94-6e9c9517e127,CTR,AES-128,cuda,1048576,2,encrypt,245000,179424.0027666092,238300,483300,752600,0.0001794240027666092,0.0007526,5844.12332704429,1393.2713260696253,,baseline,pipeline,pinned,,True,0,84,0,128,a8143a677b5091500000000000000000
b609321f-50f9-4e51-9d94-6e9c9517e127,ECB,AES-128,cuda,1048576,2,encrypt,235900,178335.9944820404,237300,473200,734700,0.0001783359944820404,0.0007347,5879.777680582584,1427.2165509731863,,baseline,pipeline,pinned,,True,1,85,0,,
b609321f-50f9-4e51-9d94-6e9c9517e127,ECB,AES-128,cuda,1048576,3,encrypt,237900,178207.99350738525,215900,453800,715400,0.00017820799350738524,0.0007154,5884.000932632381,1465.7198769918928,,baseline,pipeline,pinned,,True,0,86,0,,
b609321f-50f9-4e51-9d94-6e9c9517e127,CTR,AES-128,cuda,1048576,3,encrypt,258300,215008.00549983978,269900,528200,856000,0.00021500800549983977,0.000856,4876.916083018971,1224.9719626168223,,baseline,pipeline,pinned,,True,1,87,0,128,14df8e6c134b091c0000000000000000
b609321f-50f9-4e51-9d94-6e9c9517e127,ECB,AES-128,cuda,1048576,4,encrypt,249800,219168.0073738098,264800,514600,835000,0.00021916800737380981,0.000835,4784.347919044424,1255.7796407185629,,baseline,pipeline,pinned,,True,0,88,0,,
b609321f-50f9-4e51-9d94-6e9c9517e127,CTR,AES-128,cuda,1048576,4,encrypt,239300,199936.00249290466,216400,455700,739000,0.00019993600249290465,0.000739,5244.558193250922,1418.9120433017592,,baseline,pipeline,pinned,,True,1,89,0,128,d990129d7d59549a0000000000000000
b609321f-50f9-4e51-9d94-6e9c9517e127,CTR,AES-128,cuda,1048576,5,encrypt,233900,189439.99707698822,233000,466900,733800,0.0001894399970769882,0.0007338,5535.135220540886,1428.967020986645,,baseline,pipeline,pinned,,True,0,90,0,128,a48d061ea4ec1e8b0000000000000000
b609321f-50f9-4e51-9d94-6e9c9517e127,ECB,AES-128,cuda,1048576,5,encrypt,224800,184031.99315071106,287000,511800,946700,0.00018403199315071106,0.0009467,5697.791900462002,1107.611703813246,,baseline,pipeline,pinned,,True,1,91,0,,
b609321f-50f9-4e51-9d94-6e9c9517e127,ECB,AES-128,cuda,1048576,6,encrypt,232900,175935.9985589981,226400,459300,722900,0.0001759359985589981,0.0007229,5959.985498069471,1450.5132106792087,,baseline,pipeline,pinned,,True,0,92,0,,
b609321f-50f9-4e51-9d94-6e9c9517e127,CTR,AES-128,cuda,1048576,6,encrypt,218300,185951.99286937714,225000,443300,695300,0.00018595199286937714,0.0006953,5638.960808215576,1508.0914713073494,,baseline,pipeline,pinned,,True,1,93,0,128,1e7b06e73d1f54bc0000000000000000
b609321f-50f9-4e51-9d94-6e9c9517e127,CTR,AES-128,cuda,1048576,7,encrypt,215800,209951.9968032837,213400,429200,718900,0.00020995199680328368,0.0007189,4994.360691803623,1458.5839476978717,,baseline,pipeline,pinned,,True,0,94,0,128,10ac20e40cda5d430000000000000000
b609321f-50f9-4e51-9d94-6e9c9517e127,ECB,AES-128,cuda,1048576,7,encrypt,260600,263552.0100593567,261800,522400,867200,0.0002635520100593567,0.0008672,3978.630251250376,1209.1512915129151,,baseline,pipeline,pinned,,True,1,95,0,,
b609321f-50f9-4e51-9d94-6e9c9517e127,ECB,AES-128,cuda,1048576,8,encrypt,227400,175007.99894332886,245300,472700,730300,0.00017500799894332885,0.0007303,5991.588992109728,1435.8154183212378,,baseline,pipeline,pinned,,True,0,96,0,,
b609321f-50f9-4e51-9d94-6e9c9517e127,CTR,AES-128,cuda,1048576,8,encrypt,220800,177760.00499725342,304000,524800,781200,0.00017776000499725343,0.0007812,5898.829717158264,1342.26318484383,,baseline,pipeline,pinned,,True,1,97,0,128,ae1320659a7933550000000000000000
b609321f-50f9-4e51-9d94-6e9c9517e127,CTR,AES-128,cuda,1048576,9,encrypt,234100,176832.00538158417,215700,449800,707200,0.00017683200538158418,0.0007072,5929.786283525357,1482.7149321266968,,baseline,pipeline,pinned,,True,0,98,0,128,802a3eec76bb89210000000000000000
b609321f-50f9-4e51-9d94-6e9c9517e127,ECB,AES-128,cuda,1048576,9,encrypt,245000,182495.99635601044,267700,512700,786800,0.00018249599635601044,0.0007868,5745.747966735959,1332.709710218607,,baseline,pipeline,pinned,,True,1,99,0,,
b609321f-50f9-4e51-9d94-6e9c9517e127,CTR,AES-128,cuda,1048576,10,encrypt,235700,183039.99304771423,219800,455500,718700,0.00018303999304771423,0.0007187,5728.671546259625,1458.989842771671,,baseline,pipeline,pinned,,True,0,100,0,128,f3b3fa32b945a4570000000000000000
b609321f-50f9-4e51-9d94-6e9c9517e127,ECB,AES-128,cuda,1048576,10,encrypt,224400,174848.00517559052,231400,455800,702900,0.00017484800517559052,0.0007029,5997.071564796928,1491.7854602361645,,baseline,pipeline,pinned,,True,1,101,0,,
b609321f-50f9-4e51-9d94-6e9c9517e127,CTR,AES-128,cuda,1048576,11,encrypt,224300,186816.00689888,228100,452400,713700,0.00018681600689888,0.0007137,5612.880916395855,1469.2111531455794,,baseline,pipeline,pinned,,True,0,102,0,128,ad3cb43291104aad0000000000000000
b609321f-50f9-4e51-9d94-6e9c9517e127,ECB,AES-128,cuda,1048576,11,encrypt,242700,190239.99571800232,216000,458700,721100,0.00019023999571800233,0.0007211,5511.858828857058,1454.1339620024962,,baseline,pipeline,pinned,,True,1,103,0,,
b609321f-50f9-4e51-9d94-6e9c9517e127,CTR,AES-128,cuda,1048576,12,encrypt,249500,207552.0008802414,229100,478600,754300,0.0002075520008802414,0.0007543,5052.112220325132,1390.1312475142515,,baseline,pipeline,pinned,,True,0,104,0,128,889ac7fdd69428540000000000000000
b609321f-50f9-4e51-9d94-6e9c9517e127,ECB,AES-128,cuda,1048576,12,encrypt,237500,178432.00266361237,249300,486800,759900,0.00017843200266361237,0.0007599,5876.613972532832,1379.8868272141071,,baseline,pipeline,pinned,,True,1,105,0,,
b609321f-50f9-4e51-9d94-6e9c9517e127,CTR,AES-128,cuda,1048576,13,encrypt,232600,191039.99435901642,259300,491900,763800,0.00019103999435901643,0.0007638,5488.777381501796,1372.841057868552,,baseline,pipeline,pinned,,True,0,106,0,128,12d0ad1c86b2133b0000000000000000
b609321f-50f9-4e51-9d94-6e9c9517e127,ECB,AES-128,cuda,1048576,13,encrypt,226400,194527.9985666275,239000,465400,733400,0.0001945279985666275,0.0007334,5390.360296339829,1429.746386692119,,baseline,pipeline,pinned,,True,1,107,0,,
b609321f-50f9-4e51-9d94-6e9c9517e127,CTR,AES-128,cuda,1048576,14,encrypt,273900,205855.99541664124,233000,506900,811200,0.00020585599541664124,0.0008112,5093.735540117448,1292.6232741617357,,baseline,pipeline,pinned,,True,0,108,0,128,97704cba04de791c0000000000000000
b609321f-50f9-4e51-9d94-6e9c9517e127,ECB,AES-128,cuda,1048576,14,encrypt,223900,191648.00643920898,247700,471600,735100,0.000191648006439209,0.0007351,5471.363983807521,1426.439940144198,,baseline,pipeline,pinned,,True,1,109,0,,
b609321f-50f9-4e51-9d94-6e9c9517e127,CTR,AES-128,cuda,1048576,15,encrypt,229300,177471.99535369873,248700,478000,735600,0.00017747199535369872,0.0007356,5908.402606902601,1425.4703643284395,,baseline,pipeline,pinned,,True,0,110,0,128,c4ca7815a24989720000000000000000
b609321f-50f9-4e51-9d94-6e9c9517e127,ECB,AES-128,cuda,1048576,15,encrypt,217200,187488.00456523895,235900,453100,704000,0.00018748800456523895,0.000704,5592.763134001642,1489.4545454545455,,baseline,pipeline,pinned,,True,1,111,0,,
b609321f-50f9-4e51-9d94-6e9c9517e127,CTR,AES-128,cuda,1048576,16,encrypt,232800,201215.99733829498,250300,483100,774600,0.000201215997338295,0.0007746,5211.195997687393,1353.699974180222,,baseline,pipeline,pinned,,True,0,112,0,128,96e908f6bf95995f0000000000000000
b609321f-50f9-4e51-9d94-6e9c9517e127,ECB,AES-128,cuda,1048576,16,encrypt,222500,175840.00527858734,231000,453500,695300,0.00017584000527858735,0.0006953,5963.23912945019,1508.0914713073494,,baseline,pipeline,pinned,,True,1,113,0,,
b609321f-50f9-4e51-9d94-6e9c9517e127,CTR,AES-128,cuda,1048576,17,encrypt,223600,180992.0072555542,210500,434100,680800,0.0001809920072555542,0.0006808,5793.493402829929,1540.2115158636898,,baseline,pipeline,pinned,,True,0,114,0,128,25867fcdf1c8e8610000000000000000
b609321f-50f9-4e51-9d94-6e9c9517e127,ECB,AES-128,cuda,1048576,17,encrypt,231000,173984.00604724884,252300,483300,742900,0.00017398400604724885,0.0007429,6026.852834479729,1411.4631848162605,,baseline,pipeline,pinned,,True,1,115,0,,
b609321f-50f9-4e51-9d94-6e9c9517e127,ECB,AES-128,cuda,1048576,18,encrypt,249800,184576.00474357605,258300,508100,786300,0.00018457600474357605,0.0007863,5680.998467036623,1333.5571664758997,,baseline,pipeline,pinned,,True,0,116,0,,
b609321f-50f9-4e51-9d94-6e9c9517e127,CTR,AES-128,cuda,1048576,18,encrypt,292400,204576.00057125092,270300,562700,884200,0.0002045760005712509,0.0008842,5125.60611739399,1185.9036417100203,,baseline,pipeline,pinned,,True,1,117,0,128,a569b0c561b908ce0000000000000000
b609321f-50f9-4e51-9d94-6e9c9517e127,ECB,AES-128,cuda,1048576,19,encrypt,229200,174720.00420093536,213300,442500,694900,0.00017472000420093537,0.0006949,6001.465057167085,1508.9595625269824,,baseline,pipeline,pinned,,True,0,118,0,,
b609321f-50f9-4e51-9d94-6e9c9517e127,CTR,AES-128,cuda,1048576,19,encrypt,217100,174815.99748134613,251700,468800,709500,0.00017481599748134612,0.0007095,5998.169590353932,1477.908386187456,,baseline,pipeline,pinned,,True,1,119,0,128,8956e94bdfa84e160000000000000000
b609321f-50f9-4e51-9d94-6e9c9517e127,ECB,AES-128,cuda,16777216,0,encrypt,2707500,2074496.0308074951,2745500,5453000,7613100,0.002074496030807495,0.0076131,8087.369534985077,2203.7298866427604,,baseline,pipeline,pinned,,True,0,120,0,,
b609321f-50f9-4e51-9d94-6e9c9517e127,CTR,AES-128,cuda,16777216,0,encrypt,2752100,2155744.0757751465,2729400,5481500,7731000,0.0021557440757751464,0.007731,7782.563889903013,2170.122364506532,,baseline,pipeline,pinned,,True,1,121,0,128,f2b0340727a9999a0000000000000000
b609321f-50f9-4e51-9d94-6e9c9517e127,CTR,AES-128,cuda,16777216,1,encrypt,2692800,2061183.9294433594,2623300,5316100,7465500,0.0020611839294433594,0.0074655,8139.601595152565,2247.299712008573,,baseline,pipeline,pinned,,True,0,122,0,128,7e2da38f9326c6a90000000000000000
b609321f-50f9-4e51-9d94-6e9c9517e127,ECB,AES-128,cuda,16777216,1,encrypt,2751900,2025408.0295562744,2644900,5396800,7493000,0.0020254080295562743,0.007493,8283.375870527947,2239.0519151207795,,baseline,pipeline,pinned,,True,1,123,0,,
b609321f-50f9-4e51-9d94-6e9c9517e127,CTR,AES-128,cuda,16777216,2,encrypt,2710000,2120735.8837127686,2802400,5512400,7759100,0.0021207358837127687,0.0077591,7911.035093454522,2162.263149076568,,baseline,pipeline,pinned,,True,0,124,0,128,c30bc4bbf92d14950000000000000000
b609321f-50f9-4e51-9d94-6e9c9517e127,ECB,AES-128,cuda,16777216,2,encrypt,2723500,1995264.0533447266,2900900,5624400,7747200,0.0019952640533447267,0.0077472,8408.51914906992,2165.584469227592,,baseline,pipeline,pinned,,True,1,125,0,,
b609321f-50f9-4e51-9d94-6e9c9517e127,ECB,AES-128,cuda,16777216,3,encrypt,2714500,2024895.9064483643,2632900,5347400,7454200,0.0020248959064483644,0.0074542,8285.470846462906,2250.7064473719515,,baseline,pipeline,pinned,,True,0,126,0,,
b609321f-50f9-4e51-9d94-6e9c9517e127,CTR,AES-128,cuda,16777216,3,encrypt,2737200,2069727.897644043,2615900,5353100,7500700,0.002069727897644043,0.0075007,8106.000802857897,2236.753369685496,,baseline,pipeline,pinned,,True,1,127,0,128,107d1dbeab61d9450000000000000000
b609321f-50f9-4e51-9d94-6e9c9517e127,CTR,AES-128,cuda,16777216,4,encrypt,2714800,2144032.0014953613,2629700,5344500,7611300,0.0021440320014953613,0.0076113,7825.0772321955465,2204.2510477842156,,baseline,pipeline,pinned,,True,0,128,0,128,5d26c6cb9baa9fbb0000000000000000
b609321f-50f9-4e51-9d94-6e9c9517e127,ECB,AES-128,cuda,16777216,4,encrypt,2734400,2031039.9532318115,2674700,5409100,7551600,0.0020310399532318117,0.0075516,8260.40668146578,2221.6769956035805,,baseline,pipeline,pinned,,True,1,129,0,,
b609321f-50f9-4e51-9d94-6e9c9517e127,ECB,AES-128,cuda,16777216,5,encrypt,2717900,2069247.9610443115,2746600,5464500,7632500,0.0020692479610443116,0.0076325,8107.88088998906,2198.1285293154274,,baseline,pipeline,pinned,,True,0,130,0,,
b609321f-50f9-4e51-9d94-6e9c9517e127,CTR,AES-128,cuda,16777216,5,encrypt,2774900,2088992.1188354492,2706400,5481300,7644500,0.0020889921188354493,0.0076445,8031.249064430553,2194.678003793577,,baseline,pipeline,pinned,,True,1,131,0,128,b4d112d29c1334b00000000000000000
b609321f-50f9-4e51-9d94-6e9c9517e127,ECB,AES-128,cuda,16777216,6,encrypt,2673600,2001983.880996704,2609600,5283200,7356100,0.002001983880996704,0.0073561,8380.295245757587,2280.721578010087,,baseline,pipeline,pinned,,True,0,132,0,,
b609321f-50f9-4e51-9d94-6e9c9517e127,CTR,AES-128,cuda,16777216,6,encrypt,2671900,2062527.8949737549,2609000,5280900,7415000,0.002062527894973755,0.007415,8134.297742534767,2262.6049898853676,,baseline,pipeline,pinned,,True,1,133,0,128,eff832b6b347196e0000000000000000
b609321f-50f9-4e51-9d94-6e9c9517e127,ECB,AES-128,cuda,16777216,7,encrypt,2678400,1993952.0359039307,2611200,5289600,7353700,0.0019939520359039307,0.0073537,8414.05194202391,2281.4659287161567,,baseline,pipeline,pinned,,True,0,134,0,,
b609321f-50f9-4e51-9d94-6e9c9517e127,CTR,AES-128,cuda,16777216,7,encrypt,2735200,2175136.089324951,2917100,5652300,7913600,0.0021751360893249513,0.0079136,7713.179916575598,2120.0485240598464,,baseline,pipeline,pinned,,True,1,135,0,128,4582d0c5d8bce3490000000000000000
b609321f-50f9-4e51-9d94-6e9c9517e127,CTR,AES-128,cuda,16777216,8,encrypt,2765900,2066080.093383789,2614400,5380300,7517700,0.002066080093383789,0.0075177,8120.312495980044,2231.6953323489897,,baseline,pipeline,pinned,,True,0,136,0,128,e63cfa5b172d6a530000000000000000
b609321f-50f9-4e51-9d94-6e9c9517e127,ECB,AES-128,cuda,16777216,8,encrypt,2718300,2062592.0295715332,2673600,5391900,7556500,0.0020625920295715334,0.0075565,8134.044813256244,2220.23635280884,,baseline,pipeline,pinned,,True,1,137,0,,
b609321f-50f9-4e51-9d94-6e9c9517e127,ECB,AES-128,cuda,16777216,9,encrypt,2770100,2018847.942352295,2694300,5464400,7666200,0.002018847942352295,0.0076662,8310.292047281057,2188.4657326967726,,baseline,pipeline,pinned,,True,0,138,0,,
b609321f-50f9-4e51-9d94-6e9c9517e127,CTR,AES-128,cuda,16777216,9,encrypt,2839800,2146944.046020508,2783900,5623700,7860600,0.0021469440460205077,0.0078606,7814.463553951299,2134.342925476427,,baseline,pipeline,pinned,,True,1,139,0,128,78851222fd87c8340000000000000000
b609321f-50f9-4e51-9d94-6e9c9517e127,ECB,AES-128,cuda,16777216,10,encrypt,2674400,2028928.0414581299,2742700,5417100,7528000,0.00202892804145813,0.007528,8269.00494112286,2228.6418703506906,,baseline,pipeline,pinned,,True,0,140,0,,
b609321f-50f9-4e51-9d94-6e9c9517e127,CTR,AES-128,cuda,16777216,10,encrypt,2705400,2136607.885360718,2640100,5345500,7571200,0.002136607885360718,0.0075712,7852.267191819124,2215.92561284869,,baseline,pipeline,pinned,,True,1,141,0,128,4b40520fc8458cb10000000000000000
b609321f-50f9-4e51-9d94-6e9c9517e127,CTR,AES-128,cuda,16777216,11,encrypt,2675700,2109184.0267181396,2602900,5278600,7457900,0.0021091840267181395,0.0074579,7954.36329285364,2249.5898309175504,,baseline,pipeline,pinned,,True,0,142,0,128,e51fde223bd977710000000000000000
b609321f-50f9-4e51-9d94-6e9c9517e127,ECB,AES-128,cuda,16777216,11,encrypt,2792000,1992511.9876861572,2604500,5396500,7458600,0.001992511987686157,0.0074586,8420.133029906065,2249.378703778189,,baseline,pipeline,pinned,,True,1,143,0,,
b609321f-50f9-4e51-9d94-6e9c9517e127,ECB,AES-128,cuda,16777216,12,encrypt,2705600,2074592.113494873,2675700,5381300,7555700,0.002074592113494873,0.0075557,8086.994976442371,2220.471432163797,,baseline,pipeline,pinned,,True,0,144,0,,
b609321f-50f9-4e51-9d94-6e9c9517e127,CTR,AES-128,cuda,16777216,12,encrypt,2930600,2118560.0757598877,2638500,5569100,7824300,0.0021185600757598877,0.0078243,7919.159901086274,2144.2449803816316,,baseline,pipeline,pinned,,True,1,145,0,128,e833ba19a7f343c30000000000000000
b609321f-50f9-4e51-9d94-6e9c9517e127,ECB,AES-128,cuda,16777216,13,encrypt,2794800,2101056.0989379883,2745800,5540600,7815100,0.0021010560989379885,0.0078151,7985.134717954607,2146.769203209172,,baseline,pipeline,pinned,,True,0,146,0,,
b609321f-50f9-4e51-9d94-6e9c9517e127,CTR,AES-128,cuda,16777216,13,encrypt,2671300,2067231.8935394287,2636200,5307500,7438700,0.0020672318935394287,0.0074387,8115.788099260963,2255.3962385900763,,baseline,pipeline,pinned,,True,1,147,0,128,fb2e1e3c46123ca10000000000000000
b609321f-50f9-4e51-9d94-6e9c9517e127,ECB,AES-128,cuda,16777216,14,encrypt,2719800,2009216.070175171,2614200,5334000,7426000,0.002009216070175171,0.007426,8350.130306561454,2259.2534338809587,,baseline,pipeline,pinned,,True,0,148,0,,
b609321f-50f9-4e51-9d94-6e9c9517e127,CTR,AES-128,cuda,16777216,14,encrypt,3561900,5321407.794952393,10118100,13680000,19130600,0.005321407794952392,0.0191306,3152.777732222286,876.9832624172791,,baseline,pipeline,pinned,,True,1,149,0,128,9f3ad91b48d2ca530000000000000000
b609321f-50f9-4e51-9d94-6e9c9517e127,ECB,AES-128,cuda,16777216,15,encrypt,10548600,5734432.220458984,10591000,21139600,26971600,0.005734432220458985,0.0269716,2925.697846796967,622.0326565720981,,baseline,pipeline,pinned,,True,0,150,0,,
b609321f-50f9-4e51-9d94-6e9c9517e127,CTR,AES-128,cuda,16777216,15,encrypt,10299800,6305600.166320801,10132500,20432300,26839800,0.006305600166320801,0.0268398,2660.6850351231815,625.0872212162535,,baseline,pipeline,pinned,,True,1,151,0,128,d762e2a393ccf1f90000000000000000
b609321f-50f9-4e51-9d94-6e9c9517e127,ECB,AES-128,cuda,16777216,16,encrypt,10411800,6136127.948760986,10481600,20893400,27162600,0.006136127948760986,0.0271626,2734.169844582148,617.6586924668478,,baseline,pipeline,pinned,,True,0,152,0,,
b609321f-50f9-4e51-9d94-6e9c9517e127,CTR,AES-128,cuda,16777216,16,encrypt,10299800,6548416.1376953125,10130800,20430600,27107100,0.006548416137695312,0.0271071,2562.026549202273,618.9233079156384,,baseline,pipeline,pinned,,True,1,153,0,128,598ac7d68f1a85d20000000000000000
b609321f-50f9-4e51-9d94-6e9c9517e127,CTR,AES-128,cuda,16777216,17,encrypt,10339400,6737535.9535217285,10139300,20478700,27363800,0.006737535953521729,0.0273638,2490.1115356913983,613.1171840168398,,baseline,pipeline,pinned,,True,0,154,0,128,d78781f6689ad5890000000000000000
b609321f-50f9-4e51-9d94-6e9c9517e127,ECB,AES-128,cuda,16777216,17,encrypt,10406800,7038080.215454102,10307300,20714100,27890100,0.007038080215454102,0.0278901,2383.7773208610015,601.5473590987483,,baseline,pipeline,pinned,,True,1,155,0,,
b609321f-50f9-4e51-9d94-6e9c9517e127,ECB,AES-128,cuda,16777216,18,encrypt,10779700,7412799.835205078,10616600,21396300,28939100,0.007412799835205078,0.0289391,2263.2765450270454,579.7421481663217,,baseline,pipeline,pinned,,True,0,156,0,,
b609321f-50f9-4e51-9d94-6e9c9517e127,CTR,AES-128,cuda,16777216,18,encrypt,10330300,7568511.962890625,10143400,20473700,28162500,0.007568511962890625,0.0281625,2216.7126222777765,595.7289303151354,,baseline,pipeline,pinned,,True,1,157,0,128,10f42694912b90e90000000000000000
b609321f-50f9-4e51-9d94-6e9c9517e127,CTR,AES-128,cuda,16777216,19,encrypt,10384100,7975423.812866211,10370900,20755000,28866600,0.00797542381286621,0.0288666,2103.6143524980394,581.1982013815275,,baseline,pipeline,pinned,,True,0,158,0,128,6e041de432cba7550000000000000000
b609321f-50f9-4e51-9d94-6e9c9517e127,ECB,AES-128,cuda,16777216,19,encrypt,10331400,8182720.184326172,10527300,20858700,29160300,0.008182720184326172,0.0291603,2050.322584919426,575.3444237542137,,baseline,pipeline,pinned,,True,1,159,0,,
b609321f-50f9-4e51-9d94-6e9c9517e127,CTR,AES-128,cuda,33554432,0,encrypt,20858600,16189632.415771484,20210900,41069500,57410200,0.016189632415771486,0.0574102,2072.58763746311,584.4681258731027,,baseline,pipeline,pinned,,True,0,160,0,128,c2a0f04ccf396b1f0000000000000000
b609321f-50f9-4e51-9d94-6e9c9517e127,ECB,AES-128,cuda,33554432,0,encrypt,21359000,15610400.199890137,20186800,41545800,57330100,0.015610400199890137,0.0573301,2149.4921059253916,585.2847282666522,,baseline,pipeline,pinned,,True,1,161,0,,
b609321f-50f9-4e51-9d94-6e9c9517e127,ECB,AES-128,cuda,33554432,1,encrypt,20589200,15777407.6461792,20423100,41012300,56914400,0.0157774076461792,0.0569144,2126.739243384248,589.559619358194,,baseline,pipeline,pinned,,True,0,162,0,,
b609321f-50f9-4e51-9d94-6e9c9517e127,CTR,AES-128,cuda,33554432,1,encrypt,21328400,16023839.950561523,20560500,41888900,58081300,0.016023839950561523,0.0580813,2094.031898940937,577.7148927451693,,baseline,pipeline,pinned,,True,1,163,0,128,13fa35a8534f059b0000000000000000
b609321f-50f9-4e51-9d94-6e9c9517e127,ECB,AES-128,cuda,33554432,2,encrypt,20778900,15746432.304382324,20397200,41176100,57051300,0.015746432304382323,0.0570513,2130.922824382359,588.1449151903638,,baseline,pipeline,pinned,,True,0,164,0,,
b609321f-50f9-4e51-9d94-6e9c9517e127,CTR,AES-128,cuda,33554432,2,encrypt,20577600,16161727.905273438,20271800,40849400,57171700,0.016161727905273437,0.0571717,2076.166125099252,586.9063190354668,,baseline,pipeline,pinned,,True,1,165,0,128,87a0805cb6052a3d0000000000000000
b609321f-50f9-4e51-9d94-6e9c9517e127,ECB,AES-128,cuda,33554432,3,encrypt,20550000,15711872.100830078,20232400,40782400,56645500,0.01571187210083008,0.0566455,2135.610052364624,592.3582985409256,,baseline,pipeline,pinned,,True,0,166,0,,
b609321f-50f9-4e51-9d94-6e9c9517e127,CTR,AES-128,cuda,33554432,3,encrypt,20655200,16010847.091674805,20298400,40953600,57104900,0.016010847091674805,0.0571049,2095.731213212783,587.592868562943,,baseline,pipeline,pinned,,True,1,167,0,128,7230aabd87901ec20000000000000000
b609321f-50f9-4e51-9d94-6e9c9517e127,ECB,AES-128,cuda,33554432,4,encrypt,20663000,15731167.793273926,20179200,40842200,56706200,0.015731167793273926,0.0567062,2132.990534520053,591.7242206319592,,baseline,pipeline,pinned,,True,0,168,0,,
b609321f-50f9-4e51-9d94-6e9c9517e127,CTR,AES-128,cuda,33554432,4,encrypt,20745900,16201440.811157227,20410400,41156300,57469500,0.016201440811157226,0.0574695,2071.0770351296487,583.8650414567727,,baseline,pipeline,pinned,,True,1,169,0,128,8baf78ff329b3bf20000000000000000
b609321f-50f9-4e51-9d94-6e9c9517e127,CTR,AES-128,cuda,33554432,5,encrypt,21062900,16207199.096679688,20690000,41752900,58176100,0.016207199096679687,0.0581761,2070.34119836747,576.7734860191729,,baseline,pipeline,pinned,,True,0,170,0,128,be23418097feb4a40000000000000000
b609321f-50f9-4e51-9d94-6e9c9517e127,ECB,AES-128,cuda,33554432,5,encrypt,20534400,15538559.913635254,20204300,40738700,56442200,0.015538559913635255,0.0564422,2159.4299720500885,594.4919227103125,,baseline,pipeline,pinned,,True,1,171,0,,
b609321f-50f9-4e51-9d94-6e9c9517e127,CTR,AES-128,cuda,33554432,6,encrypt,20873900,16166015.625,20374600,41248500,57545400,0.016166015625,0.0575454,2075.615462607225,583.0949476413406,,baseline,pipeline,pinned,,True,0,172,0,128,59f6536a1a56d3db0000000000000000
b609321f-50f9-4e51-9d94-6e9c9517e127,ECB,AES-128,cuda,33554432,6,encrypt,21072800,15557503.700256348,20697900,41770700,57484500,0.015557503700256348,0.0574845,2156.8005154610446,583.7126877680071,,baseline,pipeline,pinned,,True,1,173,0,,
b609321f-50f9-4e51-9d94-6e9c9517e127,ECB,AES-128,cuda,33554432,7,encrypt,20762300,15585087.776184082,20223600,40985900,56738600,0.015585087776184081,0.0567386,2152.9831902054007,591.3863225388008,,baseline,pipeline,pinned,,True,0,174,0,,
b609321f-50f9-4e51-9d94-6e9c9517e127,CTR,AES-128,cuda,33554432,7,encrypt,20530000,16200576.782226562,20500300,41030300,57423900,0.016200576782226563,0.0574239,2071.1874923374407,584.3286854428209,,baseline,pipeline,pinned,,True,1,175,0,128,7c69b5076e1af63d0000000000000000
b609321f-50f9-4e51-9d94-6e9c9517e127,ECB,AES-128,cuda,33554432,8,encrypt,20977900,15664640.426635742,20156700,41134600,56913400,0.01566464042663574,0.0569134,2142.049296129704,589.5699782476535,,baseline,pipeline,pinned,,True,0,176,0,,
b609321f-50f9-4e51-9d94-6e9c9517e127,CTR,AES-128,cuda,33554432,8,encrypt,21141600,16152000.427246094,20756500,41898100,58184000,0.016152000427246092,0.058184,2077.416487892021,576.6951739309776,,baseline,pipeline,pinned,,True,1,177,0,128,3563313d608883fb0000000000000000
b609321f-50f9-4e51-9d94-6e9c9517e127,ECB,AES-128,cuda,33554432,9,encrypt,20583600,15585215.56854248,20244500,40828100,56628300,0.01558521556854248,0.0566283,2152.965536628634,592.5382185232472,,baseline,pipeline,pinned,,True,0,178,0,,
b609321f-50f9-4e51-9d94-6e9c9517e127,CTR,AES-128,cuda,33554432,9,encrypt,21314600,15981727.600097656,20264700,41579300,57741400,0.015981727600097657,0.0577414,2099.5497382770413,581.1156639776659,,baseline,pipeline,pinned,,True,1,179,0,128,9501d3d5a60d03000000000000000000
b609321f-50f9-4e51-9d94-6e9c9517e127,ECB,AES-128,cuda,33554432,10,encrypt,20654800,15754240.036010742,20429300,41084100,56999000,0.015754240036010742,0.056999,2129.8667484627576,588.6845734135686,,baseline,pipeline,pinned,,True,0,180,0,,
b609321f-50f9-4e51-9d94-6e9c9517e127,CTR,AES-128,cuda,33554432,10,encrypt,21205300,15994303.703308105,20272200,41477500,57658700,0.015994303703308104,0.0576587,2097.8988909070126,581.9491594503518,,baseline,pipeline,pinned,,True,1,181,0,128,d1c3317bc2b558620000000000000000
b609321f-50f9-4e51-9d94-6e9c9517e127,ECB,AES-128,cuda,33554432,11,encrypt,20760800,15661984.44366455,20709900,41470700,57348400,0.01566198444366455,0.0573484,2142.412548083787,585.0979626284255,,baseline,pipeline,pinned,,True,0,182,0,,
b609321f-50f9-4e51-9d94-6e9c9517e127,CTR,AES-128,cuda,33554432,11,encrypt,20653900,16202655.792236328,20383400,41037300,57407300,0.01620265579223633,0.0574073,2070.921732230957,584.4976509956051,,baseline,pipeline,pinned,,True,1,183,0,128,5d040260cf5c6eb60000000000000000
b609321f-50f9-4e51-9d94-6e9c9517e127,ECB,AES-128,cuda,33554432,12,encrypt,20650300,15757632.2555542,20274700,40925000,56868300,0.0157576322555542,0.0568683,2129.4082420392087,590.0375428841727,,baseline,pipeline,pinned,,True,0,184,0,,
b609321f-50f9-4e51-9d94-6e9c9517e127,CTR,AES-128,cuda,33554432,12,encrypt,20687200,16105855.941772461,20567300,41254500,57591500,0.01610585594177246,0.0575915,2083.3684419697665,582.6282003420644,,baseline,pipeline,pinned,,True,1,185,0,128,ebcc413517588aba0000000000000000
b609321f-50f9-4e51-9d94-6e9c9517e127,ECB,AES-128,cuda,33554432,13,encrypt,20975400,15630271.911621094,21552400,42527800,58335300,0.015630271911621092,0.0583353,2146.759326371815,575.1994418473892,,baseline,pipeline,pinned,,True,0,186,0,,
b609321f-50f9-4e51-9d94-6e9c9517e127,CTR,AES-128,cuda,33554432,13,encrypt,20539800,16021024.703979492,20221900,40761700,56982500,0.01602102470397949,0.0569825,2094.3998664246083,588.8550344403984,,baseline,pipeline,pinned,,True,1,187,0,128,29303409bb0effdc0000000000000000
b609321f-50f9-4e51-9d94-6e9c9517e127,CTR,AES-128,cuda,33554432,14,encrypt,20540600,16051359.176635742,20234000,40774600,57051400,0.016051359176635742,0.0570514,2090.4417894306184,588.143884286801,,baseline,pipeline,pinned,,True,0,188,0,128,a969bdcf90dca0770000000000000000
b609321f-50f9-4e51-9d94-6e9c9517e127,ECB,AES-128,cuda,33554432,14,encrypt,20548200,15563808.44116211,20257400,40805600,56590400,0.015563808441162109,0.0565904,2155.9268174528224,592.9350561225932,,baseline,pipeline,pinned,,True,1,189,0,,
b609321f-50f9-4e51-9d94-6e9c9517e127,CTR,AES-128,cuda,33554432,15,encrypt,20582000,16008768.081665039,20243000,40825000,57005500,0.01600876808166504,0.0570055,2096.003379449924,588.6174491934988,,baseline,pipeline,pinned,,True,0,190,0,128,f3335c6026eedc4e0000000000000000
b609321f-50f9-4e51-9d94-6e9c9517e127,ECB,AES-128,cuda,33554432,15,encrypt,20906600,15637023.92578125,20554500,41461100,57302100,0.01563702392578125,0.0573021,2145.8323629394567,585.5707207938278,,baseline,pipeline,pinned,,True,1,191,0,,
b609321f-50f9-4e51-9d94-6e9c9517e127,ECB,AES-128,cuda,33554432,16,encrypt,21455200,15652064.323425293,20554100,42009300,57866800,0.015652064323425294,0.0578668,2143.770387512499,579.8563597779729,,baseline,pipeline,pinned,,True,0,192,0,,
b609321f-50f9-4e51-9d94-6e9c9517e127,CTR,AES-128,cuda,33554432,16,encrypt,20590500,16027551.651000977,20244800,40835300,57123100,0.016027551651000976,0.0571231,2093.5469578040265,587.405655505391,,baseline,pipeline,pinned,,True,1,193,0,128,2801aa89e3bd7a900000000000000000
b609321f-50f9-4e51-9d94-6e9c9517e127,CTR,AES-128,cuda,33554432,17,encrypt,20589700,16054847.717285156,20231600,40821300,57083900,0.016054847717285155,0.0570839,2089.987559575183,587.8090319687337,,baseline,pipeline,pinned,,True,0,194,0,128,2562f980f639aa890000000000000000
b609321f-50f9-4e51-9d94-6e9c9517e127,ECB,AES-128,cuda,33554432,17,encrypt,20547300,15618304.252624512,20427600,40974900,56797600,0.015618304252624511,0.0567976,2148.404299036593,590.7720044508923,,baseline,pipeline,pinned,,True,1,195,0,,
b609321f-50f9-4e51-9d94-6e9c9517e127,CTR,AES-128,cuda,33554432,18,encrypt,21494100,16062559.127807617,20713500,42207600,58479500,0.016062559127807616,0.0584795,2088.9841857086353,573.7811027796065,,baseline,pipeline,pinned,,True,0,196,0,128,5372613149ba2d460000000000000000
b609321f-50f9-4e51-9d94-6e9c9517e127,ECB,AES-128,cuda,33554432,18,encrypt,20692100,15771072.387695312,20432400,41124500,57071000,0.015771072387695314,0.057071,2127.593557060798,587.9418969353962,,baseline,pipeline,pinned,,True,1,197,0,,
b609321f-50f9-4e51-9d94-6e9c9517e127,CTR,AES-128,cuda,33554432,19,encrypt,21059200,16071456.909179688,21128800,42188000,58765900,0.016071456909179688,0.0587659,2087.8276431077256,570.9847377475713,,baseline,pipeline,pinned,,True,0,198,0,128,003c88b39d7d70a70000000000000000
b609321f-50f9-4e51-9d94-6e9c9517e127,ECB,AES-128,cuda,33554432,19,encrypt,20556600,15603136.06262207,20245100,40801700,56612700,0.01560313606262207,0.0566127,2150.492815375812,592.7014963073657,,baseline,pipeline,pinned,,True,1,199,0,,
