session_id,mode,algorithm,backend,bytes,repeat,operation,kernel_throughput_MB_s,end_to_end_throughput_MB_s,kernel_seconds,end_to_end_seconds,h2d_ns,kernel_ns,d2h_ns,transfer_ns,end_to_end_ns,resident_batch_ns,profile,measurement,host_memory,resident_iterations,validation_checked,variant_order,job_order,nonce_bytes,counter_bits,initial_counter
dbdf47f2-8669-41f3-9881-d849f7378fcb,ECB,AES-128,cuda,16777216,0,copy,,,,,2705800,,2674600,5380400,,,diagnostic,transfer-only,pinned,,True,0,0,0,,
dbdf47f2-8669-41f3-9881-d849f7378fcb,CTR,AES-128,cuda,16777216,0,copy,,,,,2702600,,2693200,5395800,,,diagnostic,transfer-only,pinned,,True,1,1,0,128,3fb129a36e523dfe0000000000000000
dbdf47f2-8669-41f3-9881-d849f7378fcb,CTR,AES-128,cuda,16777216,1,copy,,,,,2705000,,2724700,5429700,,,diagnostic,transfer-only,pinned,,True,0,2,0,128,b8297e4d6e4298a80000000000000000
dbdf47f2-8669-41f3-9881-d849f7378fcb,ECB,AES-128,cuda,16777216,1,copy,,,,,2706300,,2764100,5470400,,,diagnostic,transfer-only,pinned,,True,1,3,0,,
dbdf47f2-8669-41f3-9881-d849f7378fcb,CTR,AES-128,cuda,16777216,2,copy,,,,,2705600,,2713800,5419400,,,diagnostic,transfer-only,pinned,,True,0,4,0,128,2aad707de35fc5740000000000000000
dbdf47f2-8669-41f3-9881-d849f7378fcb,ECB,AES-128,cuda,16777216,2,copy,,,,,3000700,,2683600,5684300,,,diagnostic,transfer-only,pinned,,True,1,5,0,,
dbdf47f2-8669-41f3-9881-d849f7378fcb,CTR,AES-128,cuda,16777216,3,copy,,,,,2748000,,2655600,5403600,,,diagnostic,transfer-only,pinned,,True,0,6,0,128,0e6c659c49f0b34b0000000000000000
dbdf47f2-8669-41f3-9881-d849f7378fcb,ECB,AES-128,cuda,16777216,3,copy,,,,,2706600,,2640400,5347000,,,diagnostic,transfer-only,pinned,,True,1,7,0,,
dbdf47f2-8669-41f3-9881-d849f7378fcb,ECB,AES-128,cuda,16777216,4,copy,,,,,2737500,,2689400,5426900,,,diagnostic,transfer-only,pinned,,True,0,8,0,,
dbdf47f2-8669-41f3-9881-d849f7378fcb,CTR,AES-128,cuda,16777216,4,copy,,,,,2736400,,2636200,5372600,,,diagnostic,transfer-only,pinned,,True,1,9,0,128,0c9fe7d3456172a90000000000000000
dbdf47f2-8669-41f3-9881-d849f7378fcb,ECB,AES-128,cuda,16777216,5,copy,,,,,2713100,,2677700,5390800,,,diagnostic,transfer-only,pinned,,True,0,10,0,,
dbdf47f2-8669-41f3-9881-d849f7378fcb,CTR,AES-128,cuda,16777216,5,copy,,,,,2869200,,3269000,6138200,,,diagnostic,transfer-only,pinned,,True,1,11,0,128,dd3235c808037aed0000000000000000
dbdf47f2-8669-41f3-9881-d849f7378fcb,ECB,AES-128,cuda,16777216,6,copy,,,,,2708900,,2818600,5527500,,,diagnostic,transfer-only,pinned,,True,0,12,0,,
dbdf47f2-8669-41f3-9881-d849f7378fcb,CTR,AES-128,cuda,16777216,6,copy,,,,,2894600,,2781000,5675600,,,diagnostic,transfer-only,pinned,,True,1,13,0,128,daaadd5070b80e8b0000000000000000
dbdf47f2-8669-41f3-9881-d849f7378fcb,CTR,AES-128,cuda,16777216,7,copy,,,,,2672300,,2656800,5329100,,,diagnostic,transfer-only,pinned,,True,0,14,0,128,600dd2566daba2f60000000000000000
dbdf47f2-8669-41f3-9881-d849f7378fcb,ECB,AES-128,cuda,16777216,7,copy,,,,,2714100,,2637000,5351100,,,diagnostic,transfer-only,pinned,,True,1,15,0,,
dbdf47f2-8669-41f3-9881-d849f7378fcb,ECB,AES-128,cuda,16777216,8,copy,,,,,2793800,,2677000,5470800,,,diagnostic,transfer-only,pinned,,True,0,16,0,,
dbdf47f2-8669-41f3-9881-d849f7378fcb,CTR,AES-128,cuda,16777216,8,copy,,,,,2730700,,2645000,5375700,,,diagnostic,transfer-only,pinned,,True,1,17,0,128,1f26d4eb7642994e0000000000000000
dbdf47f2-8669-41f3-9881-d849f7378fcb,CTR,AES-128,cuda,16777216,9,copy,,,,,2721200,,2677200,5398400,,,diagnostic,transfer-only,pinned,,True,0,18,0,128,5111c7985e32c8600000000000000000
dbdf47f2-8669-41f3-9881-d849f7378fcb,ECB,AES-128,cuda,16777216,9,copy,,,,,2706600,,2685100,5391700,,,diagnostic,transfer-only,pinned,,True,1,19,0,,
dbdf47f2-8669-41f3-9881-d849f7378fcb,ECB,AES-128,cuda,16777216,10,copy,,,,,2713900,,2732500,5446400,,,diagnostic,transfer-only,pinned,,True,0,20,0,,
dbdf47f2-8669-41f3-9881-d849f7378fcb,CTR,AES-128,cuda,16777216,10,copy,,,,,2705000,,2638000,5343000,,,diagnostic,transfer-only,pinned,,True,1,21,0,128,1f86c323bbc553ca0000000000000000
dbdf47f2-8669-41f3-9881-d849f7378fcb,ECB,AES-128,cuda,16777216,11,copy,,,,,2717500,,2632400,5349900,,,diagnostic,transfer-only,pinned,,True,0,22,0,,
dbdf47f2-8669-41f3-9881-d849f7378fcb,CTR,AES-128,cuda,16777216,11,copy,,,,,2744000,,2674900,5418900,,,diagnostic,transfer-only,pinned,,True,1,23,0,128,0932ad1ea1c2bb2d0000000000000000
dbdf47f2-8669-41f3-9881-d849f7378fcb,CTR,AES-128,cuda,16777216,12,copy,,,,,2752300,,2700200,5452500,,,diagnostic,transfer-only,pinned,,True,0,24,0,128,3012000db61e30210000000000000000
dbdf47f2-8669-41f3-9881-d849f7378fcb,ECB,AES-128,cuda,16777216,12,copy,,,,,2708400,,2636100,5344500,,,diagnostic,transfer-only,pinned,,True,1,25,0,,
dbdf47f2-8669-41f3-9881-d849f7378fcb,ECB,AES-128,cuda,16777216,13,copy,,,,,2705800,,2630700,5336500,,,diagnostic,transfer-only,pinned,,True,0,26,0,,
dbdf47f2-8669-41f3-9881-d849f7378fcb,CTR,AES-128,cuda,16777216,13,copy,,,,,2705600,,2826700,5532300,,,diagnostic,transfer-only,pinned,,True,1,27,0,128,d773ace03ccd2a300000000000000000
dbdf47f2-8669-41f3-9881-d849f7378fcb,ECB,AES-128,cuda,16777216,14,copy,,,,,2711500,,2690800,5402300,,,diagnostic,transfer-only,pinned,,True,0,28,0,,
dbdf47f2-8669-41f3-9881-d849f7378fcb,CTR,AES-128,cuda,16777216,14,copy,,,,,2746400,,2824600,5571000,,,diagnostic,transfer-only,pinned,,True,1,29,0,128,a5cdbe10126e69610000000000000000
dbdf47f2-8669-41f3-9881-d849f7378fcb,CTR,AES-128,cuda,16777216,15,copy,,,,,2706600,,2795000,5501600,,,diagnostic,transfer-only,pinned,,True,0,30,0,128,8a049d65da831d870000000000000000
dbdf47f2-8669-41f3-9881-d849f7378fcb,ECB,AES-128,cuda,16777216,15,copy,,,,,2816900,,2699500,5516400,,,diagnostic,transfer-only,pinned,,True,1,31,0,,
dbdf47f2-8669-41f3-9881-d849f7378fcb,CTR,AES-128,cuda,16777216,16,copy,,,,,2723400,,2652000,5375400,,,diagnostic,transfer-only,pinned,,True,0,32,0,128,87f58d36abb8eb450000000000000000
dbdf47f2-8669-41f3-9881-d849f7378fcb,ECB,AES-128,cuda,16777216,16,copy,,,,,2756300,,2665100,5421400,,,diagnostic,transfer-only,pinned,,True,1,33,0,,
dbdf47f2-8669-41f3-9881-d849f7378fcb,CTR,AES-128,cuda,16777216,17,copy,,,,,2737500,,2681700,5419200,,,diagnostic,transfer-only,pinned,,True,0,34,0,128,9b0617f6aa0ba6f40000000000000000
dbdf47f2-8669-41f3-9881-d849f7378fcb,ECB,AES-128,cuda,16777216,17,copy,,,,,2843100,,2748900,5592000,,,diagnostic,transfer-only,pinned,,True,1,35,0,,
dbdf47f2-8669-41f3-9881-d849f7378fcb,CTR,AES-128,cuda,16777216,18,copy,,,,,2781400,,2713300,5494700,,,diagnostic,transfer-only,pinned,,True,0,36,0,128,788aace136abc75f0000000000000000
dbdf47f2-8669-41f3-9881-d849f7378fcb,ECB,AES-128,cuda,16777216,18,copy,,,,,2707600,,2642000,5349600,,,diagnostic,transfer-only,pinned,,True,1,37,0,,
dbdf47f2-8669-41f3-9881-d849f7378fcb,CTR,AES-128,cuda,16777216,19,copy,,,,,10337800,,10161400,20499200,,,diagnostic,transfer-only,pinned,,True,0,38,0,128,f33be5ead0e054780000000000000000
dbdf47f2-8669-41f3-9881-d849f7378fcb,ECB,AES-128,cuda,16777216,19,copy,,,,,10420300,,10433700,20854000,,,diagnostic,transfer-only,pinned,,True,1,39,0,,
dbdf47f2-8669-41f3-9881-d849f7378fcb,ECB,AES-128,cuda,33554432,0,copy,,,,,21643300,,20741500,42384800,,,diagnostic,transfer-only,pinned,,True,0,40,0,,
dbdf47f2-8669-41f3-9881-d849f7378fcb,CTR,AES-128,cuda,33554432,0,copy,,,,,20541500,,20226700,40768200,,,diagnostic,transfer-only,pinned,,True,1,41,0,128,304aaff98001cedd0000000000000000
dbdf47f2-8669-41f3-9881-d849f7378fcb,CTR,AES-128,cuda,33554432,1,copy,,,,,20559000,,20218800,40777800,,,diagnostic,transfer-only,pinned,,True,0,42,0,128,f7242da55043d9cd0000000000000000
dbdf47f2-8669-41f3-9881-d849f7378fcb,ECB,AES-128,cuda,33554432,1,copy,,,,,20651500,,20561400,41212900,,,diagnostic,transfer-only,pinned,,True,1,43,0,,
dbdf47f2-8669-41f3-9881-d849f7378fcb,ECB,AES-128,cuda,33554432,2,copy,,,,,20646800,,20240800,40887600,,,diagnostic,transfer-only,pinned,,True,0,44,0,,
dbdf47f2-8669-41f3-9881-d849f7378fcb,CTR,AES-128,cuda,33554432,2,copy,,,,,20537100,,20204000,40741100,,,diagnostic,transfer-only,pinned,,True,1,45,0,128,460c36c27d2313730000000000000000
dbdf47f2-8669-41f3-9881-d849f7378fcb,CTR,AES-128,cuda,33554432,3,copy,,,,,20700200,,20323000,41023200,,,diagnostic,transfer-only,pinned,,True,0,46,0,128,72d7010f2fc68e560000000000000000
dbdf47f2-8669-41f3-9881-d849f7378fcb,ECB,AES-128,cuda,33554432,3,copy,,,,,20791900,,20612500,41404400,,,diagnostic,transfer-only,pinned,,True,1,47,0,,
dbdf47f2-8669-41f3-9881-d849f7378fcb,ECB,AES-128,cuda,33554432,4,copy,,,,,20655300,,20553400,41208700,,,diagnostic,transfer-only,pinned,,True,0,48,0,,
dbdf47f2-8669-41f3-9881-d849f7378fcb,CTR,AES-128,cuda,33554432,4,copy,,,,,20717300,,20236200,40953500,,,diagnostic,transfer-only,pinned,,True,1,49,0,128,5390289b6c6240f70000000000000000
dbdf47f2-8669-41f3-9881-d849f7378fcb,CTR,AES-128,cuda,33554432,5,copy,,,,,20542700,,20222900,40765600,,,diagnostic,transfer-only,pinned,,True,0,50,0,128,47d75f4ae01a8d360000000000000000
dbdf47f2-8669-41f3-9881-d849f7378fcb,ECB,AES-128,cuda,33554432,5,copy,,,,,21695700,,20406500,42102200,,,diagnostic,transfer-only,pinned,,True,1,51,0,,
dbdf47f2-8669-41f3-9881-d849f7378fcb,ECB,AES-128,cuda,33554432,6,copy,,,,,20558100,,20197500,40755600,,,diagnostic,transfer-only,pinned,,True,0,52,0,,
dbdf47f2-8669-41f3-9881-d849f7378fcb,CTR,AES-128,cuda,33554432,6,copy,,,,,20545700,,20191700,40737400,,,diagnostic,transfer-only,pinned,,True,1,53,0,128,f5595066212b469a0000000000000000
dbdf47f2-8669-41f3-9881-d849f7378fcb,ECB,AES-128,cuda,33554432,7,copy,,,,,20603500,,20210700,40814200,,,diagnostic,transfer-only,pinned,,True,0,54,0,,
dbdf47f2-8669-41f3-9881-d849f7378fcb,CTR,AES-128,cuda,33554432,7,copy,,,,,21199000,,20783800,41982800,,,diagnostic,transfer-only,pinned,,True,1,55,0,128,0378ddc7bf43aa300000000000000000
dbdf47f2-8669-41f3-9881-d849f7378fcb,CTR,AES-128,cuda,33554432,8,copy,,,,,20565400,,20215400,40780800,,,diagnostic,transfer-only,pinned,,True,0,56,0,128,5372133b793897870000000000000000
dbdf47f2-8669-41f3-9881-d849f7378fcb,ECB,AES-128,cuda,33554432,8,copy,,,,,20915000,,20272500,41187500,,,diagnostic,transfer-only,pinned,,True,1,57,0,,
dbdf47f2-8669-41f3-9881-d849f7378fcb,ECB,AES-128,cuda,33554432,9,copy,,,,,20558300,,20210900,40769200,,,diagnostic,transfer-only,pinned,,True,0,58,0,,
dbdf47f2-8669-41f3-9881-d849f7378fcb,CTR,AES-128,cuda,33554432,9,copy,,,,,21643900,,20467700,42111600,,,diagnostic,transfer-only,pinned,,True,1,59,0,128,64d9cdd7999c20b00000000000000000
dbdf47f2-8669-41f3-9881-d849f7378fcb,CTR,AES-128,cuda,33554432,10,copy,,,,,20556300,,20219300,40775600,,,diagnostic,transfer-only,pinned,,True,0,60,0,128,1b66fd0df9a354a10000000000000000
dbdf47f2-8669-41f3-9881-d849f7378fcb,ECB,AES-128,cuda,33554432,10,copy,,,,,21235200,,20294500,41529700,,,diagnostic,transfer-only,pinned,,True,1,61,0,,
dbdf47f2-8669-41f3-9881-d849f7378fcb,ECB,AES-128,cuda,33554432,11,copy,,,,,20546300,,20184000,40730300,,,diagnostic,transfer-only,pinned,,True,0,62,0,,
dbdf47f2-8669-41f3-9881-d849f7378fcb,CTR,AES-128,cuda,33554432,11,copy,,,,,21218800,,20669700,41888500,,,diagnostic,transfer-only,pinned,,True,1,63,0,128,63173f538871efc40000000000000000
dbdf47f2-8669-41f3-9881-d849f7378fcb,CTR,AES-128,cuda,33554432,12,copy,,,,,21113100,,20386400,41499500,,,diagnostic,transfer-only,pinned,,True,0,64,0,128,66b05698bc9ad1b70000000000000000
dbdf47f2-8669-41f3-9881-d849f7378fcb,ECB,AES-128,cuda,33554432,12,copy,,,,,20664800,,20300600,40965400,,,diagnostic,transfer-only,pinned,,True,1,65,0,,
dbdf47f2-8669-41f3-9881-d849f7378fcb,ECB,AES-128,cuda,33554432,13,copy,,,,,20703600,,20358800,41062400,,,diagnostic,transfer-only,pinned,,True,0,66,0,,
dbdf47f2-8669-41f3-9881-d849f7378fcb,CTR,AES-128,cuda,33554432,13,copy,,,,,21047900,,20734600,41782500,,,diagnostic,transfer-only,pinned,,True,1,67,0,128,0d0596937f2c87330000000000000000
dbdf47f2-8669-41f3-9881-d849f7378fcb,ECB,AES-128,cuda,33554432,14,copy,,,,,21577200,,21581400,43158600,,,diagnostic,transfer-only,pinned,,True,0,68,0,,
dbdf47f2-8669-41f3-9881-d849f7378fcb,CTR,AES-128,cuda,33554432,14,copy,,,,,20539000,,20220100,40759100,,,diagnostic,transfer-only,pinned,,True,1,69,0,128,b08f731e40b39fbd0000000000000000
dbdf47f2-8669-41f3-9881-d849f7378fcb,CTR,AES-128,cuda,33554432,15,copy,,,,,21076800,,20255400,41332200,,,diagnostic,transfer-only,pinned,,True,0,70,0,128,36ee4949195c20df0000000000000000
dbdf47f2-8669-41f3-9881-d849f7378fcb,ECB,AES-128,cuda,33554432,15,copy,,,,,21011200,,20230800,41242000,,,diagnostic,transfer-only,pinned,,True,1,71,0,,
dbdf47f2-8669-41f3-9881-d849f7378fcb,ECB,AES-128,cuda,33554432,16,copy,,,,,21496700,,20533400,42030100,,,diagnostic,transfer-only,pinned,,True,0,72,0,,
dbdf47f2-8669-41f3-9881-d849f7378fcb,CTR,AES-128,cuda,33554432,16,copy,,,,,20556700,,20219600,40776300,,,diagnostic,transfer-only,pinned,,True,1,73,0,128,09acec62fb0102200000000000000000
dbdf47f2-8669-41f3-9881-d849f7378fcb,ECB,AES-128,cuda,33554432,17,copy,,,,,21177000,,20755800,41932800,,,diagnostic,transfer-only,pinned,,True,0,74,0,,
dbdf47f2-8669-41f3-9881-d849f7378fcb,CTR,AES-128,cuda,33554432,17,copy,,,,,20550800,,20171000,40721800,,,diagnostic,transfer-only,pinned,,True,1,75,0,128,18d8c8feb16537650000000000000000
dbdf47f2-8669-41f3-9881-d849f7378fcb,ECB,AES-128,cuda,33554432,18,copy,,,,,20554200,,20184200,40738400,,,diagnostic,transfer-only,pinned,,True,0,76,0,,
dbdf47f2-8669-41f3-9881-d849f7378fcb,CTR,AES-128,cuda,33554432,18,copy,,,,,21182300,,20934000,42116300,,,diagnostic,transfer-only,pinned,,True,1,77,0,128,d742b7da7f012ccf0000000000000000
dbdf47f2-8669-41f3-9881-d849f7378fcb,ECB,AES-128,cuda,33554432,19,copy,,,,,20692600,,20262600,40955200,,,diagnostic,transfer-only,pinned,,True,0,78,0,,
dbdf47f2-8669-41f3-9881-d849f7378fcb,CTR,AES-128,cuda,33554432,19,copy,,,,,21249700,,20859800,42109500,,,diagnostic,transfer-only,pinned,,True,1,79,0,128,a0c2fcdd46515ae70000000000000000
dbdf47f2-8669-41f3-9881-d849f7378fcb,CTR,AES-128,cuda,67108864,0,copy,,,,,41225800,,40452900,81678700,,,diagnostic,transfer-only,pinned,,True,0,80,0,128,433f028500cbb54d0000000000000000
dbdf47f2-8669-41f3-9881-d849f7378fcb,ECB,AES-128,cuda,67108864,0,copy,,,,,41134400,,40187100,81321500,,,diagnostic,transfer-only,pinned,,True,1,81,0,,
dbdf47f2-8669-41f3-9881-d849f7378fcb,ECB,AES-128,cuda,67108864,1,copy,,,,,41249700,,40399100,81648800,,,diagnostic,transfer-only,pinned,,True,0,82,0,,
dbdf47f2-8669-41f3-9881-d849f7378fcb,CTR,AES-128,cuda,67108864,1,copy,,,,,40923300,,40503400,81426700,,,diagnostic,transfer-only,pinned,,True,1,83,0,128,679ac5889922cea00000000000000000
dbdf47f2-8669-41f3-9881-d849f7378fcb,ECB,AES-128,cuda,67108864,2,copy,,,,,41556200,,40968100,82524300,,,diagnostic,transfer-only,pinned,,True,0,84,0,,
dbdf47f2-8669-41f3-9881-d849f7378fcb,CTR,AES-128,cuda,67108864,2,copy,,,,,41587000,,40609600,82196600,,,diagnostic,transfer-only,pinned,,True,1,85,0,128,fcbfcd52a9c3f11f0000000000000000
dbdf47f2-8669-41f3-9881-d849f7378fcb,ECB,AES-128,cuda,67108864,3,copy,,,,,41776400,,41174000,82950400,,,diagnostic,transfer-only,pinned,,True,0,86,0,,
dbdf47f2-8669-41f3-9881-d849f7378fcb,CTR,AES-128,cuda,67108864,3,copy,,,,,41225300,,40449100,81674400,,,diagnostic,transfer-only,pinned,,True,1,87,0,128,d3f808068fe441a30000000000000000
dbdf47f2-8669-41f3-9881-d849f7378fcb,ECB,AES-128,cuda,67108864,4,copy,,,,,41691200,,40620900,82312100,,,diagnostic,transfer-only,pinned,,True,0,88,0,,
dbdf47f2-8669-41f3-9881-d849f7378fcb,CTR,AES-128,cuda,67108864,4,copy,,,,,41465400,,40514800,81980200,,,diagnostic,transfer-only,pinned,,True,1,89,0,128,80b029f3cbdc08130000000000000000
dbdf47f2-8669-41f3-9881-d849f7378fcb,ECB,AES-128,cuda,67108864,5,copy,,,,,41266400,,40595100,81861500,,,diagnostic,transfer-only,pinned,,True,0,90,0,,
dbdf47f2-8669-41f3-9881-d849f7378fcb,CTR,AES-128,cuda,67108864,5,copy,,,,,42936400,,41431400,84367800,,,diagnostic,transfer-only,pinned,,True,1,91,0,128,3e7f633d8d87cc240000000000000000
dbdf47f2-8669-41f3-9881-d849f7378fcb,CTR,AES-128,cuda,67108864,6,copy,,,,,40959900,,40260300,81220200,,,diagnostic,transfer-only,pinned,,True,0,92,0,128,0570aaaf0890f4700000000000000000
dbdf47f2-8669-41f3-9881-d849f7378fcb,ECB,AES-128,cuda,67108864,6,copy,,,,,41314500,,40712500,82027000,,,diagnostic,transfer-only,pinned,,True,1,93,0,,
dbdf47f2-8669-41f3-9881-d849f7378fcb,CTR,AES-128,cuda,67108864,7,copy,,,,,41505400,,40867400,82372800,,,diagnostic,transfer-only,pinned,,True,0,94,0,128,e619dad2452c42c40000000000000000
dbdf47f2-8669-41f3-9881-d849f7378fcb,ECB,AES-128,cuda,67108864,7,copy,,,,,41457100,,40659200,82116300,,,diagnostic,transfer-only,pinned,,True,1,95,0,,
dbdf47f2-8669-41f3-9881-d849f7378fcb,ECB,AES-128,cuda,67108864,8,copy,,,,,41570100,,40917500,82487600,,,diagnostic,transfer-only,pinned,,True,0,96,0,,
dbdf47f2-8669-41f3-9881-d849f7378fcb,CTR,AES-128,cuda,67108864,8,copy,,,,,41956700,,40940600,82897300,,,diagnostic,transfer-only,pinned,,True,1,97,0,128,56ab0bf78c16bf2a0000000000000000
dbdf47f2-8669-41f3-9881-d849f7378fcb,ECB,AES-128,cuda,67108864,9,copy,,,,,41298400,,41423800,82722200,,,diagnostic,transfer-only,pinned,,True,0,98,0,,
dbdf47f2-8669-41f3-9881-d849f7378fcb,CTR,AES-128,cuda,67108864,9,copy,,,,,41402000,,40497200,81899200,,,diagnostic,transfer-only,pinned,,True,1,99,0,128,39b1c31ea21497000000000000000000
dbdf47f2-8669-41f3-9881-d849f7378fcb,CTR,AES-128,cuda,67108864,10,copy,,,,,41359900,,40575400,81935300,,,diagnostic,transfer-only,pinned,,True,0,100,0,128,3d97d285a99acef70000000000000000
dbdf47f2-8669-41f3-9881-d849f7378fcb,ECB,AES-128,cuda,67108864,10,copy,,,,,41432900,,41052000,82484900,,,diagnostic,transfer-only,pinned,,True,1,101,0,,
dbdf47f2-8669-41f3-9881-d849f7378fcb,CTR,AES-128,cuda,67108864,11,copy,,,,,42208300,,40223300,82431600,,,diagnostic,transfer-only,pinned,,True,0,102,0,128,768fb8a19e9e1edc0000000000000000
dbdf47f2-8669-41f3-9881-d849f7378fcb,ECB,AES-128,cuda,67108864,11,copy,,,,,42427600,,40545400,82973000,,,diagnostic,transfer-only,pinned,,True,1,103,0,,
dbdf47f2-8669-41f3-9881-d849f7378fcb,ECB,AES-128,cuda,67108864,12,copy,,,,,41590100,,41542100,83132200,,,diagnostic,transfer-only,pinned,,True,0,104,0,,
dbdf47f2-8669-41f3-9881-d849f7378fcb,CTR,AES-128,cuda,67108864,12,copy,,,,,41974000,,41404000,83378000,,,diagnostic,transfer-only,pinned,,True,1,105,0,128,24fb5df831d1f3b50000000000000000
dbdf47f2-8669-41f3-9881-d849f7378fcb,CTR,AES-128,cuda,67108864,13,copy,,,,,41313600,,40453400,81767000,,,diagnostic,transfer-only,pinned,,True,0,106,0,128,21b35155ecebf57b0000000000000000
dbdf47f2-8669-41f3-9881-d849f7378fcb,ECB,AES-128,cuda,67108864,13,copy,,,,,41301600,,40781000,82082600,,,diagnostic,transfer-only,pinned,,True,1,107,0,,
dbdf47f2-8669-41f3-9881-d849f7378fcb,CTR,AES-128,cuda,67108864,14,copy,,,,,41564200,,40598300,82162500,,,diagnostic,transfer-only,pinned,,True,0,108,0,128,9dba94b0067d0ad50000000000000000
dbdf47f2-8669-41f3-9881-d849f7378fcb,ECB,AES-128,cuda,67108864,14,copy,,,,,41794600,,40765200,82559800,,,diagnostic,transfer-only,pinned,,True,1,109,0,,
dbdf47f2-8669-41f3-9881-d849f7378fcb,CTR,AES-128,cuda,67108864,15,copy,,,,,41912000,,41319900,83231900,,,diagnostic,transfer-only,pinned,,True,0,110,0,128,9baccacee65fab420000000000000000
dbdf47f2-8669-41f3-9881-d849f7378fcb,ECB,AES-128,cuda,67108864,15,copy,,,,,41272000,,40472200,81744200,,,diagnostic,transfer-only,pinned,,True,1,111,0,,
dbdf47f2-8669-41f3-9881-d849f7378fcb,CTR,AES-128,cuda,67108864,16,copy,,,,,41250400,,40491200,81741600,,,diagnostic,transfer-only,pinned,,True,0,112,0,128,c56b2a746235770d0000000000000000
dbdf47f2-8669-41f3-9881-d849f7378fcb,ECB,AES-128,cuda,67108864,16,copy,,,,,41704900,,42157200,83862100,,,diagnostic,transfer-only,pinned,,True,1,113,0,,
dbdf47f2-8669-41f3-9881-d849f7378fcb,ECB,AES-128,cuda,67108864,17,copy,,,,,40951400,,40188500,81139900,,,diagnostic,transfer-only,pinned,,True,0,114,0,,
dbdf47f2-8669-41f3-9881-d849f7378fcb,CTR,AES-128,cuda,67108864,17,copy,,,,,40948300,,40182300,81130600,,,diagnostic,transfer-only,pinned,,True,1,115,0,128,b6a049bfe335d6270000000000000000
dbdf47f2-8669-41f3-9881-d849f7378fcb,CTR,AES-128,cuda,67108864,18,copy,,,,,42545800,,40800500,83346300,,,diagnostic,transfer-only,pinned,,True,0,116,0,128,adc5e5605c068b300000000000000000
dbdf47f2-8669-41f3-9881-d849f7378fcb,ECB,AES-128,cuda,67108864,18,copy,,,,,41463200,,40543600,82006800,,,diagnostic,transfer-only,pinned,,True,1,117,0,,
dbdf47f2-8669-41f3-9881-d849f7378fcb,CTR,AES-128,cuda,67108864,19,copy,,,,,42087300,,41284000,83371300,,,diagnostic,transfer-only,pinned,,True,0,118,0,128,c3d49578fe45adbd0000000000000000
dbdf47f2-8669-41f3-9881-d849f7378fcb,ECB,AES-128,cuda,67108864,19,copy,,,,,42962900,,40934500,83897400,,,diagnostic,transfer-only,pinned,,True,1,119,0,,
dbdf47f2-8669-41f3-9881-d849f7378fcb,CTR,AES-128,cuda,104857600,0,copy,,,,,32086900,,31477700,63564600,,,diagnostic,transfer-only,pinned,,True,0,120,0,128,57731590c440fea60000000000000000
dbdf47f2-8669-41f3-9881-d849f7378fcb,ECB,AES-128,cuda,104857600,0,copy,,,,,64130800,,62743300,126874100,,,diagnostic,transfer-only,pinned,,True,1,121,0,,
dbdf47f2-8669-41f3-9881-d849f7378fcb,ECB,AES-128,cuda,104857600,1,copy,,,,,64899900,,64370300,129270200,,,diagnostic,transfer-only,pinned,,True,0,122,0,,
dbdf47f2-8669-41f3-9881-d849f7378fcb,CTR,AES-128,cuda,104857600,1,copy,,,,,64605200,,63479200,128084400,,,diagnostic,transfer-only,pinned,,True,1,123,0,128,06020e2bce2240a60000000000000000
dbdf47f2-8669-41f3-9881-d849f7378fcb,ECB,AES-128,cuda,104857600,2,copy,,,,,32422600,,31753600,64176200,,,diagnostic,transfer-only,pinned,,True,0,124,0,,
dbdf47f2-8669-41f3-9881-d849f7378fcb,CTR,AES-128,cuda,104857600,2,copy,,,,,32391300,,31935600,64326900,,,diagnostic,transfer-only,pinned,,True,1,125,0,128,6dcd6e0a3b720f980000000000000000
dbdf47f2-8669-41f3-9881-d849f7378fcb,ECB,AES-128,cuda,104857600,3,copy,,,,,64733800,,63965100,128698900,,,diagnostic,transfer-only,pinned,,True,0,126,0,,
dbdf47f2-8669-41f3-9881-d849f7378fcb,CTR,AES-128,cuda,104857600,3,copy,,,,,32344500,,31763600,64108100,,,diagnostic,transfer-only,pinned,,True,1,127,0,128,15b05b50cd036df50000000000000000
dbdf47f2-8669-41f3-9881-d849f7378fcb,ECB,AES-128,cuda,104857600,4,copy,,,,,32211600,,31886900,64098500,,,diagnostic,transfer-only,pinned,,True,0,128,0,,
dbdf47f2-8669-41f3-9881-d849f7378fcb,CTR,AES-128,cuda,104857600,4,copy,,,,,65449800,,63518000,128967800,,,diagnostic,transfer-only,pinned,,True,1,129,0,128,6db1f9d603630fd80000000000000000
dbdf47f2-8669-41f3-9881-d849f7378fcb,ECB,AES-128,cuda,104857600,5,copy,,,,,32353900,,31979600,64333500,,,diagnostic,transfer-only,pinned,,True,0,130,0,,
dbdf47f2-8669-41f3-9881-d849f7378fcb,CTR,AES-128,cuda,104857600,5,copy,,,,,32097200,,31619200,63716400,,,diagnostic,transfer-only,pinned,,True,1,131,0,128,a06507f0f65345500000000000000000
dbdf47f2-8669-41f3-9881-d849f7378fcb,ECB,AES-128,cuda,104857600,6,copy,,,,,64507000,,49055100,113562100,,,diagnostic,transfer-only,pinned,,True,0,132,0,,
dbdf47f2-8669-41f3-9881-d849f7378fcb,CTR,AES-128,cuda,104857600,6,copy,,,,,32320600,,31615900,63936500,,,diagnostic,transfer-only,pinned,,True,1,133,0,128,5b89d5c200ae06f70000000000000000
dbdf47f2-8669-41f3-9881-d849f7378fcb,ECB,AES-128,cuda,104857600,7,copy,,,,,32440300,,31844500,64284800,,,diagnostic,transfer-only,pinned,,True,0,134,0,,
dbdf47f2-8669-41f3-9881-d849f7378fcb,CTR,AES-128,cuda,104857600,7,copy,,,,,64614500,,63615000,128229500,,,diagnostic,transfer-only,pinned,,True,1,135,0,128,c3693b9196abbf240000000000000000
dbdf47f2-8669-41f3-9881-d849f7378fcb,CTR,AES-128,cuda,104857600,8,copy,,,,,65232000,,63577800,128809800,,,diagnostic,transfer-only,pinned,,True,0,136,0,128,c4ca2e780d9713870000000000000000
dbdf47f2-8669-41f3-9881-d849f7378fcb,ECB,AES-128,cuda,104857600,8,copy,,,,,64252500,,63157300,127409800,,,diagnostic,transfer-only,pinned,,True,1,137,0,,
dbdf47f2-8669-41f3-9881-d849f7378fcb,ECB,AES-128,cuda,104857600,9,copy,,,,,64632100,,63142200,127774300,,,diagnostic,transfer-only,pinned,,True,0,138,0,,
dbdf47f2-8669-41f3-9881-d849f7378fcb,CTR,AES-128,cuda,104857600,9,copy,,,,,32446000,,31943500,64389500,,,diagnostic,transfer-only,pinned,,True,1,139,0,128,bb150ab3d9bd5ab90000000000000000
dbdf47f2-8669-41f3-9881-d849f7378fcb,CTR,AES-128,cuda,104857600,10,copy,,,,,32309000,,31849300,64158300,,,diagnostic,transfer-only,pinned,,True,0,140,0,128,2259ace6d2f8ebae0000000000000000
dbdf47f2-8669-41f3-9881-d849f7378fcb,ECB,AES-128,cuda,104857600,10,copy,,,,,64518800,,63391400,127910200,,,diagnostic,transfer-only,pinned,,True,1,141,0,,
dbdf47f2-8669-41f3-9881-d849f7378fcb,CTR,AES-128,cuda,104857600,11,copy,,,,,32508600,,31886700,64395300,,,diagnostic,transfer-only,pinned,,True,0,142,0,128,33bcf8caa4c79c580000000000000000
dbdf47f2-8669-41f3-9881-d849f7378fcb,ECB,AES-128,cuda,104857600,11,copy,,,,,32498000,,32649900,65147900,,,diagnostic,transfer-only,pinned,,True,1,143,0,,
dbdf47f2-8669-41f3-9881-d849f7378fcb,CTR,AES-128,cuda,104857600,12,copy,,,,,64533600,,63529400,128063000,,,diagnostic,transfer-only,pinned,,True,0,144,0,128,04592cb83fc744480000000000000000
dbdf47f2-8669-41f3-9881-d849f7378fcb,ECB,AES-128,cuda,104857600,12,copy,,,,,16850000,,16207700,33057700,,,diagnostic,transfer-only,pinned,,True,1,145,0,,
dbdf47f2-8669-41f3-9881-d849f7378fcb,CTR,AES-128,cuda,104857600,13,copy,,,,,16684000,,16222300,32906300,,,diagnostic,transfer-only,pinned,,True,0,146,0,128,476eb7954d80f4e10000000000000000
dbdf47f2-8669-41f3-9881-d849f7378fcb,ECB,AES-128,cuda,104857600,13,copy,,,,,64490300,,63278600,127768900,,,diagnostic,transfer-only,pinned,,True,1,147,0,,
dbdf47f2-8669-41f3-9881-d849f7378fcb,CTR,AES-128,cuda,104857600,14,copy,,,,,64465600,,63330800,127796400,,,diagnostic,transfer-only,pinned,,True,0,148,0,128,787db450962068da0000000000000000
dbdf47f2-8669-41f3-9881-d849f7378fcb,ECB,AES-128,cuda,104857600,14,copy,,,,,65005100,,63666700,128671800,,,diagnostic,transfer-only,pinned,,True,1,149,0,,
dbdf47f2-8669-41f3-9881-d849f7378fcb,CTR,AES-128,cuda,104857600,15,copy,,,,,32076600,,31693400,63770000,,,diagnostic,transfer-only,pinned,,True,0,150,0,128,38f6ac8f3b9a96b00000000000000000
dbdf47f2-8669-41f3-9881-d849f7378fcb,ECB,AES-128,cuda,104857600,15,copy,,,,,32887800,,31822000,64709800,,,diagnostic,transfer-only,pinned,,True,1,151,0,,
dbdf47f2-8669-41f3-9881-d849f7378fcb,ECB,AES-128,cuda,104857600,16,copy,,,,,64624200,,63786200,128410400,,,diagnostic,transfer-only,pinned,,True,0,152,0,,
dbdf47f2-8669-41f3-9881-d849f7378fcb,CTR,AES-128,cuda,104857600,16,copy,,,,,33346600,,32678400,66025000,,,diagnostic,transfer-only,pinned,,True,1,153,0,128,0574be9b76e18bf30000000000000000
dbdf47f2-8669-41f3-9881-d849f7378fcb,CTR,AES-128,cuda,104857600,17,copy,,,,,32613000,,32225000,64838000,,,diagnostic,transfer-only,pinned,,True,0,154,0,128,8a33242ae59f448b0000000000000000
dbdf47f2-8669-41f3-9881-d849f7378fcb,ECB,AES-128,cuda,104857600,17,copy,,,,,64997900,,63292900,128290800,,,diagnostic,transfer-only,pinned,,True,1,155,0,,
dbdf47f2-8669-41f3-9881-d849f7378fcb,CTR,AES-128,cuda,104857600,18,copy,,,,,32917300,,32064300,64981600,,,diagnostic,transfer-only,pinned,,True,0,156,0,128,0989d266893d0ff80000000000000000
dbdf47f2-8669-41f3-9881-d849f7378fcb,ECB,AES-128,cuda,104857600,18,copy,,,,,32293200,,33685300,65978500,,,diagnostic,transfer-only,pinned,,True,1,157,0,,
dbdf47f2-8669-41f3-9881-d849f7378fcb,ECB,AES-128,cuda,104857600,19,copy,,,,,64900100,,62736900,127637000,,,diagnostic,transfer-only,pinned,,True,0,158,0,,
dbdf47f2-8669-41f3-9881-d849f7378fcb,CTR,AES-128,cuda,104857600,19,copy,,,,,32417200,,32224900,64642100,,,diagnostic,transfer-only,pinned,,True,1,159,0,128,59ee8b0f546227a70000000000000000
