session_id,algorithm,key_bits,backend,mode,bytes,repeat,message_index,operation,nonce_bytes,aad_bytes,tag_bytes,wall_elapsed_ns,process_cpu_ns,process_to_wall_ratio,seconds,throughput_MB_s,variant_order,job_order
508353c9-09c1-4985-bd3e-ef0e1b0afe0c,AES-128-GCM,128,aesni,GCM,104857600,0,3,encrypt,12,16,16,92599000,109375000,1.1811682631561895,0.092599,1132.383719046642,0,0
508353c9-09c1-4985-bd3e-ef0e1b0afe0c,AES-128-GCM,128,aesni,GCM,104857600,0,3,decrypt,12,16,16,104875200,109375000,1.0429062352205287,0.1048752,999.8321814880925,0,1
508353c9-09c1-4985-bd3e-ef0e1b0afe0c,AES-256-GCM,256,aesni,GCM,104857600,0,3,encrypt,12,16,16,98235700,109375000,1.1133936033437946,0.0982357,1067.4082843609808,1,0
508353c9-09c1-4985-bd3e-ef0e1b0afe0c,AES-256-GCM,256,aesni,GCM,104857600,0,3,decrypt,12,16,16,101002500,109375000,1.0828939877725798,0.1010025,1038.1683621692532,1,1
508353c9-09c1-4985-bd3e-ef0e1b0afe0c,AES-256-GCM,256,aesni,GCM,104857600,1,4,decrypt,12,16,16,102086000,109375000,1.071400583821484,0.102086,1027.1496581313795,0,0
508353c9-09c1-4985-bd3e-ef0e1b0afe0c,AES-256-GCM,256,aesni,GCM,104857600,1,4,encrypt,12,16,16,99542100,93750000,0.9418125597109163,0.0995421,1053.3995163855293,0,1
508353c9-09c1-4985-bd3e-ef0e1b0afe0c,AES-128-GCM,128,aesni,GCM,104857600,1,4,encrypt,12,16,16,107580700,109375000,1.016678642172806,0.1075807,974.6878389897073,1,0
508353c9-09c1-4985-bd3e-ef0e1b0afe0c,AES-128-GCM,128,aesni,GCM,104857600,1,4,decrypt,12,16,16,95287300,78125000,0.819888904397543,0.0952873,1100.4362596064743,1,1
508353c9-09c1-4985-bd3e-ef0e1b0afe0c,AES-128-GCM,128,aesni,GCM,104857600,2,5,encrypt,12,16,16,100125500,93750000,0.9363249122351449,0.1001255,1047.261686583338,0,0
508353c9-09c1-4985-bd3e-ef0e1b0afe0c,AES-128-GCM,128,aesni,GCM,104857600,2,5,decrypt,12,16,16,100335100,109375000,1.0900970846692732,0.1003351,1045.0739571695249,0,1
508353c9-09c1-4985-bd3e-ef0e1b0afe0c,AES-256-GCM,256,aesni,GCM,104857600,2,5,encrypt,12,16,16,99878000,109375000,1.0950860049260098,0.099878,1049.8568253268988,1,0
508353c9-09c1-4985-bd3e-ef0e1b0afe0c,AES-256-GCM,256,aesni,GCM,104857600,2,5,decrypt,12,16,16,96944100,93750000,0.9670521465463087,0.0969441,1081.6295163914049,1,1
508353c9-09c1-4985-bd3e-ef0e1b0afe0c,AES-128-GCM,128,aesni,GCM,104857600,3,6,decrypt,12,16,16,87387500,93750000,1.0728078958661136,0.0873875,1199.915319696753,0,0
508353c9-09c1-4985-bd3e-ef0e1b0afe0c,AES-128-GCM,128,aesni,GCM,104857600,3,6,encrypt,12,16,16,94047400,93750000,0.9968377647866926,0.0940474,1114.9441664522358,0,1
508353c9-09c1-4985-bd3e-ef0e1b0afe0c,AES-256-GCM,256,aesni,GCM,104857600,3,6,decrypt,12,16,16,111307200,93750000,0.8422635732459356,0.1113072,942.0558598185921,1,0
508353c9-09c1-4985-bd3e-ef0e1b0afe0c,AES-256-GCM,256,aesni,GCM,104857600,3,6,encrypt,12,16,16,107631500,109375000,1.016198789387865,0.1076315,974.2278050570698,1,1
508353c9-09c1-4985-bd3e-ef0e1b0afe0c,AES-256-GCM,256,aesni,GCM,104857600,4,7,decrypt,12,16,16,96865800,109375000,1.1291394898922014,0.0968658,1082.5038352029303,0,0
508353c9-09c1-4985-bd3e-ef0e1b0afe0c,AES-256-GCM,256,aesni,GCM,104857600,4,7,encrypt,12,16,16,93869500,93750000,0.9987269560400343,0.0938695,1117.0571911004106,0,1
508353c9-09c1-4985-bd3e-ef0e1b0afe0c,AES-128-GCM,128,aesni,GCM,104857600,4,7,encrypt,12,16,16,86120100,93750000,1.0885960420389664,0.0861201,1217.5740622688547,1,0
508353c9-09c1-4985-bd3e-ef0e1b0afe0c,AES-128-GCM,128,aesni,GCM,104857600,4,7,decrypt,12,16,16,88786900,78125000,0.8799158434408679,0.0887869,1181.00305337837,1,1
508353c9-09c1-4985-bd3e-ef0e1b0afe0c,AES-256-GCM,256,aesni,GCM,104857600,5,8,encrypt,12,16,16,93522700,93750000,1.0024304259821413,0.0935227,1121.1994521116264,0,0
508353c9-09c1-4985-bd3e-ef0e1b0afe0c,AES-256-GCM,256,aesni,GCM,104857600,5,8,decrypt,12,16,16,93680400,93750000,1.0007429515672435,0.0936804,1119.3120439280788,0,1
508353c9-09c1-4985-bd3e-ef0e1b0afe0c,AES-128-GCM,128,aesni,GCM,104857600,5,8,encrypt,12,16,16,90223000,93750000,1.0390920275317823,0.090223,1162.2047593185773,1,0
508353c9-09c1-4985-bd3e-ef0e1b0afe0c,AES-128-GCM,128,aesni,GCM,104857600,5,8,decrypt,12,16,16,98785000,93750000,0.9490307232879486,0.098785,1061.472895682543,1,1
508353c9-09c1-4985-bd3e-ef0e1b0afe0c,AES-256-GCM,256,aesni,GCM,104857600,6,9,decrypt,12,16,16,99808000,93750000,0.9393034626482847,0.099808,1050.593138826547,0,0
508353c9-09c1-4985-bd3e-ef0e1b0afe0c,AES-256-GCM,256,aesni,GCM,104857600,6,9,encrypt,12,16,16,102984800,93750000,0.910328514499227,0.1029848,1018.1852079141777,0,1
508353c9-09c1-4985-bd3e-ef0e1b0afe0c,AES-128-GCM,128,aesni,GCM,104857600,6,9,decrypt,12,16,16,97976300,93750000,0.9568640579405427,0.0979763,1070.2343321803335,1,0
508353c9-09c1-4985-bd3e-ef0e1b0afe0c,AES-128-GCM,128,aesni,GCM,104857600,6,9,encrypt,12,16,16,91499800,109375000,1.195357804060774,0.0914998,1145.987204343616,1,1
508353c9-09c1-4985-bd3e-ef0e1b0afe0c,AES-256-GCM,256,aesni,GCM,104857600,7,10,decrypt,12,16,16,96662500,93750000,0.9698693909220225,0.0966625,1084.7805508858141,0,0
508353c9-09c1-4985-bd3e-ef0e1b0afe0c,AES-256-GCM,256,aesni,GCM,104857600,7,10,encrypt,12,16,16,100474500,109375000,1.0885846657609641,0.1004745,1043.6240041005428,0,1
508353c9-09c1-4985-bd3e-ef0e1b0afe0c,AES-128-GCM,128,aesni,GCM,104857600,7,10,decrypt,12,16,16,91082900,93750000,1.029282115523331,0.0910829,1151.2325584714583,1,0
508353c9-09c1-4985-bd3e-ef0e1b0afe0c,AES-128-GCM,128,aesni,GCM,104857600,7,10,encrypt,12,16,16,94784600,93750000,0.9890847247337647,0.0947846,1106.2725379439275,1,1
508353c9-09c1-4985-bd3e-ef0e1b0afe0c,AES-128-GCM,128,aesni,GCM,104857600,8,11,decrypt,12,16,16,113541100,109375000,0.9633075599936939,0.1135411,923.5210861969806,0,0
508353c9-09c1-4985-bd3e-ef0e1b0afe0c,AES-128-GCM,128,aesni,GCM,104857600,8,11,encrypt,12,16,16,95821700,93750000,0.9783796363454207,0.0958217,1094.2990992645716,0,1
508353c9-09c1-4985-bd3e-ef0e1b0afe0c,AES-256-GCM,256,aesni,GCM,104857600,8,11,decrypt,12,16,16,96843300,93750000,0.9680587092757063,0.0968433,1082.7553377466484,1,0
508353c9-09c1-4985-bd3e-ef0e1b0afe0c,AES-256-GCM,256,aesni,GCM,104857600,8,11,encrypt,12,16,16,94275400,109375000,1.160164793785017,0.0942754,1112.2477337672394,1,1
508353c9-09c1-4985-bd3e-ef0e1b0afe0c,AES-256-GCM,256,aesni,GCM,104857600,9,12,encrypt,12,16,16,99084000,109375000,1.1038613701505793,0.099084,1058.2697509184127,0,0
508353c9-09c1-4985-bd3e-ef0e1b0afe0c,AES-256-GCM,256,aesni,GCM,104857600,9,12,decrypt,12,16,16,95637100,93750000,0.9802681177074587,0.0956371,1096.411329912764,0,1
508353c9-09c1-4985-bd3e-ef0e1b0afe0c,AES-128-GCM,128,aesni,GCM,104857600,9,12,encrypt,12,16,16,85636300,93750000,1.0947460364354835,0.0856363,1224.4527145614652,1,0
508353c9-09c1-4985-bd3e-ef0e1b0afe0c,AES-128-GCM,128,aesni,GCM,104857600,9,12,decrypt,12,16,16,85069400,78125000,0.9183678267391094,0.0850694,1232.6124317322092,1,1
508353c9-09c1-4985-bd3e-ef0e1b0afe0c,AES-256-GCM,256,aesni,GCM,104857600,10,13,decrypt,12,16,16,100077500,109375000,1.0929030001748645,0.1000775,1047.7639829132422,0,0
508353c9-09c1-4985-bd3e-ef0e1b0afe0c,AES-256-GCM,256,aesni,GCM,104857600,10,13,encrypt,12,16,16,101577000,93750000,0.9229451549071148,0.101577,1032.2966813353416,0,1
508353c9-09c1-4985-bd3e-ef0e1b0afe0c,AES-128-GCM,128,aesni,GCM,104857600,10,13,decrypt,12,16,16,92141200,93750000,1.0174601589734016,0.0921412,1138.0099238994067,1,0
508353c9-09c1-4985-bd3e-ef0e1b0afe0c,AES-128-GCM,128,aesni,GCM,104857600,10,13,encrypt,12,16,16,93511000,78125000,0.8354632075370813,0.093511,1121.339735432195,1,1
508353c9-09c1-4985-bd3e-ef0e1b0afe0c,AES-128-GCM,128,aesni,GCM,104857600,11,14,encrypt,12,16,16,92534200,78125000,0.8442824382768749,0.0925342,1133.176706558224,0,0
508353c9-09c1-4985-bd3e-ef0e1b0afe0c,AES-128-GCM,128,aesni,GCM,104857600,11,14,decrypt,12,16,16,88942800,93750000,1.0540482197547187,0.0889428,1178.932977149359,0,1
508353c9-09c1-4985-bd3e-ef0e1b0afe0c,AES-256-GCM,256,aesni,GCM,104857600,11,14,decrypt,12,16,16,99951200,78125000,0.7816314361408367,0.0999512,1049.087954922002,1,0
508353c9-09c1-4985-bd3e-ef0e1b0afe0c,AES-256-GCM,256,aesni,GCM,104857600,11,14,encrypt,12,16,16,93550000,93750000,1.0021378941742385,0.09355,1120.8722608230892,1,1
508353c9-09c1-4985-bd3e-ef0e1b0afe0c,AES-128-GCM,128,aesni,GCM,104857600,12,15,encrypt,12,16,16,91525900,93750000,1.024300225400679,0.0915259,1145.6604086930586,0,0
508353c9-09c1-4985-bd3e-ef0e1b0afe0c,AES-128-GCM,128,aesni,GCM,104857600,12,15,decrypt,12,16,16,88469200,93750000,1.0596908302550492,0.0884692,1185.2441301605531,0,1
508353c9-09c1-4985-bd3e-ef0e1b0afe0c,AES-256-GCM,256,aesni,GCM,104857600,12,15,encrypt,12,16,16,94556100,78125000,0.8262290851674297,0.0945561,1108.945906186909,1,0
508353c9-09c1-4985-bd3e-ef0e1b0afe0c,AES-256-GCM,256,aesni,GCM,104857600,12,15,decrypt,12,16,16,108724000,109375000,1.005987638423899,0.108724,964.438394466723,1,1
508353c9-09c1-4985-bd3e-ef0e1b0afe0c,AES-256-GCM,256,aesni,GCM,104857600,13,16,decrypt,12,16,16,97934000,109375000,1.1168235750607551,0.097934,1070.6965915820858,0,0
508353c9-09c1-4985-bd3e-ef0e1b0afe0c,AES-256-GCM,256,aesni,GCM,104857600,13,16,encrypt,12,16,16,100618000,109375000,1.087032141366356,0.100618,1042.135601979765,0,1
508353c9-09c1-4985-bd3e-ef0e1b0afe0c,AES-128-GCM,128,aesni,GCM,104857600,13,16,decrypt,12,16,16,95863100,109375000,1.140949958847565,0.0958631,1093.8265088443834,1,0
508353c9-09c1-4985-bd3e-ef0e1b0afe0c,AES-128-GCM,128,aesni,GCM,104857600,13,16,encrypt,12,16,16,88251400,93750000,1.0623060937276916,0.0882514,1188.1692528390483,1,1
508353c9-09c1-4985-bd3e-ef0e1b0afe0c,AES-256-GCM,256,aesni,GCM,104857600,14,17,decrypt,12,16,16,94860100,109375000,1.1530137539386949,0.0948601,1105.3920457600193,0,0
508353c9-09c1-4985-bd3e-ef0e1b0afe0c,AES-256-GCM,256,aesni,GCM,104857600,14,17,encrypt,12,16,16,95337300,93750000,0.983350692750896,0.0953373,1099.8591317354278,0,1
508353c9-09c1-4985-bd3e-ef0e1b0afe0c,AES-128-GCM,128,aesni,GCM,104857600,14,17,encrypt,12,16,16,91816400,93750000,1.021059418578816,0.0918164,1142.0356276220805,1,0
508353c9-09c1-4985-bd3e-ef0e1b0afe0c,AES-128-GCM,128,aesni,GCM,104857600,14,17,decrypt,12,16,16,87932600,93750000,1.066157488803925,0.0879326,1192.4769653120686,1,1
508353c9-09c1-4985-bd3e-ef0e1b0afe0c,AES-128-GCM,128,aesni,GCM,104857600,15,18,decrypt,12,16,16,88139000,78125000,0.8863840070797263,0.088139,1189.6844756577677,0,0
508353c9-09c1-4985-bd3e-ef0e1b0afe0c,AES-128-GCM,128,aesni,GCM,104857600,15,18,encrypt,12,16,16,88298400,78125000,0.8847838692433838,0.0882984,1187.5368070089605,0,1
508353c9-09c1-4985-bd3e-ef0e1b0afe0c,AES-256-GCM,256,aesni,GCM,104857600,15,18,decrypt,12,16,16,95962900,109375000,1.1397633877258815,0.0959629,1092.6889454153636,1,0
508353c9-09c1-4985-bd3e-ef0e1b0afe0c,AES-256-GCM,256,aesni,GCM,104857600,15,18,encrypt,12,16,16,96705200,93750000,0.9694411469083358,0.0967052,1084.3015680645922,1,1
508353c9-09c1-4985-bd3e-ef0e1b0afe0c,AES-256-GCM,256,aesni,GCM,104857600,16,19,encrypt,12,16,16,95504400,93750000,0.9816301657305841,0.0955044,1097.9347548385206,0,0
508353c9-09c1-4985-bd3e-ef0e1b0afe0c,AES-256-GCM,256,aesni,GCM,104857600,16,19,decrypt,12,16,16,100262600,109375000,1.0908853351100012,0.1002626,1045.8296513355926,0,1
508353c9-09c1-4985-bd3e-ef0e1b0afe0c,AES-128-GCM,128,aesni,GCM,104857600,16,19,decrypt,12,16,16,86530100,78125000,0.9028650146018553,0.0865301,1211.8049095054785,1,0
508353c9-09c1-4985-bd3e-ef0e1b0afe0c,AES-128-GCM,128,aesni,GCM,104857600,16,19,encrypt,12,16,16,92604100,78125000,0.8436451517805367,0.0926041,1132.3213551019878,1,1
508353c9-09c1-4985-bd3e-ef0e1b0afe0c,AES-256-GCM,256,aesni,GCM,104857600,17,20,encrypt,12,16,16,101208300,93750000,0.9263074273552663,0.1012083,1036.0573194095741,0,0
508353c9-09c1-4985-bd3e-ef0e1b0afe0c,AES-256-GCM,256,aesni,GCM,104857600,17,20,decrypt,12,16,16,98783600,78125000,0.7908701444369308,0.0987836,1061.487939293567,0,1
508353c9-09c1-4985-bd3e-ef0e1b0afe0c,AES-128-GCM,128,aesni,GCM,104857600,17,20,decrypt,12,16,16,90109900,78125000,0.8669968560613207,0.0901099,1163.663482036935,1,0
508353c9-09c1-4985-bd3e-ef0e1b0afe0c,AES-128-GCM,128,aesni,GCM,104857600,17,20,encrypt,12,16,16,93708900,109375000,1.1671783576586643,0.0937089,1118.9716238265523,1,1
508353c9-09c1-4985-bd3e-ef0e1b0afe0c,AES-128-GCM,128,aesni,GCM,104857600,18,21,encrypt,12,16,16,88023000,93750000,1.0650625404723766,0.088023,1191.2522863342535,0,0
508353c9-09c1-4985-bd3e-ef0e1b0afe0c,AES-128-GCM,128,aesni,GCM,104857600,18,21,decrypt,12,16,16,89273500,78125000,0.8751197163772004,0.0892735,1174.5658006015224,0,1
508353c9-09c1-4985-bd3e-ef0e1b0afe0c,AES-256-GCM,256,aesni,GCM,104857600,18,21,decrypt,12,16,16,93883000,93750000,0.9985833430972594,0.093883,1116.8965627429886,1,0
508353c9-09c1-4985-bd3e-ef0e1b0afe0c,AES-256-GCM,256,aesni,GCM,104857600,18,21,encrypt,12,16,16,94122500,93750000,0.996042391564185,0.0941225,1114.0545565619273,1,1
508353c9-09c1-4985-bd3e-ef0e1b0afe0c,AES-128-GCM,128,aesni,GCM,104857600,19,22,encrypt,12,16,16,87560400,78125000,0.8922412414744565,0.0875604,1197.5459225860093,0,0
508353c9-09c1-4985-bd3e-ef0e1b0afe0c,AES-128-GCM,128,aesni,GCM,104857600,19,22,decrypt,12,16,16,87388000,78125000,0.8940014647319998,0.087388,1199.9084542500113,0,1
508353c9-09c1-4985-bd3e-ef0e1b0afe0c,AES-256-GCM,256,aesni,GCM,104857600,19,22,encrypt,12,16,16,95606300,109375000,1.1440145680776266,0.0956063,1096.7645437591457,1,0
508353c9-09c1-4985-bd3e-ef0e1b0afe0c,AES-256-GCM,256,aesni,GCM,104857600,19,22,decrypt,12,16,16,96024300,93750000,0.9763153701719253,0.0960243,1091.9902566329565,1,1
508353c9-09c1-4985-bd3e-ef0e1b0afe0c,AES-256-GCM,256,aesni,GCM,1024,0,3,encrypt,12,16,16,14300,0,0.0,1.43e-05,71.60839160839161,0,0
508353c9-09c1-4985-bd3e-ef0e1b0afe0c,AES-256-GCM,256,aesni,GCM,1024,0,3,decrypt,12,16,16,27100,0,0.0,2.71e-05,37.7859778597786,0,1
508353c9-09c1-4985-bd3e-ef0e1b0afe0c,AES-128-GCM,128,aesni,GCM,1024,0,3,decrypt,12,16,16,26600,0,0.0,2.66e-05,38.49624060150376,1,0
508353c9-09c1-4985-bd3e-ef0e1b0afe0c,AES-128-GCM,128,aesni,GCM,1024,0,3,encrypt,12,16,16,14700,0,0.0,1.47e-05,69.65986394557824,1,1
508353c9-09c1-4985-bd3e-ef0e1b0afe0c,AES-256-GCM,256,aesni,GCM,1024,1,4,encrypt,12,16,16,14900,0,0.0,1.49e-05,68.7248322147651,0,0
508353c9-09c1-4985-bd3e-ef0e1b0afe0c,AES-256-GCM,256,aesni,GCM,1024,1,4,decrypt,12,16,16,26800,0,0.0,2.68e-05,38.208955223880594,0,1
508353c9-09c1-4985-bd3e-ef0e1b0afe0c,AES-128-GCM,128,aesni,GCM,1024,1,4,decrypt,12,16,16,26200,0,0.0,2.62e-05,39.083969465648856,1,0
508353c9-09c1-4985-bd3e-ef0e1b0afe0c,AES-128-GCM,128,aesni,GCM,1024,1,4,encrypt,12,16,16,14400,0,0.0,1.44e-05,71.11111111111111,1,1
508353c9-09c1-4985-bd3e-ef0e1b0afe0c,AES-256-GCM,256,aesni,GCM,1024,2,5,decrypt,12,16,16,26900,0,0.0,2.69e-05,38.066914498141266,0,0
508353c9-09c1-4985-bd3e-ef0e1b0afe0c,AES-256-GCM,256,aesni,GCM,1024,2,5,encrypt,12,16,16,15100,0,0.0,1.51e-05,67.81456953642385,0,1
508353c9-09c1-4985-bd3e-ef0e1b0afe0c,AES-128-GCM,128,aesni,GCM,1024,2,5,encrypt,12,16,16,14500,0,0.0,1.45e-05,70.62068965517241,1,0
508353c9-09c1-4985-bd3e-ef0e1b0afe0c,AES-128-GCM,128,aesni,GCM,1024,2,5,decrypt,12,16,16,27100,0,0.0,2.71e-05,37.7859778597786,1,1
508353c9-09c1-4985-bd3e-ef0e1b0afe0c,AES-128-GCM,128,aesni,GCM,1024,3,6,encrypt,12,16,16,14400,0,0.0,1.44e-05,71.11111111111111,0,0
508353c9-09c1-4985-bd3e-ef0e1b0afe0c,AES-128-GCM,128,aesni,GCM,1024,3,6,decrypt,12,16,16,26900,0,0.0,2.69e-05,38.066914498141266,0,1
508353c9-09c1-4985-bd3e-ef0e1b0afe0c,AES-256-GCM,256,aesni,GCM,1024,3,6,encrypt,12,16,16,14500,0,0.0,1.45e-05,70.62068965517241,1,0
508353c9-09c1-4985-bd3e-ef0e1b0afe0c,AES-256-GCM,256,aesni,GCM,1024,3,6,decrypt,12,16,16,26500,0,0.0,2.65e-05,38.64150943396226,1,1
508353c9-09c1-4985-bd3e-ef0e1b0afe0c,AES-128-GCM,128,aesni,GCM,1024,4,7,decrypt,12,16,16,26300,0,0.0,2.63e-05,38.93536121673004,0,0
508353c9-09c1-4985-bd3e-ef0e1b0afe0c,AES-128-GCM,128,aesni,GCM,1024,4,7,encrypt,12,16,16,14500,0,0.0,1.45e-05,70.62068965517241,0,1
508353c9-09c1-4985-bd3e-ef0e1b0afe0c,AES-256-GCM,256,aesni,GCM,1024,4,7,encrypt,12,16,16,14500,0,0.0,1.45e-05,70.62068965517241,1,0
508353c9-09c1-4985-bd3e-ef0e1b0afe0c,AES-256-GCM,256,aesni,GCM,1024,4,7,decrypt,12,16,16,26500,0,0.0,2.65e-05,38.64150943396226,1,1
508353c9-09c1-4985-bd3e-ef0e1b0afe0c,AES-256-GCM,256,aesni,GCM,1024,5,8,encrypt,12,16,16,14700,0,0.0,1.47e-05,69.65986394557824,0,0
508353c9-09c1-4985-bd3e-ef0e1b0afe0c,AES-256-GCM,256,aesni,GCM,1024,5,8,decrypt,12,16,16,27000,0,0.0,2.7e-05,37.925925925925924,0,1
508353c9-09c1-4985-bd3e-ef0e1b0afe0c,AES-128-GCM,128,aesni,GCM,1024,5,8,encrypt,12,16,16,14600,0,0.0,1.46e-05,70.13698630136986,1,0
508353c9-09c1-4985-bd3e-ef0e1b0afe0c,AES-128-GCM,128,aesni,GCM,1024,5,8,decrypt,12,16,16,26400,0,0.0,2.64e-05,38.78787878787879,1,1
508353c9-09c1-4985-bd3e-ef0e1b0afe0c,AES-256-GCM,256,aesni,GCM,1024,6,9,decrypt,12,16,16,26600,0,0.0,2.66e-05,38.49624060150376,0,0
508353c9-09c1-4985-bd3e-ef0e1b0afe0c,AES-256-GCM,256,aesni,GCM,1024,6,9,encrypt,12,16,16,14600,0,0.0,1.46e-05,70.13698630136986,0,1
508353c9-09c1-4985-bd3e-ef0e1b0afe0c,AES-128-GCM,128,aesni,GCM,1024,6,9,encrypt,12,16,16,14400,0,0.0,1.44e-05,71.11111111111111,1,0
508353c9-09c1-4985-bd3e-ef0e1b0afe0c,AES-128-GCM,128,aesni,GCM,1024,6,9,decrypt,12,16,16,25700,0,0.0,2.57e-05,39.8443579766537,1,1
508353c9-09c1-4985-bd3e-ef0e1b0afe0c,AES-256-GCM,256,aesni,GCM,1024,7,10,decrypt,12,16,16,26100,0,0.0,2.61e-05,39.23371647509578,0,0
508353c9-09c1-4985-bd3e-ef0e1b0afe0c,AES-256-GCM,256,aesni,GCM,1024,7,10,encrypt,12,16,16,14600,0,0.0,1.46e-05,70.13698630136986,0,1
508353c9-09c1-4985-bd3e-ef0e1b0afe0c,AES-128-GCM,128,aesni,GCM,1024,7,10,decrypt,12,16,16,26400,0,0.0,2.64e-05,38.78787878787879,1,0
508353c9-09c1-4985-bd3e-ef0e1b0afe0c,AES-128-GCM,128,aesni,GCM,1024,7,10,encrypt,12,16,16,14700,0,0.0,1.47e-05,69.65986394557824,1,1
508353c9-09c1-4985-bd3e-ef0e1b0afe0c,AES-128-GCM,128,aesni,GCM,1024,8,11,decrypt,12,16,16,26700,0,0.0,2.67e-05,38.352059925093634,0,0
508353c9-09c1-4985-bd3e-ef0e1b0afe0c,AES-128-GCM,128,aesni,GCM,1024,8,11,encrypt,12,16,16,14600,0,0.0,1.46e-05,70.13698630136986,0,1
508353c9-09c1-4985-bd3e-ef0e1b0afe0c,AES-256-GCM,256,aesni,GCM,1024,8,11,decrypt,12,16,16,27000,0,0.0,2.7e-05,37.925925925925924,1,0
508353c9-09c1-4985-bd3e-ef0e1b0afe0c,AES-256-GCM,256,aesni,GCM,1024,8,11,encrypt,12,16,16,14700,0,0.0,1.47e-05,69.65986394557824,1,1
508353c9-09c1-4985-bd3e-ef0e1b0afe0c,AES-128-GCM,128,aesni,GCM,1024,9,12,decrypt,12,16,16,26600,0,0.0,2.66e-05,38.49624060150376,0,0
508353c9-09c1-4985-bd3e-ef0e1b0afe0c,AES-128-GCM,128,aesni,GCM,1024,9,12,encrypt,12,16,16,14400,0,0.0,1.44e-05,71.11111111111111,0,1
508353c9-09c1-4985-bd3e-ef0e1b0afe0c,AES-256-GCM,256,aesni,GCM,1024,9,12,encrypt,12,16,16,14400,0,0.0,1.44e-05,71.11111111111111,1,0
508353c9-09c1-4985-bd3e-ef0e1b0afe0c,AES-256-GCM,256,aesni,GCM,1024,9,12,decrypt,12,16,16,26600,0,0.0,2.66e-05,38.49624060150376,1,1
508353c9-09c1-4985-bd3e-ef0e1b0afe0c,AES-128-GCM,128,aesni,GCM,1024,10,13,decrypt,12,16,16,26200,0,0.0,2.62e-05,39.083969465648856,0,0
508353c9-09c1-4985-bd3e-ef0e1b0afe0c,AES-128-GCM,128,aesni,GCM,1024,10,13,encrypt,12,16,16,14600,0,0.0,1.46e-05,70.13698630136986,0,1
508353c9-09c1-4985-bd3e-ef0e1b0afe0c,AES-256-GCM,256,aesni,GCM,1024,10,13,decrypt,12,16,16,26900,0,0.0,2.69e-05,38.066914498141266,1,0
508353c9-09c1-4985-bd3e-ef0e1b0afe0c,AES-256-GCM,256,aesni,GCM,1024,10,13,encrypt,12,16,16,14900,0,0.0,1.49e-05,68.7248322147651,1,1
508353c9-09c1-4985-bd3e-ef0e1b0afe0c,AES-128-GCM,128,aesni,GCM,1024,11,14,decrypt,12,16,16,26800,0,0.0,2.68e-05,38.208955223880594,0,0
508353c9-09c1-4985-bd3e-ef0e1b0afe0c,AES-128-GCM,128,aesni,GCM,1024,11,14,encrypt,12,16,16,14700,0,0.0,1.47e-05,69.65986394557824,0,1
508353c9-09c1-4985-bd3e-ef0e1b0afe0c,AES-256-GCM,256,aesni,GCM,1024,11,14,decrypt,12,16,16,26600,0,0.0,2.66e-05,38.49624060150376,1,0
508353c9-09c1-4985-bd3e-ef0e1b0afe0c,AES-256-GCM,256,aesni,GCM,1024,11,14,encrypt,12,16,16,14600,0,0.0,1.46e-05,70.13698630136986,1,1
508353c9-09c1-4985-bd3e-ef0e1b0afe0c,AES-128-GCM,128,aesni,GCM,1024,12,15,decrypt,12,16,16,26300,0,0.0,2.63e-05,38.93536121673004,0,0
508353c9-09c1-4985-bd3e-ef0e1b0afe0c,AES-128-GCM,128,aesni,GCM,1024,12,15,encrypt,12,16,16,14600,0,0.0,1.46e-05,70.13698630136986,0,1
508353c9-09c1-4985-bd3e-ef0e1b0afe0c,AES-256-GCM,256,aesni,GCM,1024,12,15,encrypt,12,16,16,14300,0,0.0,1.43e-05,71.60839160839161,1,0
508353c9-09c1-4985-bd3e-ef0e1b0afe0c,AES-256-GCM,256,aesni,GCM,1024,12,15,decrypt,12,16,16,26700,0,0.0,2.67e-05,38.352059925093634,1,1
508353c9-09c1-4985-bd3e-ef0e1b0afe0c,AES-256-GCM,256,aesni,GCM,1024,13,16,decrypt,12,16,16,26400,0,0.0,2.64e-05,38.78787878787879,0,0
508353c9-09c1-4985-bd3e-ef0e1b0afe0c,AES-256-GCM,256,aesni,GCM,1024,13,16,encrypt,12,16,16,14500,0,0.0,1.45e-05,70.62068965517241,0,1
508353c9-09c1-4985-bd3e-ef0e1b0afe0c,AES-128-GCM,128,aesni,GCM,1024,13,16,encrypt,12,16,16,14400,0,0.0,1.44e-05,71.11111111111111,1,0
508353c9-09c1-4985-bd3e-ef0e1b0afe0c,AES-128-GCM,128,aesni,GCM,1024,13,16,decrypt,12,16,16,26100,0,0.0,2.61e-05,39.23371647509578,1,1
508353c9-09c1-4985-bd3e-ef0e1b0afe0c,AES-256-GCM,256,aesni,GCM,1024,14,17,encrypt,12,16,16,14600,0,0.0,1.46e-05,70.13698630136986,0,0
508353c9-09c1-4985-bd3e-ef0e1b0afe0c,AES-256-GCM,256,aesni,GCM,1024,14,17,decrypt,12,16,16,26700,0,0.0,2.67e-05,38.352059925093634,0,1
508353c9-09c1-4985-bd3e-ef0e1b0afe0c,AES-128-GCM,128,aesni,GCM,1024,14,17,decrypt,12,16,16,26300,0,0.0,2.63e-05,38.93536121673004,1,0
508353c9-09c1-4985-bd3e-ef0e1b0afe0c,AES-128-GCM,128,aesni,GCM,1024,14,17,encrypt,12,16,16,14600,0,0.0,1.46e-05,70.13698630136986,1,1
508353c9-09c1-4985-bd3e-ef0e1b0afe0c,AES-256-GCM,256,aesni,GCM,1024,15,18,decrypt,12,16,16,26700,0,0.0,2.67e-05,38.352059925093634,0,0
508353c9-09c1-4985-bd3e-ef0e1b0afe0c,AES-256-GCM,256,aesni,GCM,1024,15,18,encrypt,12,16,16,14400,0,0.0,1.44e-05,71.11111111111111,0,1
508353c9-09c1-4985-bd3e-ef0e1b0afe0c,AES-128-GCM,128,aesni,GCM,1024,15,18,encrypt,12,16,16,14100,0,0.0,1.41e-05,72.62411347517731,1,0
508353c9-09c1-4985-bd3e-ef0e1b0afe0c,AES-128-GCM,128,aesni,GCM,1024,15,18,decrypt,12,16,16,27000,0,0.0,2.7e-05,37.925925925925924,1,1
508353c9-09c1-4985-bd3e-ef0e1b0afe0c,AES-128-GCM,128,aesni,GCM,1024,16,19,encrypt,12,16,16,14400,0,0.0,1.44e-05,71.11111111111111,0,0
508353c9-09c1-4985-bd3e-ef0e1b0afe0c,AES-128-GCM,128,aesni,GCM,1024,16,19,decrypt,12,16,16,26600,0,0.0,2.66e-05,38.49624060150376,0,1
508353c9-09c1-4985-bd3e-ef0e1b0afe0c,AES-256-GCM,256,aesni,GCM,1024,16,19,decrypt,12,16,16,27400,0,0.0,2.74e-05,37.372262773722625,1,0
508353c9-09c1-4985-bd3e-ef0e1b0afe0c,AES-256-GCM,256,aesni,GCM,1024,16,19,encrypt,12,16,16,15800,0,0.0,1.58e-05,64.81012658227849,1,1
508353c9-09c1-4985-bd3e-ef0e1b0afe0c,AES-128-GCM,128,aesni,GCM,1024,17,20,decrypt,12,16,16,27500,0,0.0,2.75e-05,37.236363636363635,0,0
508353c9-09c1-4985-bd3e-ef0e1b0afe0c,AES-128-GCM,128,aesni,GCM,1024,17,20,encrypt,12,16,16,15100,0,0.0,1.51e-05,67.81456953642385,0,1
508353c9-09c1-4985-bd3e-ef0e1b0afe0c,AES-256-GCM,256,aesni,GCM,1024,17,20,encrypt,12,16,16,14700,0,0.0,1.47e-05,69.65986394557824,1,0
508353c9-09c1-4985-bd3e-ef0e1b0afe0c,AES-256-GCM,256,aesni,GCM,1024,17,20,decrypt,12,16,16,27100,0,0.0,2.71e-05,37.7859778597786,1,1
508353c9-09c1-4985-bd3e-ef0e1b0afe0c,AES-128-GCM,128,aesni,GCM,1024,18,21,encrypt,12,16,16,14400,0,0.0,1.44e-05,71.11111111111111,0,0
508353c9-09c1-4985-bd3e-ef0e1b0afe0c,AES-128-GCM,128,aesni,GCM,1024,18,21,decrypt,12,16,16,27200,0,0.0,2.72e-05,37.64705882352941,0,1
508353c9-09c1-4985-bd3e-ef0e1b0afe0c,AES-256-GCM,256,aesni,GCM,1024,18,21,decrypt,12,16,16,26900,0,0.0,2.69e-05,38.066914498141266,1,0
508353c9-09c1-4985-bd3e-ef0e1b0afe0c,AES-256-GCM,256,aesni,GCM,1024,18,21,encrypt,12,16,16,14700,0,0.0,1.47e-05,69.65986394557824,1,1
508353c9-09c1-4985-bd3e-ef0e1b0afe0c,AES-128-GCM,128,aesni,GCM,1024,19,22,encrypt,12,16,16,14200,0,0.0,1.42e-05,72.11267605633803,0,0
508353c9-09c1-4985-bd3e-ef0e1b0afe0c,AES-128-GCM,128,aesni,GCM,1024,19,22,decrypt,12,16,16,26900,0,0.0,2.69e-05,38.066914498141266,0,1
508353c9-09c1-4985-bd3e-ef0e1b0afe0c,AES-256-GCM,256,aesni,GCM,1024,19,22,decrypt,12,16,16,128500,0,0.0,0.0001285,7.968871595330739,1,0
508353c9-09c1-4985-bd3e-ef0e1b0afe0c,AES-256-GCM,256,aesni,GCM,1024,19,22,encrypt,12,16,16,34400,0,0.0,3.44e-05,29.767441860465116,1,1
508353c9-09c1-4985-bd3e-ef0e1b0afe0c,AES-256-GCM,256,aesni,GCM,16384,0,3,encrypt,12,16,16,24000,0,0.0,2.4e-05,682.6666666666666,0,0
508353c9-09c1-4985-bd3e-ef0e1b0afe0c,AES-256-GCM,256,aesni,GCM,16384,0,3,decrypt,12,16,16,36400,0,0.0,3.64e-05,450.1098901098901,0,1
508353c9-09c1-4985-bd3e-ef0e1b0afe0c,AES-128-GCM,128,aesni,GCM,16384,0,3,decrypt,12,16,16,34700,0,0.0,3.47e-05,472.1613832853026,1,0
508353c9-09c1-4985-bd3e-ef0e1b0afe0c,AES-128-GCM,128,aesni,GCM,16384,0,3,encrypt,12,16,16,23600,0,0.0,2.36e-05,694.2372881355932,1,1
508353c9-09c1-4985-bd3e-ef0e1b0afe0c,AES-256-GCM,256,aesni,GCM,16384,1,4,encrypt,12,16,16,23700,0,0.0,2.37e-05,691.3080168776371,0,0
508353c9-09c1-4985-bd3e-ef0e1b0afe0c,AES-256-GCM,256,aesni,GCM,16384,1,4,decrypt,12,16,16,36800,0,0.0,3.68e-05,445.2173913043478,0,1
508353c9-09c1-4985-bd3e-ef0e1b0afe0c,AES-128-GCM,128,aesni,GCM,16384,1,4,encrypt,12,16,16,22600,0,0.0,2.26e-05,724.9557522123894,1,0
508353c9-09c1-4985-bd3e-ef0e1b0afe0c,AES-128-GCM,128,aesni,GCM,16384,1,4,decrypt,12,16,16,35300,0,0.0,3.53e-05,464.1359773371105,1,1
508353c9-09c1-4985-bd3e-ef0e1b0afe0c,AES-128-GCM,128,aesni,GCM,16384,2,5,encrypt,12,16,16,22600,0,0.0,2.26e-05,724.9557522123894,0,0
508353c9-09c1-4985-bd3e-ef0e1b0afe0c,AES-128-GCM,128,aesni,GCM,16384,2,5,decrypt,12,16,16,34300,0,0.0,3.43e-05,477.667638483965,0,1
508353c9-09c1-4985-bd3e-ef0e1b0afe0c,AES-256-GCM,256,aesni,GCM,16384,2,5,decrypt,12,16,16,36400,0,0.0,3.64e-05,450.1098901098901,1,0
508353c9-09c1-4985-bd3e-ef0e1b0afe0c,AES-256-GCM,256,aesni,GCM,16384,2,5,encrypt,12,16,16,23900,0,0.0,2.39e-05,685.5230125523012,1,1
508353c9-09c1-4985-bd3e-ef0e1b0afe0c,AES-128-GCM,128,aesni,GCM,16384,3,6,decrypt,12,16,16,35500,0,0.0,3.55e-05,461.5211267605634,0,0
508353c9-09c1-4985-bd3e-ef0e1b0afe0c,AES-128-GCM,128,aesni,GCM,16384,3,6,encrypt,12,16,16,22600,0,0.0,2.26e-05,724.9557522123894,0,1
508353c9-09c1-4985-bd3e-ef0e1b0afe0c,AES-256-GCM,256,aesni,GCM,16384,3,6,decrypt,12,16,16,35900,0,0.0,3.59e-05,456.37883008356545,1,0
508353c9-09c1-4985-bd3e-ef0e1b0afe0c,AES-256-GCM,256,aesni,GCM,16384,3,6,encrypt,12,16,16,24100,0,0.0,2.41e-05,679.8340248962655,1,1
508353c9-09c1-4985-bd3e-ef0e1b0afe0c,AES-128-GCM,128,aesni,GCM,16384,4,7,encrypt,12,16,16,22900,0,0.0,2.29e-05,715.4585152838428,0,0
508353c9-09c1-4985-bd3e-ef0e1b0afe0c,AES-128-GCM,128,aesni,GCM,16384,4,7,decrypt,12,16,16,35000,0,0.0,3.5e-05,468.1142857142857,0,1
508353c9-09c1-4985-bd3e-ef0e1b0afe0c,AES-256-GCM,256,aesni,GCM,16384,4,7,decrypt,12,16,16,35700,0,0.0,3.57e-05,458.9355742296919,1,0
508353c9-09c1-4985-bd3e-ef0e1b0afe0c,AES-256-GCM,256,aesni,GCM,16384,4,7,encrypt,12,16,16,24300,0,0.0,2.43e-05,674.238683127572,1,1
508353c9-09c1-4985-bd3e-ef0e1b0afe0c,AES-128-GCM,128,aesni,GCM,16384,5,8,decrypt,12,16,16,35000,0,0.0,3.5e-05,468.1142857142857,0,0
508353c9-09c1-4985-bd3e-ef0e1b0afe0c,AES-128-GCM,128,aesni,GCM,16384,5,8,encrypt,12,16,16,22700,0,0.0,2.27e-05,721.762114537445,0,1
508353c9-09c1-4985-bd3e-ef0e1b0afe0c,AES-256-GCM,256,aesni,GCM,16384,5,8,decrypt,12,16,16,36100,0,0.0,3.61e-05,453.85041551246536,1,0
508353c9-09c1-4985-bd3e-ef0e1b0afe0c,AES-256-GCM,256,aesni,GCM,16384,5,8,encrypt,12,16,16,23600,0,0.0,2.36e-05,694.2372881355932,1,1
508353c9-09c1-4985-bd3e-ef0e1b0afe0c,AES-256-GCM,256,aesni,GCM,16384,6,9,decrypt,12,16,16,35900,0,0.0,3.59e-05,456.37883008356545,0,0
508353c9-09c1-4985-bd3e-ef0e1b0afe0c,AES-256-GCM,256,aesni,GCM,16384,6,9,encrypt,12,16,16,23800,0,0.0,2.38e-05,688.4033613445379,0,1
508353c9-09c1-4985-bd3e-ef0e1b0afe0c,AES-128-GCM,128,aesni,GCM,16384,6,9,encrypt,12,16,16,22400,0,0.0,2.24e-05,731.4285714285714,1,0
508353c9-09c1-4985-bd3e-ef0e1b0afe0c,AES-128-GCM,128,aesni,GCM,16384,6,9,decrypt,12,16,16,35200,0,0.0,3.52e-05,465.45454545454544,1,1
508353c9-09c1-4985-bd3e-ef0e1b0afe0c,AES-256-GCM,256,aesni,GCM,16384,7,10,encrypt,12,16,16,23400,0,0.0,2.34e-05,700.1709401709402,0,0
508353c9-09c1-4985-bd3e-ef0e1b0afe0c,AES-256-GCM,256,aesni,GCM,16384,7,10,decrypt,12,16,16,36900,0,0.0,3.69e-05,444.0108401084011,0,1
508353c9-09c1-4985-bd3e-ef0e1b0afe0c,AES-128-GCM,128,aesni,GCM,16384,7,10,encrypt,12,16,16,22600,0,0.0,2.26e-05,724.9557522123894,1,0
508353c9-09c1-4985-bd3e-ef0e1b0afe0c,AES-128-GCM,128,aesni,GCM,16384,7,10,decrypt,12,16,16,35000,0,0.0,3.5e-05,468.1142857142857,1,1
508353c9-09c1-4985-bd3e-ef0e1b0afe0c,AES-256-GCM,256,aesni,GCM,16384,8,11,decrypt,12,16,16,36000,0,0.0,3.6e-05,455.1111111111111,0,0
508353c9-09c1-4985-bd3e-ef0e1b0afe0c,AES-256-GCM,256,aesni,GCM,16384,8,11,encrypt,12,16,16,23900,0,0.0,2.39e-05,685.5230125523012,0,1
508353c9-09c1-4985-bd3e-ef0e1b0afe0c,AES-128-GCM,128,aesni,GCM,16384,8,11,decrypt,12,16,16,34400,0,0.0,3.44e-05,476.27906976744185,1,0
508353c9-09c1-4985-bd3e-ef0e1b0afe0c,AES-128-GCM,128,aesni,GCM,16384,8,11,encrypt,12,16,16,22700,0,0.0,2.27e-05,721.762114537445,1,1
508353c9-09c1-4985-bd3e-ef0e1b0afe0c,AES-256-GCM,256,aesni,GCM,16384,9,12,decrypt,12,16,16,36200,0,0.0,3.62e-05,452.5966850828729,0,0
508353c9-09c1-4985-bd3e-ef0e1b0afe0c,AES-256-GCM,256,aesni,GCM,16384,9,12,encrypt,12,16,16,24000,0,0.0,2.4e-05,682.6666666666666,0,1
508353c9-09c1-4985-bd3e-ef0e1b0afe0c,AES-128-GCM,128,aesni,GCM,16384,9,12,encrypt,12,16,16,22300,0,0.0,2.23e-05,734.7085201793722,1,0
508353c9-09c1-4985-bd3e-ef0e1b0afe0c,AES-128-GCM,128,aesni,GCM,16384,9,12,decrypt,12,16,16,34700,0,0.0,3.47e-05,472.1613832853026,1,1
508353c9-09c1-4985-bd3e-ef0e1b0afe0c,AES-256-GCM,256,aesni,GCM,16384,10,13,encrypt,12,16,16,23400,0,0.0,2.34e-05,700.1709401709402,0,0
508353c9-09c1-4985-bd3e-ef0e1b0afe0c,AES-256-GCM,256,aesni,GCM,16384,10,13,decrypt,12,16,16,35800,0,0.0,3.58e-05,457.6536312849162,0,1
508353c9-09c1-4985-bd3e-ef0e1b0afe0c,AES-128-GCM,128,aesni,GCM,16384,10,13,encrypt,12,16,16,22800,0,0.0,2.28e-05,718.5964912280701,1,0
508353c9-09c1-4985-bd3e-ef0e1b0afe0c,AES-128-GCM,128,aesni,GCM,16384,10,13,decrypt,12,16,16,34700,0,0.0,3.47e-05,472.1613832853026,1,1
508353c9-09c1-4985-bd3e-ef0e1b0afe0c,AES-128-GCM,128,aesni,GCM,16384,11,14,decrypt,12,16,16,35200,0,0.0,3.52e-05,465.45454545454544,0,0
508353c9-09c1-4985-bd3e-ef0e1b0afe0c,AES-128-GCM,128,aesni,GCM,16384,11,14,encrypt,12,16,16,22800,0,0.0,2.28e-05,718.5964912280701,0,1
508353c9-09c1-4985-bd3e-ef0e1b0afe0c,AES-256-GCM,256,aesni,GCM,16384,11,14,decrypt,12,16,16,35700,0,0.0,3.57e-05,458.9355742296919,1,0
508353c9-09c1-4985-bd3e-ef0e1b0afe0c,AES-256-GCM,256,aesni,GCM,16384,11,14,encrypt,12,16,16,23500,0,0.0,2.35e-05,697.1914893617021,1,1
508353c9-09c1-4985-bd3e-ef0e1b0afe0c,AES-128-GCM,128,aesni,GCM,16384,12,15,decrypt,12,16,16,35300,0,0.0,3.53e-05,464.1359773371105,0,0
508353c9-09c1-4985-bd3e-ef0e1b0afe0c,AES-128-GCM,128,aesni,GCM,16384,12,15,encrypt,12,16,16,23000,0,0.0,2.3e-05,712.3478260869565,0,1
508353c9-09c1-4985-bd3e-ef0e1b0afe0c,AES-256-GCM,256,aesni,GCM,16384,12,15,encrypt,12,16,16,23500,0,0.0,2.35e-05,697.1914893617021,1,0
508353c9-09c1-4985-bd3e-ef0e1b0afe0c,AES-256-GCM,256,aesni,GCM,16384,12,15,decrypt,12,16,16,36200,0,0.0,3.62e-05,452.5966850828729,1,1
508353c9-09c1-4985-bd3e-ef0e1b0afe0c,AES-128-GCM,128,aesni,GCM,16384,13,16,encrypt,12,16,16,22600,0,0.0,2.26e-05,724.9557522123894,0,0
508353c9-09c1-4985-bd3e-ef0e1b0afe0c,AES-128-GCM,128,aesni,GCM,16384,13,16,decrypt,12,16,16,34300,0,0.0,3.43e-05,477.667638483965,0,1
508353c9-09c1-4985-bd3e-ef0e1b0afe0c,AES-256-GCM,256,aesni,GCM,16384,13,16,encrypt,12,16,16,43500,0,0.0,4.35e-05,376.64367816091954,1,0
508353c9-09c1-4985-bd3e-ef0e1b0afe0c,AES-256-GCM,256,aesni,GCM,16384,13,16,decrypt,12,16,16,69900,0,0.0,6.99e-05,234.39198855507868,1,1
508353c9-09c1-4985-bd3e-ef0e1b0afe0c,AES-128-GCM,128,aesni,GCM,16384,14,17,encrypt,12,16,16,22900,0,0.0,2.29e-05,715.4585152838428,0,0
508353c9-09c1-4985-bd3e-ef0e1b0afe0c,AES-128-GCM,128,aesni,GCM,16384,14,17,decrypt,12,16,16,35000,0,0.0,3.5e-05,468.1142857142857,0,1
508353c9-09c1-4985-bd3e-ef0e1b0afe0c,AES-256-GCM,256,aesni,GCM,16384,14,17,decrypt,12,16,16,35700,0,0.0,3.57e-05,458.9355742296919,1,0
508353c9-09c1-4985-bd3e-ef0e1b0afe0c,AES-256-GCM,256,aesni,GCM,16384,14,17,encrypt,12,16,16,23700,0,0.0,2.37e-05,691.3080168776371,1,1
508353c9-09c1-4985-bd3e-ef0e1b0afe0c,AES-128-GCM,128,aesni,GCM,16384,15,18,encrypt,12,16,16,22300,0,0.0,2.23e-05,734.7085201793722,0,0
508353c9-09c1-4985-bd3e-ef0e1b0afe0c,AES-128-GCM,128,aesni,GCM,16384,15,18,decrypt,12,16,16,35000,0,0.0,3.5e-05,468.1142857142857,0,1
508353c9-09c1-4985-bd3e-ef0e1b0afe0c,AES-256-GCM,256,aesni,GCM,16384,15,18,encrypt,12,16,16,23400,0,0.0,2.34e-05,700.1709401709402,1,0
508353c9-09c1-4985-bd3e-ef0e1b0afe0c,AES-256-GCM,256,aesni,GCM,16384,15,18,decrypt,12,16,16,35600,0,0.0,3.56e-05,460.2247191011236,1,1
508353c9-09c1-4985-bd3e-ef0e1b0afe0c,AES-128-GCM,128,aesni,GCM,16384,16,19,decrypt,12,16,16,34300,0,0.0,3.43e-05,477.667638483965,0,0
508353c9-09c1-4985-bd3e-ef0e1b0afe0c,AES-128-GCM,128,aesni,GCM,16384,16,19,encrypt,12,16,16,22800,0,0.0,2.28e-05,718.5964912280701,0,1
508353c9-09c1-4985-bd3e-ef0e1b0afe0c,AES-256-GCM,256,aesni,GCM,16384,16,19,encrypt,12,16,16,23300,0,0.0,2.33e-05,703.175965665236,1,0
508353c9-09c1-4985-bd3e-ef0e1b0afe0c,AES-256-GCM,256,aesni,GCM,16384,16,19,decrypt,12,16,16,35800,0,0.0,3.58e-05,457.6536312849162,1,1
508353c9-09c1-4985-bd3e-ef0e1b0afe0c,AES-128-GCM,128,aesni,GCM,16384,17,20,decrypt,12,16,16,34800,0,0.0,3.48e-05,470.8045977011494,0,0
508353c9-09c1-4985-bd3e-ef0e1b0afe0c,AES-128-GCM,128,aesni,GCM,16384,17,20,encrypt,12,16,16,22400,0,0.0,2.24e-05,731.4285714285714,0,1
508353c9-09c1-4985-bd3e-ef0e1b0afe0c,AES-256-GCM,256,aesni,GCM,16384,17,20,encrypt,12,16,16,23100,0,0.0,2.31e-05,709.2640692640692,1,0
508353c9-09c1-4985-bd3e-ef0e1b0afe0c,AES-256-GCM,256,aesni,GCM,16384,17,20,decrypt,12,16,16,35700,0,0.0,3.57e-05,458.9355742296919,1,1
508353c9-09c1-4985-bd3e-ef0e1b0afe0c,AES-128-GCM,128,aesni,GCM,16384,18,21,decrypt,12,16,16,35100,0,0.0,3.51e-05,466.7806267806268,0,0
508353c9-09c1-4985-bd3e-ef0e1b0afe0c,AES-128-GCM,128,aesni,GCM,16384,18,21,encrypt,12,16,16,22600,0,0.0,2.26e-05,724.9557522123894,0,1
508353c9-09c1-4985-bd3e-ef0e1b0afe0c,AES-256-GCM,256,aesni,GCM,16384,18,21,encrypt,12,16,16,23400,0,0.0,2.34e-05,700.1709401709402,1,0
508353c9-09c1-4985-bd3e-ef0e1b0afe0c,AES-256-GCM,256,aesni,GCM,16384,18,21,decrypt,12,16,16,36100,0,0.0,3.61e-05,453.85041551246536,1,1
508353c9-09c1-4985-bd3e-ef0e1b0afe0c,AES-128-GCM,128,aesni,GCM,16384,19,22,decrypt,12,16,16,35200,0,0.0,3.52e-05,465.45454545454544,0,0
508353c9-09c1-4985-bd3e-ef0e1b0afe0c,AES-128-GCM,128,aesni,GCM,16384,19,22,encrypt,12,16,16,22600,0,0.0,2.26e-05,724.9557522123894,0,1
508353c9-09c1-4985-bd3e-ef0e1b0afe0c,AES-256-GCM,256,aesni,GCM,16384,19,22,encrypt,12,16,16,23400,0,0.0,2.34e-05,700.1709401709402,1,0
508353c9-09c1-4985-bd3e-ef0e1b0afe0c,AES-256-GCM,256,aesni,GCM,16384,19,22,decrypt,12,16,16,36000,0,0.0,3.6e-05,455.1111111111111,1,1
508353c9-09c1-4985-bd3e-ef0e1b0afe0c,AES-256-GCM,256,aesni,GCM,1048576,0,3,encrypt,12,16,16,868600,0,0.0,0.0008686,1207.2023946580705,0,0
508353c9-09c1-4985-bd3e-ef0e1b0afe0c,AES-256-GCM,256,aesni,GCM,1048576,0,3,decrypt,12,16,16,934800,0,0.0,0.0009348,1121.7115960633291,0,1
508353c9-09c1-4985-bd3e-ef0e1b0afe0c,AES-128-GCM,128,aesni,GCM,1048576,0,3,encrypt,12,16,16,791500,0,0.0,0.0007915,1324.795957043588,1,0
508353c9-09c1-4985-bd3e-ef0e1b0afe0c,AES-128-GCM,128,aesni,GCM,1048576,0,3,decrypt,12,16,16,840800,0,0.0,0.0008408,1247.117031398668,1,1
508353c9-09c1-4985-bd3e-ef0e1b0afe0c,AES-256-GCM,256,aesni,GCM,1048576,1,4,decrypt,12,16,16,882100,0,0.0,0.0008821,1188.726901711824,0,0
508353c9-09c1-4985-bd3e-ef0e1b0afe0c,AES-256-GCM,256,aesni,GCM,1048576,1,4,encrypt,12,16,16,1134500,15625000,13.77258704275011,0.0011345,924.2626707800794,0,1
508353c9-09c1-4985-bd3e-ef0e1b0afe0c,AES-128-GCM,128,aesni,GCM,1048576,1,4,decrypt,12,16,16,801800,0,0.0,0.0008018,1307.777500623597,1,0
508353c9-09c1-4985-bd3e-ef0e1b0afe0c,AES-128-GCM,128,aesni,GCM,1048576,1,4,encrypt,12,16,16,848600,0,0.0,0.0008486,1235.6540183832194,1,1
508353c9-09c1-4985-bd3e-ef0e1b0afe0c,AES-256-GCM,256,aesni,GCM,1048576,2,5,decrypt,12,16,16,882100,0,0.0,0.0008821,1188.726901711824,0,0
508353c9-09c1-4985-bd3e-ef0e1b0afe0c,AES-256-GCM,256,aesni,GCM,1048576,2,5,encrypt,12,16,16,902100,0,0.0,0.0009021,1162.3722425451724,0,1
508353c9-09c1-4985-bd3e-ef0e1b0afe0c,AES-128-GCM,128,aesni,GCM,1048576,2,5,decrypt,12,16,16,841900,0,0.0,0.0008419,1245.4875875994774,1,0
508353c9-09c1-4985-bd3e-ef0e1b0afe0c,AES-128-GCM,128,aesni,GCM,1048576,2,5,encrypt,12,16,16,867600,0,0.0,0.0008676,1208.5938220378055,1,1
508353c9-09c1-4985-bd3e-ef0e1b0afe0c,AES-256-GCM,256,aesni,GCM,1048576,3,6,decrypt,12,16,16,877700,0,0.0,0.0008777,1194.6861114275948,0,0
508353c9-09c1-4985-bd3e-ef0e1b0afe0c,AES-256-GCM,256,aesni,GCM,1048576,3,6,encrypt,12,16,16,917800,0,0.0,0.0009178,1142.488559599041,0,1
508353c9-09c1-4985-bd3e-ef0e1b0afe0c,AES-128-GCM,128,aesni,GCM,1048576,3,6,decrypt,12,16,16,796400,0,0.0,0.0007964,1316.6449020592668,1,0
508353c9-09c1-4985-bd3e-ef0e1b0afe0c,AES-128-GCM,128,aesni,GCM,1048576,3,6,encrypt,12,16,16,838500,0,0.0,0.0008385,1250.5378652355396,1,1
508353c9-09c1-4985-bd3e-ef0e1b0afe0c,AES-256-GCM,256,aesni,GCM,1048576,4,7,encrypt,12,16,16,884200,0,0.0,0.0008842,1185.9036417100203,0,0
508353c9-09c1-4985-bd3e-ef0e1b0afe0c,AES-256-GCM,256,aesni,GCM,1048576,4,7,decrypt,12,16,16,913300,0,0.0,0.0009133,1148.117814518778,0,1
508353c9-09c1-4985-bd3e-ef0e1b0afe0c,AES-128-GCM,128,aesni,GCM,1048576,4,7,encrypt,12,16,16,803800,0,0.0,0.0008038,1304.5235133117692,1,0
508353c9-09c1-4985-bd3e-ef0e1b0afe0c,AES-128-GCM,128,aesni,GCM,1048576,4,7,decrypt,12,16,16,867000,0,0.0,0.000867,1209.4302191464822,1,1
508353c9-09c1-4985-bd3e-ef0e1b0afe0c,AES-256-GCM,256,aesni,GCM,1048576,5,8,decrypt,12,16,16,881200,0,0.0,0.0008812,1189.9409895596914,0,0
508353c9-09c1-4985-bd3e-ef0e1b0afe0c,AES-256-GCM,256,aesni,GCM,1048576,5,8,encrypt,12,16,16,920300,0,0.0,0.0009203,1139.384983157666,0,1
508353c9-09c1-4985-bd3e-ef0e1b0afe0c,AES-128-GCM,128,aesni,GCM,1048576,5,8,decrypt,12,16,16,797100,0,0.0,0.0007971,1315.4886463429934,1,0
508353c9-09c1-4985-bd3e-ef0e1b0afe0c,AES-128-GCM,128,aesni,GCM,1048576,5,8,encrypt,12,16,16,1039500,15625000,15.03126503126503,0.0010395,1008.7311207311208,1,1
508353c9-09c1-4985-bd3e-ef0e1b0afe0c,AES-256-GCM,256,aesni,GCM,1048576,6,9,encrypt,12,16,16,891200,0,0.0,0.0008912,1176.588868940754,0,0
508353c9-09c1-4985-bd3e-ef0e1b0afe0c,AES-256-GCM,256,aesni,GCM,1048576,6,9,decrypt,12,16,16,936700,0,0.0,0.0009367,1119.4363189922067,0,1
508353c9-09c1-4985-bd3e-ef0e1b0afe0c,AES-128-GCM,128,aesni,GCM,1048576,6,9,encrypt,12,16,16,792100,0,0.0,0.0007921,1323.7924504481757,1,0
508353c9-09c1-4985-bd3e-ef0e1b0afe0c,AES-128-GCM,128,aesni,GCM,1048576,6,9,decrypt,12,16,16,855300,0,0.0,0.0008553,1225.974511867181,1,1
508353c9-09c1-4985-bd3e-ef0e1b0afe0c,AES-256-GCM,256,aesni,GCM,1048576,7,10,encrypt,12,16,16,869900,0,0.0,0.0008699,1205.3983216461663,0,0
508353c9-09c1-4985-bd3e-ef0e1b0afe0c,AES-256-GCM,256,aesni,GCM,1048576,7,10,decrypt,12,16,16,932000,0,0.0,0.000932,1125.0815450643777,0,1
508353c9-09c1-4985-bd3e-ef0e1b0afe0c,AES-128-GCM,128,aesni,GCM,1048576,7,10,decrypt,12,16,16,794200,0,0.0,0.0007942,1320.2921178544448,1,0
508353c9-09c1-4985-bd3e-ef0e1b0afe0c,AES-128-GCM,128,aesni,GCM,1048576,7,10,encrypt,12,16,16,850000,0,0.0,0.00085,1233.6188235294117,1,1
508353c9-09c1-4985-bd3e-ef0e1b0afe0c,AES-256-GCM,256,aesni,GCM,1048576,8,11,encrypt,12,16,16,878400,0,0.0,0.0008784,1193.7340619307834,0,0
508353c9-09c1-4985-bd3e-ef0e1b0afe0c,AES-256-GCM,256,aesni,GCM,1048576,8,11,decrypt,12,16,16,912900,0,0.0,0.0009129,1148.6208785190054,0,1
508353c9-09c1-4985-bd3e-ef0e1b0afe0c,AES-128-GCM,128,aesni,GCM,1048576,8,11,decrypt,12,16,16,798700,0,0.0,0.0007987,1312.8533867534743,1,0
508353c9-09c1-4985-bd3e-ef0e1b0afe0c,AES-128-GCM,128,aesni,GCM,1048576,8,11,encrypt,12,16,16,850900,0,0.0,0.0008509,1232.3140204489364,1,1
508353c9-09c1-4985-bd3e-ef0e1b0afe0c,AES-128-GCM,128,aesni,GCM,1048576,9,12,decrypt,12,16,16,795000,0,0.0,0.000795,1318.9635220125786,0,0
508353c9-09c1-4985-bd3e-ef0e1b0afe0c,AES-128-GCM,128,aesni,GCM,1048576,9,12,encrypt,12,16,16,837200,0,0.0,0.0008372,1252.4796942188248,0,1
508353c9-09c1-4985-bd3e-ef0e1b0afe0c,AES-256-GCM,256,aesni,GCM,1048576,9,12,decrypt,12,16,16,927000,0,0.0,0.000927,1131.1499460625673,1,0
508353c9-09c1-4985-bd3e-ef0e1b0afe0c,AES-256-GCM,256,aesni,GCM,1048576,9,12,encrypt,12,16,16,916500,0,0.0,0.0009165,1144.1091107474085,1,1
508353c9-09c1-4985-bd3e-ef0e1b0afe0c,AES-256-GCM,256,aesni,GCM,1048576,10,13,encrypt,12,16,16,863900,0,0.0,0.0008639,1213.770112281514,0,0
508353c9-09c1-4985-bd3e-ef0e1b0afe0c,AES-256-GCM,256,aesni,GCM,1048576,10,13,decrypt,12,16,16,908600,0,0.0,0.0009086,1154.05679066696,0,1
508353c9-09c1-4985-bd3e-ef0e1b0afe0c,AES-128-GCM,128,aesni,GCM,1048576,10,13,encrypt,12,16,16,793900,0,0.0,0.0007939,1320.7910316160726,1,0
508353c9-09c1-4985-bd3e-ef0e1b0afe0c,AES-128-GCM,128,aesni,GCM,1048576,10,13,decrypt,12,16,16,861200,0,0.0,0.0008612,1217.5754760798886,1,1
508353c9-09c1-4985-bd3e-ef0e1b0afe0c,AES-128-GCM,128,aesni,GCM,1048576,11,14,decrypt,12,16,16,812900,0,0.0,0.0008129,1289.9200393652357,0,0
508353c9-09c1-4985-bd3e-ef0e1b0afe0c,AES-128-GCM,128,aesni,GCM,1048576,11,14,encrypt,12,16,16,820600,0,0.0,0.0008206,1277.8162320253473,0,1
508353c9-09c1-4985-bd3e-ef0e1b0afe0c,AES-256-GCM,256,aesni,GCM,1048576,11,14,decrypt,12,16,16,979900,0,0.0,0.0009799,1070.0847025206654,1,0
508353c9-09c1-4985-bd3e-ef0e1b0afe0c,AES-256-GCM,256,aesni,GCM,1048576,11,14,encrypt,12,16,16,899100,0,0.0,0.0008991,1166.250695139584,1,1
508353c9-09c1-4985-bd3e-ef0e1b0afe0c,AES-128-GCM,128,aesni,GCM,1048576,12,15,decrypt,12,16,16,802000,0,0.0,0.000802,1307.4513715710723,0,0
508353c9-09c1-4985-bd3e-ef0e1b0afe0c,AES-128-GCM,128,aesni,GCM,1048576,12,15,encrypt,12,16,16,813800,0,0.0,0.0008138,1288.4934873433276,0,1
508353c9-09c1-4985-bd3e-ef0e1b0afe0c,AES-256-GCM,256,aesni,GCM,1048576,12,15,decrypt,12,16,16,856300,0,0.0,0.0008563,1224.5428004204134,1,0
508353c9-09c1-4985-bd3e-ef0e1b0afe0c,AES-256-GCM,256,aesni,GCM,1048576,12,15,encrypt,12,16,16,1007200,15625000,15.513304209690231,0.0010072,1041.0802223987291,1,1
508353c9-09c1-4985-bd3e-ef0e1b0afe0c,AES-128-GCM,128,aesni,GCM,1048576,13,16,encrypt,12,16,16,796000,0,0.0,0.000796,1317.3065326633166,0,0
508353c9-09c1-4985-bd3e-ef0e1b0afe0c,AES-128-GCM,128,aesni,GCM,1048576,13,16,decrypt,12,16,16,830100,0,0.0,0.0008301,1263.1923864594628,0,1
508353c9-09c1-4985-bd3e-ef0e1b0afe0c,AES-256-GCM,256,aesni,GCM,1048576,13,16,decrypt,12,16,16,867800,0,0.0,0.0008678,1208.3152800184375,1,0
508353c9-09c1-4985-bd3e-ef0e1b0afe0c,AES-256-GCM,256,aesni,GCM,1048576,13,16,encrypt,12,16,16,893500,0,0.0,0.0008935,1173.5601566871853,1,1
508353c9-09c1-4985-bd3e-ef0e1b0afe0c,AES-256-GCM,256,aesni,GCM,1048576,14,17,encrypt,12,16,16,876900,0,0.0,0.0008769,1195.7760291937507,0,0
508353c9-09c1-4985-bd3e-ef0e1b0afe0c,AES-256-GCM,256,aesni,GCM,1048576,14,17,decrypt,12,16,16,879700,0,0.0,0.0008797,1191.9699897692394,0,1
508353c9-09c1-4985-bd3e-ef0e1b0afe0c,AES-128-GCM,128,aesni,GCM,1048576,14,17,decrypt,12,16,16,812400,0,0.0,0.0008124,1290.713934022649,1,0
508353c9-09c1-4985-bd3e-ef0e1b0afe0c,AES-128-GCM,128,aesni,GCM,1048576,14,17,encrypt,12,16,16,812700,0,0.0,0.0008127,1290.237480004922,1,1
508353c9-09c1-4985-bd3e-ef0e1b0afe0c,AES-256-GCM,256,aesni,GCM,1048576,15,18,decrypt,12,16,16,866900,0,0.0,0.0008669,1209.5697312262084,0,0
508353c9-09c1-4985-bd3e-ef0e1b0afe0c,AES-256-GCM,256,aesni,GCM,1048576,15,18,encrypt,12,16,16,882900,0,0.0,0.0008829,1187.649790463246,0,1
508353c9-09c1-4985-bd3e-ef0e1b0afe0c,AES-128-GCM,128,aesni,GCM,1048576,15,18,encrypt,12,16,16,791000,0,0.0,0.000791,1325.6333754740836,1,0
508353c9-09c1-4985-bd3e-ef0e1b0afe0c,AES-128-GCM,128,aesni,GCM,1048576,15,18,decrypt,12,16,16,824300,0,0.0,0.0008243,1272.0805531966516,1,1
508353c9-09c1-4985-bd3e-ef0e1b0afe0c,AES-256-GCM,256,aesni,GCM,1048576,16,19,decrypt,12,16,16,878200,0,0.0,0.0008782,1194.0059212024596,0,0
508353c9-09c1-4985-bd3e-ef0e1b0afe0c,AES-256-GCM,256,aesni,GCM,1048576,16,19,encrypt,12,16,16,1936100,15625000,8.070347606012087,0.0019361,541.5918599245907,0,1
508353c9-09c1-4985-bd3e-ef0e1b0afe0c,AES-128-GCM,128,aesni,GCM,1048576,16,19,encrypt,12,16,16,808900,0,0.0,0.0008089,1296.2986772159722,1,0
508353c9-09c1-4985-bd3e-ef0e1b0afe0c,AES-128-GCM,128,aesni,GCM,1048576,16,19,decrypt,12,16,16,817900,0,0.0,0.0008179,1282.0344785426091,1,1
508353c9-09c1-4985-bd3e-ef0e1b0afe0c,AES-256-GCM,256,aesni,GCM,1048576,17,20,decrypt,12,16,16,861700,0,0.0,0.0008617,1216.8689799234073,0,0
508353c9-09c1-4985-bd3e-ef0e1b0afe0c,AES-256-GCM,256,aesni,GCM,1048576,17,20,encrypt,12,16,16,870300,0,0.0,0.0008703,1204.844306560956,0,1
508353c9-09c1-4985-bd3e-ef0e1b0afe0c,AES-128-GCM,128,aesni,GCM,1048576,17,20,decrypt,12,16,16,845600,0,0.0,0.0008456,1240.0378429517502,1,0
508353c9-09c1-4985-bd3e-ef0e1b0afe0c,AES-128-GCM,128,aesni,GCM,1048576,17,20,encrypt,12,16,16,835900,0,0.0,0.0008359,1254.4275631056346,1,1
508353c9-09c1-4985-bd3e-ef0e1b0afe0c,AES-256-GCM,256,aesni,GCM,1048576,18,21,encrypt,12,16,16,871000,0,0.0,0.000871,1203.8760045924225,0,0
508353c9-09c1-4985-bd3e-ef0e1b0afe0c,AES-256-GCM,256,aesni,GCM,1048576,18,21,decrypt,12,16,16,884600,0,0.0,0.0008846,1185.367397693873,0,1
508353c9-09c1-4985-bd3e-ef0e1b0afe0c,AES-128-GCM,128,aesni,GCM,1048576,18,21,decrypt,12,16,16,1490700,0,0.0,0.0014907,703.4118199503589,1,0
508353c9-09c1-4985-bd3e-ef0e1b0afe0c,AES-128-GCM,128,aesni,GCM,1048576,18,21,encrypt,12,16,16,895600,0,0.0,0.0008956,1170.8083966056274,1,1
508353c9-09c1-4985-bd3e-ef0e1b0afe0c,AES-256-GCM,256,aesni,GCM,1048576,19,22,decrypt,12,16,16,983900,0,0.0,0.0009839,1065.7343225937595,0,0
508353c9-09c1-4985-bd3e-ef0e1b0afe0c,AES-256-GCM,256,aesni,GCM,1048576,19,22,encrypt,12,16,16,949700,0,0.0,0.0009497,1104.1128777508686,0,1
508353c9-09c1-4985-bd3e-ef0e1b0afe0c,AES-128-GCM,128,aesni,GCM,1048576,19,22,decrypt,12,16,16,829800,0,0.0,0.0008298,1263.649072065558,1,0
508353c9-09c1-4985-bd3e-ef0e1b0afe0c,AES-128-GCM,128,aesni,GCM,1048576,19,22,encrypt,12,16,16,862800,0,0.0,0.0008628,1215.3175707000464,1,1
508353c9-09c1-4985-bd3e-ef0e1b0afe0c,AES-256-GCM,256,aesni,GCM,16777216,0,3,encrypt,12,16,16,14871000,15625000,1.0507027099724295,0.014871,1128.1834442875395,0,0
508353c9-09c1-4985-bd3e-ef0e1b0afe0c,AES-256-GCM,256,aesni,GCM,16777216,0,3,decrypt,12,16,16,14946100,15625000,1.045423220773312,0.0149461,1122.5146359250907,0,1
508353c9-09c1-4985-bd3e-ef0e1b0afe0c,AES-128-GCM,128,aesni,GCM,16777216,0,3,encrypt,12,16,16,14041100,15625000,1.112804552349887,0.0140411,1194.8647897956712,1,0
508353c9-09c1-4985-bd3e-ef0e1b0afe0c,AES-128-GCM,128,aesni,GCM,16777216,0,3,decrypt,12,16,16,13839900,15625000,1.128982145824753,0.0138399,1212.2353485213043,1,1
508353c9-09c1-4985-bd3e-ef0e1b0afe0c,AES-128-GCM,128,aesni,GCM,16777216,1,4,decrypt,12,16,16,13210800,0,0.0,0.0132108,1269.9621521785207,0,0
508353c9-09c1-4985-bd3e-ef0e1b0afe0c,AES-128-GCM,128,aesni,GCM,16777216,1,4,encrypt,12,16,16,16116400,15625000,0.9695093196991884,0.0161164,1041.0027053188057,0,1
508353c9-09c1-4985-bd3e-ef0e1b0afe0c,AES-256-GCM,256,aesni,GCM,16777216,1,4,encrypt,12,16,16,16107000,15625000,0.9700751226174955,0.016107,1041.6102315763333,1,0
508353c9-09c1-4985-bd3e-ef0e1b0afe0c,AES-256-GCM,256,aesni,GCM,16777216,1,4,decrypt,12,16,16,15281100,15625000,1.0225049243837159,0.0152811,1097.9063025567532,1,1
508353c9-09c1-4985-bd3e-ef0e1b0afe0c,AES-128-GCM,128,aesni,GCM,16777216,2,5,decrypt,12,16,16,13774000,0,0.0,0.013774,1218.0351386670538,0,0
508353c9-09c1-4985-bd3e-ef0e1b0afe0c,AES-128-GCM,128,aesni,GCM,16777216,2,5,encrypt,12,16,16,13923900,15625000,1.1221712307614964,0.0139239,1204.922184158174,0,1
508353c9-09c1-4985-bd3e-ef0e1b0afe0c,AES-256-GCM,256,aesni,GCM,16777216,2,5,decrypt,12,16,16,14627700,0,0.0,0.0146277,1146.9483240700863,1,0
508353c9-09c1-4985-bd3e-ef0e1b0afe0c,AES-256-GCM,256,aesni,GCM,16777216,2,5,encrypt,12,16,16,14925900,15625000,1.0468380466169545,0.0149259,1124.0337936070857,1,1
508353c9-09c1-4985-bd3e-ef0e1b0afe0c,AES-128-GCM,128,aesni,GCM,16777216,3,6,encrypt,12,16,16,13735900,15625000,1.1375301217976252,0.0137359,1221.4136678339241,0,0
508353c9-09c1-4985-bd3e-ef0e1b0afe0c,AES-128-GCM,128,aesni,GCM,16777216,3,6,decrypt,12,16,16,13612300,15625000,1.1478589217105117,0.0136123,1232.5041322921181,0,1
508353c9-09c1-4985-bd3e-ef0e1b0afe0c,AES-256-GCM,256,aesni,GCM,16777216,3,6,encrypt,12,16,16,14427100,0,0.0,0.0144271,1162.895938892778,1,0
508353c9-09c1-4985-bd3e-ef0e1b0afe0c,AES-256-GCM,256,aesni,GCM,16777216,3,6,decrypt,12,16,16,14534000,15625000,1.0750653639741297,0.014534,1154.342644832806,1,1
508353c9-09c1-4985-bd3e-ef0e1b0afe0c,AES-128-GCM,128,aesni,GCM,16777216,4,7,encrypt,12,16,16,14219500,15625000,1.0988431379443722,0.0142195,1179.8738352262737,0,0
508353c9-09c1-4985-bd3e-ef0e1b0afe0c,AES-128-GCM,128,aesni,GCM,16777216,4,7,decrypt,12,16,16,14761100,15625000,1.058525448645426,0.0147611,1136.5830459789581,0,1
508353c9-09c1-4985-bd3e-ef0e1b0afe0c,AES-256-GCM,256,aesni,GCM,16777216,4,7,encrypt,12,16,16,15790200,15625000,0.989537814593862,0.0157902,1062.5081379589872,1,0
508353c9-09c1-4985-bd3e-ef0e1b0afe0c,AES-256-GCM,256,aesni,GCM,16777216,4,7,decrypt,12,16,16,15682100,15625000,0.9963589060138629,0.0156821,1069.8322291019697,1,1
508353c9-09c1-4985-bd3e-ef0e1b0afe0c,AES-256-GCM,256,aesni,GCM,16777216,5,8,decrypt,12,16,16,14491300,0,0.0,0.0144913,1157.7440257257804,0,0
508353c9-09c1-4985-bd3e-ef0e1b0afe0c,AES-256-GCM,256,aesni,GCM,16777216,5,8,encrypt,12,16,16,14757100,15625000,1.0588123682837414,0.0147571,1136.8911235947442,0,1
508353c9-09c1-4985-bd3e-ef0e1b0afe0c,AES-128-GCM,128,aesni,GCM,16777216,5,8,decrypt,12,16,16,13726200,15625000,1.138333989013711,0.0137262,1222.276813684778,1,0
508353c9-09c1-4985-bd3e-ef0e1b0afe0c,AES-128-GCM,128,aesni,GCM,16777216,5,8,encrypt,12,16,16,13583500,15625000,1.1502926344462032,0.0135835,1235.1173114440314,1,1
508353c9-09c1-4985-bd3e-ef0e1b0afe0c,AES-256-GCM,256,aesni,GCM,16777216,6,9,decrypt,12,16,16,14965400,0,0.0,0.0149654,1121.0669945340585,0,0
508353c9-09c1-4985-bd3e-ef0e1b0afe0c,AES-256-GCM,256,aesni,GCM,16777216,6,9,encrypt,12,16,16,15688600,15625000,0.9959461009905282,0.0156886,1069.388983083258,0,1
508353c9-09c1-4985-bd3e-ef0e1b0afe0c,AES-128-GCM,128,aesni,GCM,16777216,6,9,decrypt,12,16,16,13715500,15625000,1.139222048047829,0.0137155,1223.2303598118917,1,0
508353c9-09c1-4985-bd3e-ef0e1b0afe0c,AES-128-GCM,128,aesni,GCM,16777216,6,9,encrypt,12,16,16,14012400,15625000,1.1150837829351146,0.0140124,1197.31209500157,1,1
508353c9-09c1-4985-bd3e-ef0e1b0afe0c,AES-256-GCM,256,aesni,GCM,16777216,7,10,decrypt,12,16,16,14827100,15625000,1.053813625051426,0.0148271,1131.5237639187703,0,0
508353c9-09c1-4985-bd3e-ef0e1b0afe0c,AES-256-GCM,256,aesni,GCM,16777216,7,10,encrypt,12,16,16,15262400,15625000,1.0237577314183877,0.0152624,1099.2514938672816,0,1
508353c9-09c1-4985-bd3e-ef0e1b0afe0c,AES-128-GCM,128,aesni,GCM,16777216,7,10,encrypt,12,16,16,14214400,15625000,1.0992373930661865,0.0142144,1180.2971634398918,1,0
508353c9-09c1-4985-bd3e-ef0e1b0afe0c,AES-128-GCM,128,aesni,GCM,16777216,7,10,decrypt,12,16,16,13797400,15625000,1.1324597387913664,0.0137974,1215.9693855364053,1,1
508353c9-09c1-4985-bd3e-ef0e1b0afe0c,AES-128-GCM,128,aesni,GCM,16777216,8,11,decrypt,12,16,16,13869500,15625000,1.126572695482894,0.0138695,1209.6482209163994,0,0
508353c9-09c1-4985-bd3e-ef0e1b0afe0c,AES-128-GCM,128,aesni,GCM,16777216,8,11,encrypt,12,16,16,16548300,15625000,0.9442057492310388,0.0165483,1013.8332034106222,0,1
508353c9-09c1-4985-bd3e-ef0e1b0afe0c,AES-256-GCM,256,aesni,GCM,16777216,8,11,encrypt,12,16,16,15406800,15625000,1.014162577563154,0.0154068,1088.9487758652024,1,0
508353c9-09c1-4985-bd3e-ef0e1b0afe0c,AES-256-GCM,256,aesni,GCM,16777216,8,11,decrypt,12,16,16,16506300,15625000,0.9466082647231663,0.0165063,1016.4128847773275,1,1
508353c9-09c1-4985-bd3e-ef0e1b0afe0c,AES-128-GCM,128,aesni,GCM,16777216,9,12,encrypt,12,16,16,15306100,31250000,2.041669661115503,0.0153061,1096.113052965811,0,0
508353c9-09c1-4985-bd3e-ef0e1b0afe0c,AES-128-GCM,128,aesni,GCM,16777216,9,12,decrypt,12,16,16,14657600,15625000,1.0659998908416113,0.0146576,1144.6086671760725,0,1
508353c9-09c1-4985-bd3e-ef0e1b0afe0c,AES-256-GCM,256,aesni,GCM,16777216,9,12,encrypt,12,16,16,14644200,15625000,1.0669753212876087,0.0146442,1145.6560276423431,1,0
508353c9-09c1-4985-bd3e-ef0e1b0afe0c,AES-256-GCM,256,aesni,GCM,16777216,9,12,decrypt,12,16,16,14999100,15625000,1.0417291704168916,0.0149991,1118.54817955744,1,1
508353c9-09c1-4985-bd3e-ef0e1b0afe0c,AES-256-GCM,256,aesni,GCM,16777216,10,13,decrypt,12,16,16,14688000,15625000,1.0637935729847494,0.014688,1142.2396514161221,0,0
508353c9-09c1-4985-bd3e-ef0e1b0afe0c,AES-256-GCM,256,aesni,GCM,16777216,10,13,encrypt,12,16,16,14638800,15625000,1.067368910019947,0.0146388,1146.0786403257098,0,1
508353c9-09c1-4985-bd3e-ef0e1b0afe0c,AES-128-GCM,128,aesni,GCM,16777216,10,13,encrypt,12,16,16,13732900,15625000,1.1377786192282766,0.0137329,1221.6804899183712,1,0
508353c9-09c1-4985-bd3e-ef0e1b0afe0c,AES-128-GCM,128,aesni,GCM,16777216,10,13,decrypt,12,16,16,14344700,15625000,1.0892524765244307,0.0143447,1169.5759409398593,1,1
508353c9-09c1-4985-bd3e-ef0e1b0afe0c,AES-256-GCM,256,aesni,GCM,16777216,11,14,decrypt,12,16,16,15244000,0,0.0,0.015244,1100.5783258987142,0,0
508353c9-09c1-4985-bd3e-ef0e1b0afe0c,AES-256-GCM,256,aesni,GCM,16777216,11,14,encrypt,12,16,16,15333500,15625000,1.0190106629275768,0.0153335,1094.1543678873056,0,1
508353c9-09c1-4985-bd3e-ef0e1b0afe0c,AES-128-GCM,128,aesni,GCM,16777216,11,14,decrypt,12,16,16,14056600,15625000,1.1115774796181153,0.0140566,1193.547230482478,1,0
508353c9-09c1-4985-bd3e-ef0e1b0afe0c,AES-128-GCM,128,aesni,GCM,16777216,11,14,encrypt,12,16,16,13704700,15625000,1.1401198129108991,0.0137047,1224.1943274934877,1,1
508353c9-09c1-4985-bd3e-ef0e1b0afe0c,AES-256-GCM,256,aesni,GCM,16777216,12,15,encrypt,12,16,16,14754600,15625000,1.058991772057528,0.0147546,1137.0837569300422,0,0
508353c9-09c1-4985-bd3e-ef0e1b0afe0c,AES-256-GCM,256,aesni,GCM,16777216,12,15,decrypt,12,16,16,14583400,0,0.0,0.0145834,1150.4324094518424,0,1
508353c9-09c1-4985-bd3e-ef0e1b0afe0c,AES-128-GCM,128,aesni,GCM,16777216,12,15,encrypt,12,16,16,13818200,15625000,1.1307550911117221,0.0138182,1214.1390340275868,1,0
508353c9-09c1-4985-bd3e-ef0e1b0afe0c,AES-128-GCM,128,aesni,GCM,16777216,12,15,decrypt,12,16,16,13702900,15625000,1.140269577972546,0.0137029,1224.3551365039518,1,1
508353c9-09c1-4985-bd3e-ef0e1b0afe0c,AES-128-GCM,128,aesni,GCM,16777216,13,16,encrypt,12,16,16,13748200,15625000,1.1365124161708442,0.0137482,1220.3209147379293,0,0
508353c9-09c1-4985-bd3e-ef0e1b0afe0c,AES-128-GCM,128,aesni,GCM,16777216,13,16,decrypt,12,16,16,14118100,15625000,1.1067353255749712,0.0141181,1188.3480071681033,0,1
508353c9-09c1-4985-bd3e-ef0e1b0afe0c,AES-256-GCM,256,aesni,GCM,16777216,13,16,decrypt,12,16,16,16420100,15625000,0.951577639600246,0.0164201,1021.7487104219828,1,0
508353c9-09c1-4985-bd3e-ef0e1b0afe0c,AES-256-GCM,256,aesni,GCM,16777216,13,16,encrypt,12,16,16,15723900,15625000,0.9937102118431178,0.0157239,1066.9882153918556,1,1
508353c9-09c1-4985-bd3e-ef0e1b0afe0c,AES-256-GCM,256,aesni,GCM,16777216,14,17,decrypt,12,16,16,14853100,15625000,1.051968949242919,0.0148531,1129.5430583514553,0,0
508353c9-09c1-4985-bd3e-ef0e1b0afe0c,AES-256-GCM,256,aesni,GCM,16777216,14,17,encrypt,12,16,16,14552100,15625000,1.0737281904329958,0.0145521,1152.9068656757445,0,1
508353c9-09c1-4985-bd3e-ef0e1b0afe0c,AES-128-GCM,128,aesni,GCM,16777216,14,17,decrypt,12,16,16,13495100,15625000,1.1578276559640166,0.0134951,1243.2079791924477,1,0
508353c9-09c1-4985-bd3e-ef0e1b0afe0c,AES-128-GCM,128,aesni,GCM,16777216,14,17,encrypt,12,16,16,13556500,15625000,1.1525836314682993,0.0135565,1237.5772507653155,1,1
508353c9-09c1-4985-bd3e-ef0e1b0afe0c,AES-256-GCM,256,aesni,GCM,16777216,15,18,encrypt,12,16,16,17314600,31250000,1.8048352257632287,0.0173146,968.9635336652304,0,0
508353c9-09c1-4985-bd3e-ef0e1b0afe0c,AES-256-GCM,256,aesni,GCM,16777216,15,18,decrypt,12,16,16,17047100,15625000,0.9165781863190806,0.0170471,984.1683336168616,0,1
508353c9-09c1-4985-bd3e-ef0e1b0afe0c,AES-128-GCM,128,aesni,GCM,16777216,15,18,encrypt,12,16,16,15514900,15625000,1.0070964041018633,0.0155149,1081.3615298841758,1,0
508353c9-09c1-4985-bd3e-ef0e1b0afe0c,AES-128-GCM,128,aesni,GCM,16777216,15,18,decrypt,12,16,16,14566900,0,0.0,0.0145669,1151.7355099575063,1,1
508353c9-09c1-4985-bd3e-ef0e1b0afe0c,AES-256-GCM,256,aesni,GCM,16777216,16,19,encrypt,12,16,16,16174600,15625000,0.9660207980413735,0.0161746,1037.25693371088,0,0
508353c9-09c1-4985-bd3e-ef0e1b0afe0c,AES-256-GCM,256,aesni,GCM,16777216,16,19,decrypt,12,16,16,16248000,15625000,0.961656819300837,0.016248,1032.5711472181192,0,1
508353c9-09c1-4985-bd3e-ef0e1b0afe0c,AES-128-GCM,128,aesni,GCM,16777216,16,19,encrypt,12,16,16,14296500,15625000,1.092924841744483,0.0142965,1173.5191130696323,1,0
508353c9-09c1-4985-bd3e-ef0e1b0afe0c,AES-128-GCM,128,aesni,GCM,16777216,16,19,decrypt,12,16,16,14621000,15625000,1.0686683537377744,0.014621,1147.4739073934752,1,1
508353c9-09c1-4985-bd3e-ef0e1b0afe0c,AES-256-GCM,256,aesni,GCM,16777216,17,20,decrypt,12,16,16,16276600,15625000,0.9599670692896551,0.0162766,1030.7567919590088,0,0
508353c9-09c1-4985-bd3e-ef0e1b0afe0c,AES-256-GCM,256,aesni,GCM,16777216,17,20,encrypt,12,16,16,16158200,15625000,0.9670012748944808,0.0161582,1038.3097127155252,0,1
508353c9-09c1-4985-bd3e-ef0e1b0afe0c,AES-128-GCM,128,aesni,GCM,16777216,17,20,decrypt,12,16,16,16765100,15625000,0.9319956337868548,0.0167651,1000.7226917823335,1,0
508353c9-09c1-4985-bd3e-ef0e1b0afe0c,AES-128-GCM,128,aesni,GCM,16777216,17,20,encrypt,12,16,16,16029800,15625000,0.9747470336498272,0.0160298,1046.6266578497548,1,1
508353c9-09c1-4985-bd3e-ef0e1b0afe0c,AES-128-GCM,128,aesni,GCM,16777216,18,21,encrypt,12,16,16,15600100,15625000,1.001596143614464,0.0156001,1075.4556701559604,0,0
508353c9-09c1-4985-bd3e-ef0e1b0afe0c,AES-128-GCM,128,aesni,GCM,16777216,18,21,decrypt,12,16,16,14922500,15625000,1.0470765622382308,0.0149225,1124.2898978053274,0,1
508353c9-09c1-4985-bd3e-ef0e1b0afe0c,AES-256-GCM,256,aesni,GCM,16777216,18,21,decrypt,12,16,16,16851100,15625000,0.9272391713300615,0.0168511,995.6154791081888,1,0
508353c9-09c1-4985-bd3e-ef0e1b0afe0c,AES-256-GCM,256,aesni,GCM,16777216,18,21,encrypt,12,16,16,17535300,15625000,0.8910597480510741,0.0175353,956.7681191653407,1,1
508353c9-09c1-4985-bd3e-ef0e1b0afe0c,AES-128-GCM,128,aesni,GCM,16777216,19,22,encrypt,12,16,16,14521700,15625000,1.0759759532286164,0.0145217,1155.3203825998335,0,0
508353c9-09c1-4985-bd3e-ef0e1b0afe0c,AES-128-GCM,128,aesni,GCM,16777216,19,22,decrypt,12,16,16,14603300,0,0.0,0.0146033,1148.864708661741,0,1
508353c9-09c1-4985-bd3e-ef0e1b0afe0c,AES-256-GCM,256,aesni,GCM,16777216,19,22,decrypt,12,16,16,16224100,15625000,0.9630734524565308,0.0162241,1034.0922454866525,1,0
508353c9-09c1-4985-bd3e-ef0e1b0afe0c,AES-256-GCM,256,aesni,GCM,16777216,19,22,encrypt,12,16,16,16267900,15625000,0.9604804553753097,0.0162679,1031.3080360710355,1,1
