session_id,algorithm,backend,mode,bytes,operation,seconds_count,seconds_mean,seconds_median,seconds_stdev,seconds_min,seconds_max,throughput_MB_s_count,throughput_MB_s_mean,throughput_MB_s_median,throughput_MB_s_stdev,throughput_MB_s_min,throughput_MB_s_max,process_cpu_ns_count,process_cpu_ns_mean,process_cpu_ns_median,process_cpu_ns_stdev,process_cpu_ns_min,process_cpu_ns_max,process_to_wall_ratio_count,process_to_wall_ratio_mean,process_to_wall_ratio_median,process_to_wall_ratio_stdev,process_to_wall_ratio_min,process_to_wall_ratio_max,speedup_vs_software_median
322287b2-9a69-4be0-bcde-7ec1b031aa08,AES-128,aesni,CBC,1024,encrypt,20,3.855e-06,3.8e-06,2.781044862334262e-07,3.7e-06,5e-06,20,266.67885180727285,269.4736842105263,15.359976474762743,204.8,276.7567567567568,20,0,0.0,0.0,0,0,20,0.0,0.0,0.0,0.0,0.0,1.7500000000000002
322287b2-9a69-4be0-bcde-7ec1b031aa08,AES-128,software,CBC,1024,encrypt,20,6.72e-06,6.650000000000001e-06,2.504732363053251e-07,6.5e-06,7.7e-06,20,152.56193591752626,153.99366802351875,5.117728411019724,132.98701298701297,157.53846153846155,20,0,0.0,0.0,0,0,20,0.0,0.0,0.0,0.0,0.0,1.0
322287b2-9a69-4be0-bcde-7ec1b031aa08,AES-128,aesni,CBC,1024,decrypt,20,4.155e-06,3.9e-06,1.128331324987199e-06,3.7e-06,8.9e-06,20,255.254458628026,262.56410256410254,34.57399703306094,115.0561797752809,276.7567567567568,20,0,0.0,0.0,0,0,20,0.0,0.0,0.0,0.0,0.0,1.717948717948718
322287b2-9a69-4be0-bcde-7ec1b031aa08,AES-128,software,CBC,1024,decrypt,20,6.8500000000000005e-06,6.7e-06,7.701674459082531e-07,6.5e-06,1.01e-05,20,150.74722257665084,152.83582089552237,11.80033659166856,101.38613861386139,157.53846153846155,20,0,0.0,0.0,0,0,20,0.0,0.0,0.0,0.0,0.0,1.0
322287b2-9a69-4be0-bcde-7ec1b031aa08,AES-128,aesni,CBC,10485760,encrypt,20,0.02192305,0.0197489,0.0076903177883485075,0.0184125,0.0539574,20,504.5620468054895,530.9729249544808,81.74961320103831,194.33404871250283,569.4913781398507,20,21875000,15625000.0,7853510.780469291,15625000,31250000,20,1.0391379568693242,0.8139171171120574,0.4017643921788523,0.5791605970636095,1.6972165648336728,2.3582553965030963
322287b2-9a69-4be0-bcde-7ec1b031aa08,AES-128,software,CBC,10485760,encrypt,20,0.048073155,0.04657295,0.005026966532033431,0.0446868,0.0666453,20,219.89461685681437,225.14955753937016,17.94633011924502,157.33682645287814,234.65005325957554,20,46875000,46875000.0,5069419.41033633,31250000,62500000,20,0.9777415813118012,0.9982160201233023,0.08472959040884327,0.6794586073816383,1.0489674803297617,1.0
322287b2-9a69-4be0-bcde-7ec1b031aa08,AES-128,aesni,CBC,10485760,decrypt,20,0.019007485,0.0185385,0.0018933116284422745,0.0175775,0.0264811,20,555.7034327753875,565.6432654326414,43.04857770065636,395.971466442104,596.5444460247476,20,19531250,15625000.0,6941588.411239363,15625000,31250000,20,1.0262006545891782,0.8508356160890497,0.3493956738338841,0.7788123174463928,1.7594829090868143,2.553108396040672
322287b2-9a69-4be0-bcde-7ec1b031aa08,AES-128,software,CBC,10485760,decrypt,20,0.047004105,0.0473308,0.0010204959235458437,0.0445706,0.0487415,20,223.18335269410312,221.54201132955885,4.925644622030514,215.1300226706195,235.26180935414826,20,46875000,46875000.0,0.0,46875000,46875000,20,0.9977073342834553,0.990369966609294,0.022019347348945662,0.9617061436353005,1.0517022431827259,1.0
322287b2-9a69-4be0-bcde-7ec1b031aa08,AES-128,aesni,CBC,1048576,encrypt,20,0.001908495,0.00188915,6.285106434638704e-05,0.0018485,0.0020635,20,549.9684220959484,555.0533855864066,17.35824095373489,508.1541070995881,567.2577765756018,20,1562500,0.0,4809273.52539916,0,15625000,20,0.794716163925847,0.0,2.4491098672497733,0.0,8.322237017310252,2.408146520922108
322287b2-9a69-4be0-bcde-7ec1b031aa08,AES-128,software,CBC,1048576,encrypt,20,0.0045638399999999996,0.004549350000000001,6.770599289342274e-05,0.0044659,0.004721,20,229.8050169984937,230.48919079135712,3.3793233652158166,222.10887523829697,234.79612172238518,20,5468750,0.0,7646257.577024889,0,15625000,20,1.1991009058822035,0.0,1.6767185632106076,0.0,3.484378832816716,1.0
322287b2-9a69-4be0-bcde-7ec1b031aa08,AES-128,aesni,CBC,1048576,decrypt,20,0.0018490099999999999,0.0018221499999999998,8.479277464253039e-05,0.0017649,0.0021116,20,568.1533627972199,575.4609541725551,24.18589029024149,496.57889751846943,594.1277126182787,20,2343750,0.0,5724180.445820675,0,15625000,20,1.2821024044416092,0.0,3.1329031277652133,0.0,8.806289804429916,2.5143100183848754
322287b2-9a69-4be0-bcde-7ec1b031aa08,AES-128,software,CBC,1048576,decrypt,20,0.004573165,0.00458145,8.996946426427128e-05,0.0044381,0.0048113,20,229.37223133174513,228.8742767196627,4.460076891360538,217.94026562467525,236.26687095829297,20,3125000,0.0,6412364.700532213,0,15625000,20,0.6870512085583188,0.0,1.4099816661835571,0.0,3.520650728915527,1.0
322287b2-9a69-4be0-bcde-7ec1b031aa08,AES-192,aesni,CBC,1024,encrypt,20,4.1e-06,3.9499999999999995e-06,5.893796917545017e-07,3.8e-06,6.5e-06,20,253.10799121965493,259.28205128205127,24.813778409527536,157.53846153846155,269.4736842105263,20,0,0.0,0.0,0,0,20,0.0,0.0,0.0,0.0,0.0,1.8227848101265824
322287b2-9a69-4be0-bcde-7ec1b031aa08,AES-192,software,CBC,1024,encrypt,20,7.255e-06,7.2e-06,8.255779474818994e-08,7.1e-06,7.4e-06,20,141.1613272543236,142.22222222222223,1.5993754153653668,138.3783783783784,144.22535211267606,20,0,0.0,0.0,0,0,20,0.0,0.0,0.0,0.0,0.0,1.0
322287b2-9a69-4be0-bcde-7ec1b031aa08,AES-192,aesni,CBC,1024,decrypt,20,4.0299999999999995e-06,4e-06,1.0809352675491621e-07,3.9e-06,4.3e-06,20,254.26530784398057,256.0,6.715167062098257,238.13953488372093,262.56410256410254,20,0,0.0,0.0,0,0,20,0.0,0.0,0.0,0.0,0.0,1.8375000000000004
322287b2-9a69-4be0-bcde-7ec1b031aa08,AES-192,software,CBC,1024,decrypt,20,7.41e-06,7.350000000000001e-06,2.3373399185263667e-07,7.2e-06,8.3e-06,20,138.31152322958891,139.32617549055905,4.004226769312122,123.37349397590361,142.22222222222223,20,0,0.0,0.0,0,0,20,0.0,0.0,0.0,0.0,0.0,1.0
322287b2-9a69-4be0-bcde-7ec1b031aa08,AES-192,aesni,CBC,10485760,encrypt,20,0.021189275,0.0209972,0.0016303927953830153,0.0194783,0.0271155,20,497.25556025580687,499.3991917127329,32.991468941662454,386.70723386992677,538.3303471042134,20,21093750,15625000.0,7646257.577024889,15625000,31250000,20,0.9954650068658906,0.787756987811366,0.34937548014530945,0.5762386826722723,1.5064379130652759,2.5201717371840053
322287b2-9a69-4be0-bcde-7ec1b031aa08,AES-192,software,CBC,10485760,encrypt,20,0.053043585,0.05291655,0.001675521133471771,0.0506377,0.0582461,20,197.86219088136832,198.15677148286937,6.013315067492789,180.0251003929877,207.0741759598086,20,53125000,46875000.0,7853510.780469291,46875000,62500000,20,1.0042698367360388,0.8971439313703473,0.16391765405159722,0.8047749119683549,1.2187583484946871,1.0
322287b2-9a69-4be0-bcde-7ec1b031aa08,AES-192,aesni,CBC,10485760,decrypt,20,0.02020267,0.020089450000000002,0.0009966043891767263,0.0187817,0.0222781,20,520.2180600324965,521.9924740818395,25.415907876256977,470.67568598758425,558.2966398142873,20,18750000,15625000.0,6412364.700532213,15625000,31250000,20,0.9309440265292634,0.7920903295798443,0.3250179370900502,0.7013614266925815,1.6589162101329256,2.68557128243929
322287b2-9a69-4be0-bcde-7ec1b031aa08,AES-192,software,CBC,10485760,decrypt,20,0.05461277,0.053951650000000004,0.002800637472001499,0.050859,0.0607399,20,192.45835149819948,194.35975678537295,9.381367937555538,172.63380413863047,206.17314536266935,20,52343750,46875000.0,7646257.577024889,46875000,62500000,20,0.9604020211996777,0.8883014418544997,0.14525648561886784,0.7717332428930571,1.213938735911027,1.0
322287b2-9a69-4be0-bcde-7ec1b031aa08,AES-192,aesni,CBC,1048576,encrypt,20,0.002071665,0.00203215,0.00011615838676475096,0.00198,0.0025133,20,507.4649415301123,515.9942184804327,24.733661399779933,417.21083834003105,529.5838383838384,20,1562500,0.0,4809273.52539916,0,15625000,20,0.7326288665986167,0.0,2.255846441968905,0.0,7.5185256471946875,2.5328100779962113
322287b2-9a69-4be0-bcde-7ec1b031aa08,AES-192,software,CBC,1048576,encrypt,20,0.005369275,0.00514705,0.0009590858322134841,0.0050485,0.0094311,20,198.8214372128518,203.7236864026873,20.841907143405095,111.18278885813956,207.7005051005249,20,6250000,0.0,7853510.780469291,0,15625000,20,1.1401247385347588,0.0,1.4626622307964317,0.0,3.094978706546499,1.0
322287b2-9a69-4be0-bcde-7ec1b031aa08,AES-192,aesni,CBC,1048576,decrypt,20,0.00198099,0.00197925,6.217839276079584e-05,0.0018866,0.002119,20,529.8062161618757,529.7845904074866,16.345790496988798,494.8447380840019,555.8019718011237,20,1562500,0.0,4809273.52539916,0,15625000,20,0.8071229795620639,0.0,2.4843516824608964,0.0,8.132514443345652,2.651004168245547
322287b2-9a69-4be0-bcde-7ec1b031aa08,AES-192,software,CBC,1048576,decrypt,20,0.005384965,0.005247,0.00043425347833652225,0.0051279,0.0069628,20,195.7154962484934,199.8440206518789,12.994045359256141,150.59688631010513,204.48448682696622,20,3906250,0.0,6941588.411239363,0,15625000,20,0.7413667442590677,0.0,1.317860459853243,0.0,3.023647341125474,1.0
322287b2-9a69-4be0-bcde-7ec1b031aa08,AES-256,aesni,CBC,1024,encrypt,20,4.08e-06,4.1e-06,6.155870112510918e-08,4e-06,4.2e-06,20,251.03461091753775,249.7560975609756,3.783269657411252,243.8095238095238,256.0,20,0,0.0,0.0,0,0,20,0.0,0.0,0.0,0.0,0.0,1.9390243902439026
322287b2-9a69-4be0-bcde-7ec1b031aa08,AES-256,software,CBC,1024,encrypt,20,8.005e-06,7.95e-06,2.4596747752497686e-07,7.8e-06,8.8e-06,20,128.02865837818814,128.81012658227849,3.723521275110124,116.36363636363636,131.28205128205127,20,0,0.0,0.0,0,0,20,0.0,0.0,0.0,0.0,0.0,1.0
322287b2-9a69-4be0-bcde-7ec1b031aa08,AES-256,aesni,CBC,1024,decrypt,20,4.165e-06,4.149999999999999e-06,8.750939799154224e-08,4e-06,4.3e-06,20,245.96100802204035,246.7828106852497,5.14464860200648,238.13953488372093,256.0,20,0,0.0,0.0,0,0,20,0.0,0.0,0.0,0.0,0.0,1.9277108433734942
322287b2-9a69-4be0-bcde-7ec1b031aa08,AES-256,software,CBC,1024,decrypt,20,1.0425e-05,8e-06,7.727113916183985e-06,7.9e-06,3.93e-05,20,118.04536305411622,128.0,28.90450533304918,26.0559796437659,129.62025316455697,20,0,0.0,0.0,0,0,20,0.0,0.0,0.0,0.0,0.0,1.0
322287b2-9a69-4be0-bcde-7ec1b031aa08,AES-256,aesni,CBC,10485760,encrypt,20,0.022586955,0.022120050000000002,0.0013509291510017526,0.0211478,0.0267703,20,465.6869137755514,474.0404327134674,25.538947531497673,391.6937800472912,495.8321905824719,20,21093750,15625000.0,7646257.577024889,15625000,31250000,20,0.9297279097912677,0.7236135207074401,0.3205178074962174,0.6646136308533852,1.452913964246693,2.737114066197861
322287b2-9a69-4be0-bcde-7ec1b031aa08,AES-256,software,CBC,10485760,encrypt,20,0.06244443,0.060545100000000004,0.00869200927416731,0.0579141,0.0987507,20,169.98284172671285,173.19073934731165,15.680948453234052,106.18415869457128,181.05711735138766,20,61718750,62500000.0,3493856.2148434212,46875000,62500000,20,1.0000561183585244,1.0288617822877875,0.10569519772541433,0.6329069059763627,1.0791845163785676,1.0
322287b2-9a69-4be0-bcde-7ec1b031aa08,AES-256,aesni,CBC,10485760,decrypt,20,0.02207728,0.02181855,0.0013837671566378042,0.0205394,0.0272221,20,476.5053714510183,480.5901049220723,26.13813381635381,385.1929131110385,510.51929462399096,20,23437500,23437500.0,8015455.875665266,15625000,31250000,20,1.0656262594970856,1.063008832358379,0.3685980216082782,0.5739821688995338,1.4815692781794476,2.803852684985941
322287b2-9a69-4be0-bcde-7ec1b031aa08,AES-256,software,CBC,10485760,decrypt,20,0.06200949,0.061175999999999994,0.0031120565474668962,0.0589524,0.0728882,20,169.4642170751751,171.4032565603475,7.671455940869271,143.86087185580107,177.868246246124,20,60937500,62500000.0,4809273.52539916,46875000,62500000,20,0.9843503454394035,1.0156484604001967,0.08554766007347624,0.7708081193432962,1.0601773634321927,1.0
322287b2-9a69-4be0-bcde-7ec1b031aa08,AES-256,aesni,CBC,1048576,encrypt,20,0.002179885,0.0021501000000000003,9.677425318206988e-05,0.002035,0.0024749,20,481.8747164491403,487.6872910881665,20.225034509090953,423.6841892601721,515.2707616707617,20,1562500,0.0,4809273.52539916,0,15625000,20,0.7227024181334358,0.0,2.2246745233486123,0.0,7.328455513343652,2.7105716013208685
322287b2-9a69-4be0-bcde-7ec1b031aa08,AES-256,software,CBC,1048576,encrypt,20,0.005877365,0.005828,0.000158574300283893,0.005635,0.0062219,20,178.53012184140013,179.9205167799535,4.719624929984985,168.52987029685465,186.0826974267968,20,7031250,0.0,7975277.898969382,0,15625000,20,1.1974142780758958,0.0,1.359236960573637,0.0,2.7728482697426795,1.0
322287b2-9a69-4be0-bcde-7ec1b031aa08,AES-256,aesni,CBC,1048576,decrypt,20,0.002136215,0.0021291,7.389566809467177e-05,0.0020508,0.0023596,20,491.391505431758,492.5010813071692,16.28562348622791,444.3871842685201,511.30095572459527,20,2343750,0.0,5724180.445820675,0,15625000,20,1.1055337204895814,0.0,2.70027764863091,0.0,7.490771369672563,2.8298342022450798
322287b2-9a69-4be0-bcde-7ec1b031aa08,AES-256,software,CBC,1048576,decrypt,20,0.00601067,0.006025,0.00011594895473984734,0.0058045,0.0062329,20,174.51412707026927,174.037694668039,3.367213479435087,168.23244396669287,180.64880696011716,20,4687500,0.0,7346286.655962925,0,15625000,20,0.7817603401588918,0.0,1.2255623174276262,0.0,2.668203551912568,1.0
