algorithm,variant,block_bits,effective_key_bits,session_count,samples_per_session,total_raw_samples,median_of_session_mean_bits,median_of_session_median_bits,median_of_session_stdev_bits,median_q05,median_q25,median_q75,median_q95,median_mean_normalized,median_median_normalized,median_stdev_normalized,skipped_count_total
DES,plaintext_bit_flip,64,56,5,2000,10000,32.0185,32.0,4.020830422766462,25.0,29.0,35.0,39.0,0.5002890625,0.5,0.06282547535572597,0
DES,key_bit_flip,64,56,5,2000,10000,31.9375,32.0,3.9785879820817818,25.0,29.0,35.0,38.049999999999955,0.4990234375,0.5,0.06216543722002784,0
TDEA,plaintext_bit_flip,64,168,5,2000,10000,31.971,32.0,4.032051397146943,25.0,29.0,35.0,39.0,0.499546875,0.5,0.06300080308042098,0
TDEA,key_bit_flip,64,168,5,2000,10000,32.0235,32.0,4.0368228806184625,25.0,29.0,35.0,39.0,0.5003671875,0.5,0.06307535750966348,0
AES-128,plaintext_bit_flip,128,128,5,2000,10000,63.9865,64.0,5.653520929425284,55.0,60.0,68.0,73.0,0.49989453125,0.5,0.04416813226113503,0
AES-128,key_bit_flip,128,128,5,2000,10000,63.992,64.0,5.601034350269283,55.0,60.0,68.0,73.0,0.4999375,0.5,0.043758080861478775,0
AES-192,plaintext_bit_flip,128,192,5,2000,10000,64.0275,64.0,5.641290262689375,55.0,60.0,68.0,73.0,0.50021484375,0.5,0.04407258017726074,0
AES-192,key_bit_flip,128,192,5,2000,10000,64.0895,64.0,5.616695058634646,55.0,60.0,68.0,73.0,0.50069921875,0.5,0.04388043014558317,0
AES-256,plaintext_bit_flip,128,256,5,2000,10000,63.976,64.0,5.653669758738163,55.0,60.0,68.0,73.0,0.4998125,0.5,0.0441692949901419,0
AES-256,key_bit_flip,128,256,5,2000,10000,63.9965,64.0,5.660610303183063,55.0,60.0,68.0,73.0,0.49997265625,0.5,0.04422351799361768,0
