mode,bytes,size_label,backend,measurement,sessions,throughput_MB_s,time_ms,speedup_vs_cpu_aesni,speedup_vs_cpu_software
ECB,1024,1 KiB,cpu_software,transform,5,117.03239289446185,0.008749999999999999,,
ECB,1024,1 KiB,cpu_aesni,transform,5,189.62962962962962,0.0054,,
ECB,1024,1 KiB,cuda_baseline,resident,5,19.888252558047114,0.05148799903690815,0.10649008621477782,0.1699999974668026
ECB,1024,1 KiB,cuda_baseline,pipeline,5,5.592572364827963,0.1831,0.030005608524957934,0.04778809393773893
ECB,1024,1 KiB,cuda_optimized_v1,resident,5,20.66017652232449,0.04956800118088722,0.11124595422850964,0.1765251733284312
ECB,1024,1 KiB,cuda_optimized_v1,pipeline,5,5.652777820102209,0.18114999999999998,0.029829941455255086,0.047813094267862
ECB,16384,16 KiB,cpu_software,transform,5,283.46020761245677,0.057800000000000004,,
ECB,16384,16 KiB,cpu_aesni,transform,5,1894.1673349371827,0.00865,,
ECB,16384,16 KiB,cuda_baseline,resident,5,319.60497599980795,0.051264001056551926,0.16860100671502432,1.127466297754435
ECB,16384,16 KiB,cuda_baseline,pipeline,5,88.58662877890916,0.18495000000000003,0.04723976929414996,0.3143313798614811
ECB,16384,16 KiB,cuda_optimized_v1,resident,5,314.79304691282806,0.05204799957573414,0.16907832693860808,1.133569022458781
ECB,16384,16 KiB,cuda_optimized_v1,pipeline,5,87.66195163858939,0.18689999999999998,0.0470073790653184,0.31109939361982597
ECB,1048576,1 MiB,cpu_software,transform,5,275.71770491746156,3.8031,,
ECB,1048576,1 MiB,cpu_aesni,transform,5,1793.4500437046727,0.58475,,
ECB,1048576,1 MiB,cuda_baseline,resident,5,4901.075688453784,0.2141600027680397,2.650121370304253,18.04048351729186
ECB,1048576,1 MiB,cuda_baseline,pipeline,5,1339.0985288771972,0.7833,0.746521128558662,4.815904210320817
ECB,1048576,1 MiB,cuda_optimized_v1,resident,5,5149.29358928498,0.20364800095558167,2.9137403405654014,18.674870276922125
ECB,1048576,1 MiB,cuda_optimized_v1,pipeline,5,1320.0662803157054,0.7943500000000001,0.7651758193369818,4.839906900673083
ECB,16777216,16 MiB,cpu_software,transform,5,280.51628397838647,59.80835,,
ECB,16777216,16 MiB,cpu_aesni,transform,5,1904.8042669554156,8.808050000000001,,
ECB,16777216,16 MiB,cuda_baseline,resident,5,3667.534633728399,4.587984085083008,1.890438118170385,13.075034456863131
ECB,16777216,16 MiB,cuda_baseline,pipeline,5,1080.0115153608722,15.5355,0.5784557947925719,3.8499822986064176
ECB,16777216,16 MiB,cuda_optimized_v1,resident,5,3424.380887622185,4.899359941482544,1.7702924675045333,12.24405855387054
ECB,16777216,16 MiB,cuda_optimized_v1,pipeline,5,866.235880595799,20.57705,0.42150356829574687,2.9152891206465457
ECB,33554432,32 MiB,cpu_software,transform,5,282.06304367023614,118.96100000000001,,
ECB,33554432,32 MiB,cpu_aesni,transform,5,1909.8807053800324,17.56895,,
ECB,33554432,32 MiB,cuda_baseline,resident,5,4753.517673116936,7.0588641166687,2.5002535405553457,16.905538628829337
ECB,33554432,32 MiB,cuda_baseline,pipeline,5,1201.9836242053555,27.916,0.6322162917323398,4.274749247743229
ECB,33554432,32 MiB,cuda_optimized_v1,resident,5,4792.612038365213,7.001616001129151,2.520696650195291,17.043765322284884
ECB,33554432,32 MiB,cuda_optimized_v1,pipeline,5,1214.4518772574693,27.629300000000004,0.6358811117183569,4.300590315353627
CTR,1024,1 KiB,cpu_software,transform,5,117.70114942528735,0.0087,,
CTR,1024,1 KiB,cpu_aesni,transform,5,170.66666666666666,0.006,,
CTR,1024,1 KiB,cuda_baseline,resident,5,19.68666974023617,0.05201599933207035,0.11678604785391201,0.1673933352572739
CTR,1024,1 KiB,cuda_baseline,pipeline,5,5.532144786601837,0.1851,0.032406157169862275,0.04752694114396242
CTR,1024,1 KiB,cuda_optimized_v1,resident,5,20.012516245850517,0.05116799846291542,0.11481629509536292,0.17172524136002107
CTR,1024,1 KiB,cuda_optimized_v1,pipeline,5,5.670016740147534,0.1806,0.03248511099079589,0.048226164079822616
CTR,16384,16 KiB,cpu_software,transform,5,265.3281091826512,0.06175,,
CTR,16384,16 KiB,cpu_aesni,transform,5,1359.6914600550963,0.01205,,
CTR,16384,16 KiB,cuda_baseline,resident,5,315.6741957760663,0.05190400034189224,0.23137480879006855,1.190659671565249
CTR,16384,16 KiB,cuda_baseline,pipeline,5,87.0332066710198,0.18825,0.06374501992031872,0.3280212483399734
CTR,16384,16 KiB,cuda_optimized_v1,resident,5,312.19616068089204,0.052480001002550125,0.23176292455678316,1.1766386970343126
CTR,16384,16 KiB,cuda_optimized_v1,pipeline,5,87.63981649076646,0.18695,0.06424433912585571,0.333070036861506
CTR,1048576,1 MiB,cpu_software,transform,5,257.4017989925661,4.0737,,
CTR,1048576,1 MiB,cpu_aesni,transform,5,1381.693380810638,0.75895,,
CTR,1048576,1 MiB,cuda_baseline,resident,5,5017.110898059185,0.20900800079107285,3.656319361496139,19.76910079224246
CTR,1048576,1 MiB,cuda_baseline,pipeline,5,1313.0592232678464,0.79865,0.9529272398528587,5.153625537751729
CTR,1048576,1 MiB,cuda_optimized_v1,resident,5,4853.929938220846,0.2160319983959198,3.5374389242072275,19.13119366893779
CTR,1048576,1 MiB,cuda_optimized_v1,pipeline,5,1290.9526892510444,0.81225,0.9132972322503008,4.923104693140794
CTR,16777216,16 MiB,cpu_software,transform,5,264.26826635796,63.48555,,
CTR,16777216,16 MiB,cpu_aesni,transform,5,1446.5452973979511,11.59815,,
CTR,16777216,16 MiB,cuda_baseline,resident,5,3655.5943396669923,4.589616060256959,2.579649331133188,13.920020577151094
CTR,16777216,16 MiB,cuda_baseline,pipeline,5,1103.1332276764037,15.2088,0.7495514568083695,4.155922886749777
CTR,16777216,16 MiB,cuda_optimized_v1,resident,5,3576.1952123866085,4.701264142990113,2.505790627970521,13.521472349910306
CTR,16777216,16 MiB,cuda_optimized_v1,pipeline,5,1073.9729129382392,15.624349999999998,0.7423124801991763,4.126322054997488
CTR,33554432,32 MiB,cpu_software,transform,5,266.3446734443766,125.98215000000002,,
CTR,33554432,32 MiB,cpu_aesni,transform,5,1455.844546269704,23.0481,,
CTR,33554432,32 MiB,cuda_baseline,resident,5,4800.634311617898,7.005327939987183,3.296983410036084,17.892145960011877
CTR,33554432,32 MiB,cuda_baseline,pipeline,5,1204.463810153486,27.85875,0.8232512226858705,4.522175259119667
CTR,33554432,32 MiB,cuda_optimized_v1,resident,5,4877.734408634896,6.879823923110961,3.3962860475990624,18.382607086085486
CTR,33554432,32 MiB,cuda_optimized_v1,pipeline,5,1209.14711743024,27.7505,0.8273659641705325,4.53904750523289
