mode,bytes,size_label,cpu_software_transform_MB_s,cpu_software_transform_ms,cpu_aesni_transform_MB_s,cpu_aesni_transform_ms,cuda_baseline_resident_MB_s,cuda_baseline_resident_ms,cuda_baseline_pipeline_MB_s,cuda_baseline_pipeline_ms,cuda_optimized_v1_resident_MB_s,cuda_optimized_v1_resident_ms,cuda_optimized_v1_pipeline_MB_s,cuda_optimized_v1_pipeline_ms
ECB,1024,1 KiB,117.03239289446185,0.008749999999999999,189.62962962962962,0.0054,19.888252558047114,0.05148799903690815,5.592572364827963,0.1831,20.66017652232449,0.04956800118088722,5.652777820102209,0.18114999999999998
ECB,16384,16 KiB,283.46020761245677,0.057800000000000004,1894.1673349371827,0.00865,319.60497599980795,0.051264001056551926,88.58662877890916,0.18495000000000003,314.79304691282806,0.05204799957573414,87.66195163858939,0.18689999999999998
ECB,1048576,1 MiB,275.71770491746156,3.8031,1793.4500437046727,0.58475,4901.075688453784,0.2141600027680397,1339.0985288771972,0.7833,5149.29358928498,0.20364800095558167,1320.0662803157054,0.7943500000000001
ECB,16777216,16 MiB,280.51628397838647,59.80835,1904.8042669554156,8.808050000000001,3667.534633728399,4.587984085083008,1080.0115153608722,15.5355,3424.380887622185,4.899359941482544,866.235880595799,20.57705
ECB,33554432,32 MiB,282.06304367023614,118.96100000000001,1909.8807053800324,17.56895,4753.517673116936,7.0588641166687,1201.9836242053555,27.916,4792.612038365213,7.001616001129151,1214.4518772574693,27.629300000000004
CTR,1024,1 KiB,117.70114942528735,0.0087,170.66666666666666,0.006,19.68666974023617,0.05201599933207035,5.532144786601837,0.1851,20.012516245850517,0.05116799846291542,5.670016740147534,0.1806
CTR,16384,16 KiB,265.3281091826512,0.06175,1359.6914600550963,0.01205,315.6741957760663,0.05190400034189224,87.0332066710198,0.18825,312.19616068089204,0.052480001002550125,87.63981649076646,0.18695
CTR,1048576,1 MiB,257.4017989925661,4.0737,1381.693380810638,0.75895,5017.110898059185,0.20900800079107285,1313.0592232678464,0.79865,4853.929938220846,0.2160319983959198,1290.9526892510444,0.81225
CTR,16777216,16 MiB,264.26826635796,63.48555,1446.5452973979511,11.59815,3655.5943396669923,4.589616060256959,1103.1332276764037,15.2088,3576.1952123866085,4.701264142990113,1073.9729129382392,15.624349999999998
CTR,33554432,32 MiB,266.3446734443766,125.98215000000002,1455.844546269704,23.0481,4800.634311617898,7.005327939987183,1204.463810153486,27.85875,4877.734408634896,6.879823923110961,1209.14711743024,27.7505
