session_id,algorithm,backend,operation,profile,measurement,host_memory,resident_iterations,mode,bytes,kernel_throughput_MB_s_count,kernel_throughput_MB_s_mean,kernel_throughput_MB_s_median,kernel_throughput_MB_s_stdev,kernel_throughput_MB_s_min,kernel_throughput_MB_s_max,kernel_throughput_MB_s_q1,kernel_throughput_MB_s_q3,kernel_throughput_MB_s_iqr,kernel_throughput_MB_s_coefficient_of_variation,kernel_throughput_MB_s_outlier_count,kernel_throughput_MB_s_outlier_flag,end_to_end_throughput_MB_s_count,end_to_end_throughput_MB_s_mean,end_to_end_throughput_MB_s_median,end_to_end_throughput_MB_s_stdev,end_to_end_throughput_MB_s_min,end_to_end_throughput_MB_s_max,end_to_end_throughput_MB_s_q1,end_to_end_throughput_MB_s_q3,end_to_end_throughput_MB_s_iqr,end_to_end_throughput_MB_s_coefficient_of_variation,end_to_end_throughput_MB_s_outlier_count,end_to_end_throughput_MB_s_outlier_flag,kernel_seconds_count,kernel_seconds_mean,kernel_seconds_median,kernel_seconds_stdev,kernel_seconds_min,kernel_seconds_max,kernel_seconds_q1,kernel_seconds_q3,kernel_seconds_iqr,kernel_seconds_coefficient_of_variation,kernel_seconds_outlier_count,kernel_seconds_outlier_flag,end_to_end_seconds_count,end_to_end_seconds_mean,end_to_end_seconds_median,end_to_end_seconds_stdev,end_to_end_seconds_min,end_to_end_seconds_max,end_to_end_seconds_q1,end_to_end_seconds_q3,end_to_end_seconds_iqr,end_to_end_seconds_coefficient_of_variation,end_to_end_seconds_outlier_count,end_to_end_seconds_outlier_flag,h2d_ns_count,h2d_ns_mean,h2d_ns_median,h2d_ns_stdev,h2d_ns_min,h2d_ns_max,h2d_ns_q1,h2d_ns_q3,h2d_ns_iqr,h2d_ns_coefficient_of_variation,h2d_ns_outlier_count,h2d_ns_outlier_flag,kernel_ns_count,kernel_ns_mean,kernel_ns_median,kernel_ns_stdev,kernel_ns_min,kernel_ns_max,kernel_ns_q1,kernel_ns_q3,kernel_ns_iqr,kernel_ns_coefficient_of_variation,kernel_ns_outlier_count,kernel_ns_outlier_flag,d2h_ns_count,d2h_ns_mean,d2h_ns_median,d2h_ns_stdev,d2h_ns_min,d2h_ns_max,d2h_ns_q1,d2h_ns_q3,d2h_ns_iqr,d2h_ns_coefficient_of_variation,d2h_ns_outlier_count,d2h_ns_outlier_flag,transfer_ns_count,transfer_ns_mean,transfer_ns_median,transfer_ns_stdev,transfer_ns_min,transfer_ns_max,transfer_ns_q1,transfer_ns_q3,transfer_ns_iqr,transfer_ns_coefficient_of_variation,transfer_ns_outlier_count,transfer_ns_outlier_flag,end_to_end_ns_count,end_to_end_ns_mean,end_to_end_ns_median,end_to_end_ns_stdev,end_to_end_ns_min,end_to_end_ns_max,end_to_end_ns_q1,end_to_end_ns_q3,end_to_end_ns_iqr,end_to_end_ns_coefficient_of_variation,end_to_end_ns_outlier_count,end_to_end_ns_outlier_flag,outlier_flag
c2b324e8-be71-4101-b7f2-289231eb5691,AES-128,cuda,encrypt,baseline,pipeline,pinned,,CTR,1024,20,19.9554353131139,20.094193265324304,1.4694772373258433,15.130023359243035,21.347564966117627,19.31221631209031,21.12559988584939,1.8133835737590793,0.07363794446318907,1,True,20,5.4855148118749995,5.644990323929555,0.6914177246222003,2.5839010850365884,5.788581119276428,5.535212431325954,5.723071343939626,0.18785891261367205,0.12604427265886234,1,True,20,5.162399969995022e-05,5.0960000604391096e-05,4.462931519131792e-06,4.7968000173568725e-05,6.76800012588501e-05,4.847200028598308e-05,5.3031998686492446e-05,4.559998400509363e-06,0.08645071178272333,1,True,20,0.000192415,0.00018140000000000002,4.8117359543866116e-05,0.0001769,0.0003963,0.00017892499999999997,0.00018499999999999997,6.074999999999999e-06,0.25007073016067416,1,True,20,42795,40500.0,10377.78371025539,39400,86800,39975.0,40850.0,875.0,0.24249991144421987,2,True,20,51623.99969995022,50960.0006043911,4462.931519131793,47968.000173568726,67680.0012588501,48472.000285983086,53031.99868649244,4559.998400509357,0.08645071178272334,1,True,20,45565,41750.0,15828.996543652012,39500,112600,41300.0,43050.0,1750.0,0.3473937571305171,1,True,20,88360,82050.0,26194.38268428035,79200,199400,81400.0,84125.0,2725.0,0.29645068678452186,1,True,20,192415,181400.0,48117.35954386612,176900,396300,178925.0,185000.0,6075.0,0.25007073016067416,1,True,True
c2b324e8-be71-4101-b7f2-289231eb5691,AES-128,cuda,encrypt,baseline,pipeline,pinned,,CTR,16384,20,272.3707396783286,278.2747630046883,41.616077730015846,176.79558422138206,333.55047844830136,252.52619437001476,298.45807747427966,45.9318831042649,0.15279202817147197,1,True,20,73.35047615801886,77.72358982345057,12.920698004542443,48.316130934827484,87.10260499734184,63.15042127369775,84.84037785584002,21.689956582142266,0.17615015854440255,0,False,20,6.177439969033002e-05,5.887999944388866e-05,1.1372062523184298e-05,4.912000149488449e-05,9.267199784517288e-05,5.4903999902307985e-05,6.48879986256361e-05,9.983998723328114e-06,0.18409021504363476,2,True,20,0.00023111,0.00021079999999999997,4.680966949140676e-05,0.0001881,0.0003391,0.000193125,0.00025975,6.6625e-05,0.20254281290903364,0,False,20,48745,44850.0,7184.814029018354,41000,64500,43900.0,54050.0,10150.0,0.14739591812531241,0,False,20,61774.39969033003,58879.999443888664,11372.062523184299,49120.00149488449,92671.99784517288,54903.99990230799,64887.9986256361,9983.998723328114,0.18409021504363474,2,True,20,56900,52100.0,16621.83092074681,43600,99900,45300.0,59850.0,14550.0,0.2921235662697154,3,True,20,105645,97450.0,21316.00522957734,85400,158500,88825.0,115000.0,26175.0,0.20177012853970694,1,True,20,231110,210800.0,46809.66949140676,188100,339100,193125.0,259750.0,66625.0,0.20254281290903364,0,False,True
c2b324e8-be71-4101-b7f2-289231eb5691,AES-128,cuda,encrypt,baseline,pipeline,pinned,,CTR,1048576,20,4521.8856834860535,4333.532663054547,443.58013376045767,4129.552795996216,5650.629271284993,4278.660424465463,4657.426540316517,378.76611585105456,0.09809627328271793,2,True,20,1270.8902144391889,1265.8611643758575,89.17562344186915,1120.512930113272,1507.441058079356,1215.8473656392207,1276.3351181732028,60.487752533982075,0.07016784174486705,4,True,20,0.00023374880030751228,0.00024196799844503403,2.0038185734027093e-05,0.00018556800484657287,0.0002539199888706207,0.00022516800463199616,0.00024507199972867964,1.9903995096683482e-05,0.08572529872951438,2,True,20,0.00082871,0.00082835,5.48343428691795e-05,0.0006956,0.0009358,0.0008216,0.000862425,4.0824999999999976e-05,0.0661683132448981,3,True,20,246655,249600.0,21558.939408538925,214500,309200,239975.0,252150.0,12175.0,0.08740523974190235,6,True,20,233748.80030751228,241967.99844503403,20038.18573402709,185568.00484657288,253919.98887062073,225168.00463199615,245071.99972867966,19903.995096683502,0.08572529872951437,2,True,20,255780,249000.0,20519.53113242934,226800,302200,240050.0,269550.0,29500.0,0.08022336043642717,0,False,20,502435,492350.0,31728.258614945167,444600,587600,487700.0,510250.0,22550.0,0.06314898168906459,3,True,20,828710,828350.0,54834.3428691795,695600,935800,821600.0,862425.0,40825.0,0.0661683132448981,3,True,True
c2b324e8-be71-4101-b7f2-289231eb5691,AES-128,cuda,encrypt,baseline,pipeline,pinned,,CTR,16777216,20,7248.249212250654,7738.1696414885655,1612.33863734222,2374.363788637969,8132.1525739772715,7682.180826628129,7818.689442539591,136.50861591146258,0.2224452540369501,3,True,20,1999.456606158403,2156.3713656038144,481.50499807831085,574.8141651134744,2215.7207570094693,2131.7346949262637,2183.6453806956706,51.91068576940688,0.24081792852880976,3,True,20,0.002604739189147949,0.0021681120395660404,0.0013781080124912698,0.0020630719661712646,0.007065983772277832,0.002145784080028534,0.002183919966220856,3.813588619232169e-05,0.5290771599063899,3,True,20,0.009821575,0.0077803,0.006271500498946761,0.0075719,0.0291872,0.007683125,0.0078706,0.00018747500000000032,0.6385432579750967,3,True,20,3573920,2731900.0,2506693.041817194,2701300,11253900,2706650.0,2795775.0,89125.0,0.7013847656962645,4,True,20,2604739.189147949,2168112.03956604,1378108.0124912697,2063071.9661712646,7065983.772277832,2145784.080028534,2183919.9662208557,38135.88619232178,0.5290771599063898,3,True,20,3525445,2718200.0,2378596.050631327,2640200,10696000,2685250.0,2842575.0,157325.0,0.6746938473387976,2,True,20,7099365,5487350.0,4883868.29063699,5343500,21949900,5403925.0,5667275.0,263350.0,0.6879302994897417,2,True,20,9821575,7780300.0,6271500.498946761,7571900,29187200,7683125.0,7870600.0,187475.0,0.6385432579750967,3,True,True
c2b324e8-be71-4101-b7f2-289231eb5691,AES-128,cuda,encrypt,baseline,pipeline,pinned,,CTR,33554432,20,2073.164037942416,2071.0711205777407,7.682944747649881,2066.4079116105477,2097.5211899820574,2069.52188876277,2073.194173296024,3.672284533254242,0.0037059029613860594,2,True,20,583.112462403616,584.7854427000614,7.226384929138001,555.5507504325439,589.487117323186,583.8945059379831,585.8605745834911,1.9660686455080167,0.012392780801409244,4,True,20,0.016185340642929077,0.016201487541198732,5.948454042211354e-05,0.01599718379974365,0.016238048553466798,0.016184895992279052,0.016213615417480468,2.871942520141571e-05,0.0036752109043871545,2,True,20,0.05755239,0.05737905,0.0007406354617915337,0.0569214,0.0603985,0.05727375,0.05746659999999999,0.00019284999999999441,0.012868891488112547,4,True,20,20727350,20667500.0,339569.94861147535,20557600,22138800,20584350.0,20695000.0,110650.0,0.01638269960277003,1,True,20,16185340.642929077,16201487.54119873,59484.54042211332,15997183.799743652,16238048.553466797,16184895.992279053,16213615.417480469,28719.425201416016,0.0036752109043871406,2,True,20,20489430,20337750.0,456074.25884273206,20172600,21968800,20290650.0,20406900.0,116250.0,0.022259001780075487,3,True,20,41216780,41020300.0,742141.3715515536,40730200,44107600,40948800.0,41101675.0,152875.0,0.018005806653298817,3,True,20,57552390,57379050.0,740635.4617915334,56921400,60398500,57273750.0,57466600.0,192850.0,0.012868891488112542,4,True,True
c2b324e8-be71-4101-b7f2-289231eb5691,AES-128,cuda,encrypt,baseline,pipeline,pinned,,ECB,1024,20,20.173002775389545,20.685750829993346,2.1477099555283683,12.043658372509404,21.82810387740847,19.912880985364776,21.42005425716667,1.5071732718018929,0.10646456451929455,1,True,20,5.492181449047957,5.7047424582273045,0.6867828042588184,3.1546518792359826,5.861476817401259,5.621772006861537,5.765787751107383,0.14401574424584584,0.12504736244245335,2,True,20,5.158240012824535e-05,4.950399883091449e-05,8.242851710885015e-06,4.691199958324432e-05,8.502399921417236e-05,4.780799988657236e-05,5.142400041222572e-05,3.6160005256533604e-06,0.1597996931199682,1,True,20,0.000190765,0.0001795,3.6587246483756576e-05,0.0001747,0.0003246,0.0001776,0.00018215,4.550000000000002e-06,0.19179223905725148,2,True,20,44195,40400.0,13049.641051728104,39600,95500,40175.0,40700.0,525.0,0.2952741498298021,2,True,20,51582.400128245354,49503.9988309145,8242.851710885016,46911.999583244324,85023.99921417236,47807.99988657236,51424.00041222572,3616.0005256533623,0.1597996931199682,1,True,20,44065,42000.0,8427.478551550405,39700,74400,40475.0,42600.0,2125.0,0.19125107344945885,2,True,20,88260,82150.0,21370.648833831587,79300,169900,80975.0,82850.0,1875.0,0.24213288957434384,2,True,20,190765,179500.0,36587.24648375658,174700,324600,177600.0,182150.0,4550.0,0.19179223905725148,2,True,True
c2b324e8-be71-4101-b7f2-289231eb5691,AES-128,cuda,encrypt,baseline,pipeline,pinned,,ECB,16384,20,284.47940167782514,282.87603862584933,17.582683459987308,240.82785814983956,321.60803715462237,275.04991544212476,294.18074206892123,19.130826626796477,0.06180652573186939,1,True,20,76.33987788708552,78.32520080766284,9.471975470485608,56.574585635359114,88.80216802168022,69.05070027513979,84.07330290374802,15.022602628608226,0.12407637702139933,0,False,20,5.780799984931946e-05,5.791999958455563e-05,3.6818736931353644e-06,5.09440004825592e-05,6.803199648857117e-05,5.569600034505129e-05,5.956799909472466e-05,3.871998749673368e-06,0.06369142164981356,1,True,20,0.000218025,0.00020925000000000002,2.9123166307760453e-05,0.0001845,0.0002896,0.00019489999999999997,0.00023727499999999998,4.2375000000000014e-05,0.1335771875140945,0,False,20,50235,45850.0,9037.656601249311,42500,76800,43725.0,54350.0,10625.0,0.17990756646261194,1,True,20,57807.99984931946,57919.999584555626,3681.8736931353637,50944.000482559204,68031.99648857117,55696.00034505129,59567.999094724655,3871.9987496733665,0.06369142164981355,1,True,20,50150,48300.0,7923.084194800326,41200,67200,44050.0,54525.0,10475.0,0.1579877207338051,0,False,20,100385,93400.0,16411.173183631872,83700,144000,87775.0,107775.0,20000.0,0.1634823248855095,1,True,20,218025,209250.0,29123.166307760453,184500,289600,194900.0,237275.0,42375.0,0.1335771875140945,0,False,True
c2b324e8-be71-4101-b7f2-289231eb5691,AES-128,cuda,encrypt,baseline,pipeline,pinned,,ECB,1048576,20,4553.373849722835,4391.905832029903,685.171789691151,3413.3331712087074,5924.425991229976,4319.559602314728,4434.555708439231,114.99610612450306,0.15047562802972078,7,True,20,1252.39753197688,1216.4533993067068,99.75470153297985,1093.0636922756175,1515.2832369942196,1205.2251401939532,1279.5720342697987,74.34689407584551,0.07965098859267106,4,True,20,0.00023491680175065995,0.00023875200003385544,3.2996366019878964e-05,0.0001769919991493225,0.00030720001459121706,0.000236455999314785,0.00024276000261306763,6.304003298282626e-06,0.14045979586807594,7,True,20,0.000841925,0.0008619999999999999,6.202142138427912e-05,0.000692,0.0009593,0.000819475,0.000870025,5.055000000000001e-05,0.07366620706628159,4,True,20,253105,250450.0,20219.986855115723,215400,300600,246725.0,257150.0,10425.0,0.07988774166893473,4,True,20,234916.80175065994,238752.00003385544,32996.36601987896,176991.9991493225,307200.01459121704,236455.999314785,242760.00261306763,6304.003298282623,0.14045979586807594,7,True,20,262355,260200.0,24048.929837225387,218900,294200,242200.0,284650.0,42450.0,0.09166560514274699,0,False,20,515460,520100.0,36730.546587705154,434300,588600,490975.0,536025.0,45050.0,0.07125780193944274,0,False,20,841925,862000.0,62021.42138427912,692000,959300,819475.0,870025.0,50550.0,0.07366620706628159,4,True,True
c2b324e8-be71-4101-b7f2-289231eb5691,AES-128,cuda,encrypt,baseline,pipeline,pinned,,ECB,16777216,20,7282.585826170198,8058.826410223057,1918.9518682064463,2639.5871839158535,8263.140110066473,7912.074098346138,8145.5452397813815,233.47114143524323,0.2634986959316886,3,True,20,1947.496579100813,2183.0995169820667,573.5424891948559,610.3446946133054,2239.111680546658,2117.8237077357408,2211.216393362969,93.39268562722827,0.2945024373083462,3,True,20,0.002656339192390442,0.0020818560123443603,0.0014124266768835371,0.0020303680896759033,0.006355999946594238,0.0020596799254417424,0.0021207199692726136,6.104004383087128e-05,0.5317192476509347,3,True,20,0.01059602,0.0076850500000000006,0.007091982719395933,0.0074928,0.0274881,0.007587325,0.007921975000000001,0.00033465000000000144,0.6693062790930872,3,True,20,3964315,2744450.0,2890541.6626382275,2703800,11234000,2711300.0,2978100.0,266800.0,0.7291402581879158,3,True,20,2656339.192390442,2081856.0123443604,1412426.676883537,2030368.0896759033,6355999.946594238,2059679.925441742,2120719.9692726135,61040.04383087158,0.5317192476509346,3,True,20,3850330,2707100.0,2781927.406654375,2633700,10428700,2682925.0,2784100.0,101175.0,0.7225166171871957,3,True,20,7814645,5469700.0,5669664.223648615,5357000,21662700,5418725.0,5648850.0,230125.0,0.7255178224536899,3,True,20,10596020,7685050.0,7091982.719395933,7492800,27488100,7587325.0,7921975.0,334650.0,0.669306279093087,3,True,True
c2b324e8-be71-4101-b7f2-289231eb5691,AES-128,cuda,encrypt,baseline,pipeline,pinned,,ECB,33554432,20,2134.463401810996,2130.8341726175104,8.851614402271231,2126.829747811702,2157.5592812842788,2128.361262844628,2140.143235798081,11.781972953453078,0.004146997505209523,0,False,20,586.8567343951689,588.5008119538713,4.28762587970002,578.788138049043,592.7402356515748,584.1332971859367,589.8350306230305,5.7017334370938215,0.00730608618493399,0,False,20,0.01572056794166565,0.015747087955474852,6.480315489151548e-05,0.015552032470703124,0.01577673625946045,0.01567859172821045,0.01576538372039795,8.679199218750155e-05,0.004122189168481743,0,False,20,0.057179445,0.0570168,0.0004199114173188632,0.056609,0.0579736,0.056887825,0.057443175,0.0005553499999999961,0.007343747693228977,0,False,20,20845040,20744400.0,298269.1285611563,20550800,21827000,20661975.0,20948750.0,286775.0,0.014308877726363503,1,True,20,15720567.94166565,15747087.955474854,64803.154891515376,15552032.470703125,15776736.25946045,15678591.72821045,15765383.72039795,86791.9921875,0.004122189168481737,0,False,20,20458170,20353750.0,288977.7319776515,20219300,21346500,20300125.0,20475225.0,175100.0,0.01412529722734983,3,True,20,41303210,41138300.0,420452.20380467805,40837000,42250600,41037650.0,41512550.0,474900.0,0.010179649567301864,1,True,20,57179445,57016800.0,419911.4173188636,56609000,57973600,56887825.0,57443175.0,555350.0,0.007343747693228985,0,False,True
