algorithm,mode,bytes,size_label,profile,measurement,host_memory,session_count,repeats_per_session,kernel_throughput_MB_s_median_of_session_medians,end_to_end_throughput_MB_s_median_of_session_medians,kernel_seconds_median_of_session_medians,end_to_end_seconds_median_of_session_medians,transfer_ns_median_of_session_medians,h2d_ns_median_of_session_medians,d2h_ns_median_of_session_medians
AES-128,ECB,1024,1 KiB,baseline,pipeline,pinned,5,20,20.189925165178597,5.663716814159292,5.072000063955784e-05,0.0001808,82150.0,40600.0,41450.0
AES-128,CTR,1024,1 KiB,baseline,pipeline,pinned,5,20,19.6566204175244,5.554769569388127,5.2095999941229816e-05,0.00018435,82050.0,40550.0,41750.0
AES-128,ECB,16384,16 KiB,baseline,pipeline,pinned,5,20,293.26841840615435,78.6748920977109,5.5904000997543335e-05,0.00020825,93400.0,44950.0,46900.0
AES-128,CTR,16384,16 KiB,baseline,pipeline,pinned,5,20,279.87798007302865,77.72358982345057,5.854399874806404e-05,0.00021079999999999997,97450.0,44850.0,51850.0
AES-128,ECB,1048576,1 MiB,baseline,pipeline,pinned,5,20,4420.045022873383,1242.9859929430781,0.0002372319996356964,0.00084365,509450.0,248050.0,257600.0
AES-128,CTR,1048576,1 MiB,baseline,pipeline,pinned,5,20,4345.027408966513,1241.4325851768126,0.00024132800102233886,0.00084465,511950.0,249100.0,253800.0
AES-128,ECB,16777216,16 MiB,baseline,pipeline,pinned,5,20,8024.963181634708,2183.0995169820667,0.00209063994884491,0.0076850500000000006,5469700.0,2728950.0,2718250.0
AES-128,CTR,16777216,16 MiB,baseline,pipeline,pinned,5,20,7780.940700034404,2166.19275679155,0.0021562079191207884,0.00774505,5487000.0,2723700.0,2718200.0
AES-128,ECB,33554432,32 MiB,baseline,pipeline,pinned,5,20,2129.4017983729673,588.6954184864362,0.01575767993927002,0.05699795,41078450.0,20678200.0,20366250.0
AES-128,CTR,33554432,32 MiB,baseline,pipeline,pinned,5,20,2071.0711205777407,584.1323613338513,0.016201487541198732,0.0574432,41086550.0,20711750.0,20366150.0
