algorithm,variant,count,mean,median,stdev,min,max,q05,q25,q75,q95,mean_normalized,median_normalized,stdev_normalized,skipped_count
DES,plaintext_bit_flip,2000,31.908,32.0,3.9976901785132988,19,45,25.0,29.0,35.0,39.0,0.4985625,0.5,0.06246390903927029,0
DES,key_bit_flip,2000,32.045,32.0,3.975409027819557,16,44,26.0,29.0,35.0,38.0,0.500703125,0.5,0.062115766059680576,0
TDEA,plaintext_bit_flip,2000,31.9655,32.0,4.032051397146943,18,45,26.0,29.0,35.0,39.0,0.4994609375,0.5,0.06300080308042098,0
TDEA,key_bit_flip,2000,32.047,32.0,4.0368228806184625,16,45,26.0,29.0,35.0,39.0,0.500734375,0.5,0.06307535750966348,0
AES-128,plaintext_bit_flip,2000,63.9865,64.0,5.653520929425284,46,87,55.0,60.0,68.0,73.0,0.49989453125,0.5,0.04416813226113503,0
AES-128,key_bit_flip,2000,63.8605,64.0,5.760263020473329,44,84,55.0,60.0,68.0,74.0,0.49891015625,0.5,0.04500205484744788,0
AES-192,plaintext_bit_flip,2000,64.1505,64.0,5.5880643322612835,47,82,55.0,61.0,68.0,73.0,0.50117578125,0.5,0.04365675259579128,0
AES-192,key_bit_flip,2000,64.0845,64.0,5.636953731731958,40,81,55.0,60.0,68.0,73.0,0.50066015625,0.5,0.04403870102915592,0
AES-256,plaintext_bit_flip,2000,63.7975,64.0,5.706117211976846,46,84,54.0,60.0,68.0,73.0,0.49841796875,0.5,0.04457904071856911,0
AES-256,key_bit_flip,2000,63.851,64.0,5.547358433776963,42,81,55.0,60.0,68.0,73.0,0.4988359375,0.5,0.04333873776388252,0
