space,keyspace_bits,extent,candidate_count,assumed_candidates_per_second,seconds,days,years,note,scope
DES,56,full,72057594037927936,153903.36495894392,4.682002505738E+11,5.418984381641E+6,1.483637065473E+4,DES not measured; parity excluded.,Linear mathematical illustration under fixed-rate assumption; not full-space search or evaluation of all cryptanalytic attacks. AES/Python rate is not DES/TDEA/GPU search rate.
DES,56,half,36028797018963968,153903.36495894392,2.341001252869E+11,2.709492190821E+6,7.418185327366E+3,DES not measured; parity excluded.,Linear mathematical illustration under fixed-rate assumption; not full-space search or evaluation of all cryptanalytic attacks. AES/Python rate is not DES/TDEA/GPU search rate.
DES,56,uniform_expected,36028797018963968.5,153903.36495894392,2.341001252869E+11,2.709492190821E+6,7.418185327366E+3,DES not measured; parity excluded.,Linear mathematical illustration under fixed-rate assumption; not full-space search or evaluation of all cryptanalytic attacks. AES/Python rate is not DES/TDEA/GPU search rate.
Double-DES nominal,112,full,5192296858534827628530496329220096,153903.36495894392,3.373738358430E+28,3.904789766702E+23,1.069073173635E+21,Nominal space; meet-in-the-middle changes the attack model.,Linear mathematical illustration under fixed-rate assumption; not full-space search or evaluation of all cryptanalytic attacks. AES/Python rate is not DES/TDEA/GPU search rate.
Double-DES nominal,112,half,2596148429267413814265248164610048,153903.36495894392,1.686869179215E+28,1.952394883351E+23,5.345365868175E+20,Nominal space; meet-in-the-middle changes the attack model.,Linear mathematical illustration under fixed-rate assumption; not full-space search or evaluation of all cryptanalytic attacks. AES/Python rate is not DES/TDEA/GPU search rate.
Double-DES nominal,112,uniform_expected,2596148429267413814265248164610048.5,153903.36495894392,1.686869179215E+28,1.952394883351E+23,5.345365868175E+20,Nominal space; meet-in-the-middle changes the attack model.,Linear mathematical illustration under fixed-rate assumption; not full-space search or evaluation of all cryptanalytic attacks. AES/Python rate is not DES/TDEA/GPU search rate.
Three-key TDEA nominal,168,full,374144419156711147060143317175368453031918731001856,153903.36495894392,2.431034690220E+45,2.813697558124E+40,7.703484074263E+37,Nominal space is not security strength; TDEA not measured.,Linear mathematical illustration under fixed-rate assumption; not full-space search or evaluation of all cryptanalytic attacks. AES/Python rate is not DES/TDEA/GPU search rate.
Three-key TDEA nominal,168,half,187072209578355573530071658587684226515959365500928,153903.36495894392,1.215517345110E+45,1.406848779062E+40,3.851742037131E+37,Nominal space is not security strength; TDEA not measured.,Linear mathematical illustration under fixed-rate assumption; not full-space search or evaluation of all cryptanalytic attacks. AES/Python rate is not DES/TDEA/GPU search rate.
Three-key TDEA nominal,168,uniform_expected,187072209578355573530071658587684226515959365500928.5,153903.36495894392,1.215517345110E+45,1.406848779062E+40,3.851742037131E+37,Nominal space is not security strength; TDEA not measured.,Linear mathematical illustration under fixed-rate assumption; not full-space search or evaluation of all cryptanalytic attacks. AES/Python rate is not DES/TDEA/GPU search rate.
AES-128,128,full,340282366920938463463374607431768211456,153903.36495894392,2.211013170581E+33,2.559043021506E+28,7.006277950734E+25,Only reduced 24-bit space measured.,Linear mathematical illustration under fixed-rate assumption; not full-space search or evaluation of all cryptanalytic attacks. AES/Python rate is not DES/TDEA/GPU search rate.
AES-128,128,half,170141183460469231731687303715884105728,153903.36495894392,1.105506585290E+33,1.279521510753E+28,3.503138975367E+25,Only reduced 24-bit space measured.,Linear mathematical illustration under fixed-rate assumption; not full-space search or evaluation of all cryptanalytic attacks. AES/Python rate is not DES/TDEA/GPU search rate.
AES-128,128,uniform_expected,170141183460469231731687303715884105728.5,153903.36495894392,1.105506585290E+33,1.279521510753E+28,3.503138975367E+25,Only reduced 24-bit space measured.,Linear mathematical illustration under fixed-rate assumption; not full-space search or evaluation of all cryptanalytic attacks. AES/Python rate is not DES/TDEA/GPU search rate.
AES-192,192,full,6277101735386680763835789423207666416102355444464034512896,153903.36495894392,4.078599410131E+52,4.720601169133E+47,1.292430162665E+45,Not measured; different key schedule and round count.,Linear mathematical illustration under fixed-rate assumption; not full-space search or evaluation of all cryptanalytic attacks. AES/Python rate is not DES/TDEA/GPU search rate.
AES-192,192,half,3138550867693340381917894711603833208051177722232017256448,153903.36495894392,2.039299705065E+52,2.360300584566E+47,6.462150813323E+44,Not measured; different key schedule and round count.,Linear mathematical illustration under fixed-rate assumption; not full-space search or evaluation of all cryptanalytic attacks. AES/Python rate is not DES/TDEA/GPU search rate.
AES-192,192,uniform_expected,3138550867693340381917894711603833208051177722232017256448.5,153903.36495894392,2.039299705065E+52,2.360300584566E+47,6.462150813323E+44,Not measured; different key schedule and round count.,Linear mathematical illustration under fixed-rate assumption; not full-space search or evaluation of all cryptanalytic attacks. AES/Python rate is not DES/TDEA/GPU search rate.
AES-256,256,full,115792089237316195423570985008687907853269984665640564039457584007913129639936,153903.36495894392,7.523687949786E+71,8.707972164104E+66,2.384112844382E+64,Not measured; different key schedule and round count.,Linear mathematical illustration under fixed-rate assumption; not full-space search or evaluation of all cryptanalytic attacks. AES/Python rate is not DES/TDEA/GPU search rate.
AES-256,256,half,57896044618658097711785492504343953926634992332820282019728792003956564819968,153903.36495894392,3.761843974893E+71,4.353986082052E+66,1.192056422191E+64,Not measured; different key schedule and round count.,Linear mathematical illustration under fixed-rate assumption; not full-space search or evaluation of all cryptanalytic attacks. AES/Python rate is not DES/TDEA/GPU search rate.
AES-256,256,uniform_expected,57896044618658097711785492504343953926634992332820282019728792003956564819968.5,153903.36495894392,3.761843974893E+71,4.353986082052E+66,1.192056422191E+64,Not measured; different key schedule and round count.,Linear mathematical illustration under fixed-rate assumption; not full-space search or evaluation of all cryptanalytic attacks. AES/Python rate is not DES/TDEA/GPU search rate.
