session_id,algorithm,mode,backend,seed,repeat,scenario,reduced_key_bits,keyspace_size,target_index,found_index,found,candidates_checked,wall_elapsed_ns,elapsed_seconds,candidates_per_second,expected_full_scan_time,expected_half_scan_time,expected_uniform_hit_time
3a6bd5f7-53ff-410d-ad78-1369d8193483,AES-128,ECB,software,2007,0,start,24,16777216,0,0,True,1,13000,1.3e-05,76923.07692307692,218.10380800000001,109.05190400000001,109.0519105
3a6bd5f7-53ff-410d-ad78-1369d8193483,AES-128,ECB,software,2007,0,middle,24,16777216,8388608,8388608,True,8388609,53192577400,53.1925774,157702.62337391457,106.38514211790279,53.192571058951394,53.192574229475696
3a6bd5f7-53ff-410d-ad78-1369d8193483,AES-128,ECB,software,2007,0,end,24,16777216,16777215,16777215,True,16777216,106575593200,106.5755932,157420.8080504496,106.5755932,53.2877966,53.28779977620019
3a6bd5f7-53ff-410d-ad78-1369d8193483,AES-128,ECB,software,2007,0,random,24,16777216,6800732,6800732,True,6800733,43003243800,43.0032438,158144.65140418083,106.08778640967978,53.04389320483989,53.0438963665023
3a6bd5f7-53ff-410d-ad78-1369d8193483,AES-128,ECB,software,2007,1,start,24,16777216,0,0,True,1,8800,8.8e-06,113636.36363636363,147.6395008,73.8197504,73.8197548
3a6bd5f7-53ff-410d-ad78-1369d8193483,AES-128,ECB,software,2007,1,middle,24,16777216,8388608,8388608,True,8388609,53747572700,53.7475727,156074.1923513878,107.49513258558162,53.74756629279081,53.7475694963954
3a6bd5f7-53ff-410d-ad78-1369d8193483,AES-128,ECB,software,2007,1,end,24,16777216,16777215,16777215,True,16777216,107354998600,107.3549986,156277.92109160346,107.3549986,53.6774993,53.67750249942828
3a6bd5f7-53ff-410d-ad78-1369d8193483,AES-128,ECB,software,2007,1,random,24,16777216,2358347,2358347,True,2358348,14972255000,14.972255,157514.54941156157,106.51216705171586,53.25608352585793,53.25608670016788
3a6bd5f7-53ff-410d-ad78-1369d8193483,AES-128,ECB,software,2007,2,start,24,16777216,0,0,True,1,8100,8.1e-06,123456.79012345678,135.8954496,67.9477248,67.94772885
3a6bd5f7-53ff-410d-ad78-1369d8193483,AES-128,ECB,software,2007,2,middle,24,16777216,8388608,8388608,True,8388609,53573281700,53.5732817,156581.95155888685,107.14655062713582,53.57327531356791,53.57327850678396
3a6bd5f7-53ff-410d-ad78-1369d8193483,AES-128,ECB,software,2007,2,end,24,16777216,16777215,16777215,True,16777216,115340586100,115.3405861,145458.04358453836,115.34058610000001,57.670293050000005,57.67029648741733
3a6bd5f7-53ff-410d-ad78-1369d8193483,AES-128,ECB,software,2007,2,random,24,16777216,14025021,14025021,True,14025022,95304114400,95.3041144,147160.71901298733,114.00607521168313,57.00303760584156,57.00304100348737
