session_id,algorithm,mode,bytes,operation,seconds_count,seconds_mean,seconds_median,seconds_stdev,seconds_min,seconds_max,throughput_MB_s_count,throughput_MB_s_mean,throughput_MB_s_median,throughput_MB_s_stdev,throughput_MB_s_min,throughput_MB_s_max,process_cpu_ns_count,process_cpu_ns_mean,process_cpu_ns_median,process_cpu_ns_stdev,process_cpu_ns_min,process_cpu_ns_max,process_to_wall_ratio_count,process_to_wall_ratio_mean,process_to_wall_ratio_median,process_to_wall_ratio_stdev,process_to_wall_ratio_min,process_to_wall_ratio_max
65c9eb5d-06f6-4ae3-a987-24df821b16b2,DES,CBC,1024,encrypt,20,1.935e-05,1.555e-05,1.3183023373382827e-05,1.49e-05,7.43e-05,20,60.85543302248876,65.85277088502895,13.23939676901914,13.781965006729475,68.7248322147651,20,0,0.0,0.0,0,0,20,0.0,0.0,0.0,0.0,0.0
65c9eb5d-06f6-4ae3-a987-24df821b16b2,DES,CBC,1024,decrypt,20,1.4145000000000001e-05,1.4e-05,7.625959818796236e-07,1.32e-05,1.7e-05,20,72.56967789509393,73.14285714285714,3.4608159307234776,60.23529411764706,77.57575757575758,20,0,0.0,0.0,0,0,20,0.0,0.0,0.0,0.0,0.0
65c9eb5d-06f6-4ae3-a987-24df821b16b2,DES,CBC,10485760,encrypt,20,0.11630011,0.1160577,0.0026829632331474553,0.112518,0.12284,20,90.20618359432756,90.34958049651313,2.0522914299859294,85.36112015630088,93.1918448603779,20,116406250,109375000.0,7975277.898969382,109375000,125000000,20,1.0008412162575127,0.965949658676328,0.06349469883605946,0.909691258064543,1.1109333617732273
65c9eb5d-06f6-4ae3-a987-24df821b16b2,DES,CBC,10485760,decrypt,20,0.112035935,0.11148685,0.001829517461338399,0.1099262,0.1168715,20,93.61611947391611,94.05384924885723,1.5016244372080123,89.72041943502052,95.38908831561538,20,110937500,109375000.0,4809273.52539916,109375000,125000000,20,0.9901172693619086,0.9832685288245027,0.03676879361169131,0.9358569026666039,1.09241479601557
65c9eb5d-06f6-4ae3-a987-24df821b16b2,DES,CBC,1048576,encrypt,20,0.012090705,0.0120001,0.0007247623701128383,0.0111266,0.0138076,20,87.00508164486334,87.38084788215575,4.915030412701232,75.9419450157884,94.2404687865116,20,13281250,15625000.0,5724180.445820675,0,15625000,20,1.1041441820643214,1.2958263218348456,0.47946261532556445,0.0,1.404292416371578
65c9eb5d-06f6-4ae3-a987-24df821b16b2,DES,CBC,1048576,decrypt,20,0.01179904,0.011671250000000001,0.0007104210829908516,0.0109735,0.0135421,20,89.1629084044734,89.84498649047063,5.139796889687742,77.43082682892609,95.5552922950745,20,12500000,15625000.0,6412364.700532213,0,15625000,20,1.0557134511730575,1.3078891617699253,0.5459220144501327,0.0,1.4228993452386374
65c9eb5d-06f6-4ae3-a987-24df821b16b2,3DES,CBC,1024,encrypt,20,3.944e-05,3.63e-05,1.0041094509433143e-05,3.47e-05,7.91e-05,20,26.892239687857195,28.209366391184574,3.927465510494671,12.945638432364095,29.51008645533141,20,0,0.0,0.0,0,0,20,0.0,0.0,0.0,0.0,0.0
65c9eb5d-06f6-4ae3-a987-24df821b16b2,3DES,CBC,1024,decrypt,20,3.541e-05,3.485e-05,3.7259968641397097e-06,3.32e-05,5.05e-05,20,29.14558713481213,29.383130784178114,2.2883238638735146,20.277227722772277,30.843373493975903,20,0,0.0,0.0,0,0,20,0.0,0.0,0.0,0.0,0.0
65c9eb5d-06f6-4ae3-a987-24df821b16b2,3DES,CBC,10485760,encrypt,20,0.314918265,0.31113955,0.010849293001039045,0.3047909,0.3535593,20,33.331485814110344,33.70114803884421,1.0618927049573006,29.65771229889866,34.40312686500811,20,311718750,312500000.0,7975277.898969382,296875000,328125000,20,0.9905300393981934,1.0031807272341204,0.030533723898688855,0.883868703213294,1.0173883884242363
65c9eb5d-06f6-4ae3-a987-24df821b16b2,3DES,CBC,10485760,decrypt,20,0.310385805,0.30513665,0.011119453522045101,0.2992713,0.3458953,20,33.82189765535399,34.3642074143981,1.144518004419834,30.31483804492284,35.03763976031113,20,308593750,312500000.0,9979162.088414142,296875000,328125000,20,0.994760194180555,0.9942688319938415,0.030060347856559203,0.9034525765455617,1.0313058245842848
65c9eb5d-06f6-4ae3-a987-24df821b16b2,3DES,CBC,1048576,encrypt,20,0.03195567,0.032050800000000004,0.0008971634951040796,0.0302854,0.0337164,20,32.83819533510427,32.71606344864179,0.9280095531829649,31.099880177005847,34.62315174968797,20,32031250,31250000.0,6156788.481659471,15625000,46875000,20,1.001164910830652,0.9750800941027002,0.18615239780978954,0.515925165261149,1.4626360836612238
65c9eb5d-06f6-4ae3-a987-24df821b16b2,3DES,CBC,1048576,decrypt,20,0.03172143,0.031772049999999996,0.0012130130025336866,0.0295827,0.034359,20,33.101433892034,33.00311167345298,1.2587619460377588,30.51823394161646,35.44558137019271,20,31250000,31250000.0,5069419.41033633,15625000,46875000,20,0.9848158971491504,0.9835693738893563,0.15487519749764747,0.514954272060641,1.4438403844080638
65c9eb5d-06f6-4ae3-a987-24df821b16b2,AES-128,CBC,1024,encrypt,20,7.765e-06,7.05e-06,2.9821001077481587e-06,6.6e-06,2.04e-05,20,139.65562646254355,145.25553319919516,21.527609368300855,50.19607843137255,155.15151515151516,20,0,0.0,0.0,0,0,20,0.0,0.0,0.0,0.0,0.0
65c9eb5d-06f6-4ae3-a987-24df821b16b2,AES-128,CBC,1024,decrypt,20,7.01e-06,6.7e-06,7.738488904580519e-07,6.5e-06,9.2e-06,20,147.505098013202,152.83582089552237,13.668505913750703,111.30434782608695,157.53846153846155,20,0,0.0,0.0,0,0,20,0.0,0.0,0.0,0.0,0.0
65c9eb5d-06f6-4ae3-a987-24df821b16b2,AES-128,CBC,10485760,encrypt,20,0.046234095,0.0459312,0.0011771547277786294,0.0447677,0.0493339,20,226.93381016982778,228.2929879080984,5.6533622596593345,212.54674777384315,234.22601563180598,20,46875000,46875000.0,0.0,46875000,46875000,20,1.0144731857023885,1.0205491836731064,0.02527249869551959,0.9501580049418351,1.0470718844166664
65c9eb5d-06f6-4ae3-a987-24df821b16b2,AES-128,CBC,10485760,decrypt,20,0.046256345000000004,0.04574805,0.0019026354576509197,0.0441473,0.0517293,20,227.02849178894056,229.206809572096,8.721955839843003,202.70446342788324,237.51758318175743,20,46875000,46875000.0,7169241.683455056,31250000,62500000,20,1.0107722630005194,1.0246342848484038,0.1255063221349421,0.6848114303245458,1.2309255772548586
65c9eb5d-06f6-4ae3-a987-24df821b16b2,AES-128,CBC,1048576,encrypt,20,0.004899345,0.0046539500000000004,0.0008187457342436081,0.0044084,0.0081728,20,217.79639341321942,225.30884555851512,24.09124733825641,128.30070477682068,237.8586335178296,20,4687500,0.0,7346286.655962925,0,15625000,20,0.9925199322887266,0.0,1.5570354246091476,0.0,3.441705764444151
65c9eb5d-06f6-4ae3-a987-24df821b16b2,AES-128,CBC,1048576,decrypt,20,0.004864155,0.0047165,0.0005373255569803195,0.0044116,0.0068515,20,217.5590483431455,222.35091489111812,19.129275044902627,153.04327519521271,237.68610028107716,20,3906250,0.0,6941588.411239363,0,15625000,20,0.7493216018974567,0.0,1.3478120111448355,0.0,3.4124661483358083
65c9eb5d-06f6-4ae3-a987-24df821b16b2,AES-192,CBC,1024,encrypt,20,7.69e-06,7.65e-06,3.041813863297252e-07,7.2e-06,8.4e-06,20,133.35416063977823,133.86192754613808,5.17394210440256,121.9047619047619,142.22222222222223,20,0,0.0,0.0,0,0,20,0.0,0.0,0.0,0.0,0.0
65c9eb5d-06f6-4ae3-a987-24df821b16b2,AES-192,CBC,1024,decrypt,20,7.3e-06,7.3e-06,2.3169853371637006e-07,7e-06,7.8e-06,20,140.40592014836398,140.27397260273972,4.378077061686823,131.28205128205127,146.28571428571428,20,0,0.0,0.0,0,0,20,0.0,0.0,0.0,0.0,0.0
65c9eb5d-06f6-4ae3-a987-24df821b16b2,AES-192,CBC,10485760,encrypt,20,0.05105197,0.05080585,0.001078281121971446,0.0490356,0.0530334,20,205.48034192778346,206.38915108256404,4.312497732426791,197.71992744195168,213.8397409229213,20,49218750,46875000.0,5724180.445820675,46875000,62500000,20,0.9646060812736207,0.9266894010642667,0.11504372204148011,0.8838769530145154,1.244640577672542
65c9eb5d-06f6-4ae3-a987-24df821b16b2,AES-192,CBC,10485760,decrypt,20,0.052541094999999996,0.052229,0.001770960934656366,0.0506142,0.0571798,20,199.7796699074592,200.76613441389543,6.473134259483047,183.38224337965505,207.17031979167902,20,55468750,62500000.0,7975277.898969382,46875000,62500000,20,1.0546329110449282,1.1017278195590472,0.1403845579586879,0.8885245280157708,1.2318523511626716
65c9eb5d-06f6-4ae3-a987-24df821b16b2,AES-192,CBC,1048576,encrypt,20,0.00546202,0.0052825500000000004,0.0007709046002825786,0.0049252,0.0086139,20,194.46260214896748,198.4980932127803,18.74363876194388,121.7306910923043,212.9001867944449,20,6250000,0.0,7853510.780469291,0,15625000,20,1.1240113709574326,0.0,1.4349884707868115,0.0,3.0749399771716455
65c9eb5d-06f6-4ae3-a987-24df821b16b2,AES-192,CBC,1048576,decrypt,20,0.00553912,0.00537845,0.0006475845863059534,0.0050337,0.0080843,20,191.13597011515208,194.9598152964763,16.64288171665748,129.70523112699925,208.31118262908,20,3906250,0.0,6941588.411239363,0,15625000,20,0.6687652487493261,0.0,1.2073567518494368,0.0,3.0346876942200125
65c9eb5d-06f6-4ae3-a987-24df821b16b2,AES-256,CBC,1024,encrypt,20,8.63e-06,8.4e-06,9.409401793167468e-07,7.9e-06,1.22e-05,20,119.7055382203312,121.9047619047619,10.237392357786923,83.93442622950819,129.62025316455697,20,0,0.0,0.0,0,0,20,0.0,0.0,0.0,0.0,0.0
65c9eb5d-06f6-4ae3-a987-24df821b16b2,AES-256,CBC,1024,decrypt,20,8.255e-06,8.1e-06,8.438477038947377e-07,7.8e-06,1.17e-05,20,124.96624872318455,126.41975308641975,9.534841215653143,87.52136752136752,131.28205128205127,20,0,0.0,0.0,0,0,20,0.0,0.0,0.0,0.0,0.0
65c9eb5d-06f6-4ae3-a987-24df821b16b2,AES-256,CBC,10485760,encrypt,20,0.05851414,0.05811575,0.0016089503657255619,0.0566324,0.0633763,20,179.32451391658557,180.42918635586426,4.75275227333999,165.4523851976212,185.15478771869107,20,61718750,62500000.0,3493856.2148434212,46875000,62500000,20,1.0551247773500763,1.0728650718080046,0.06094302129757783,0.8239570681014798,1.103608535043544
65c9eb5d-06f6-4ae3-a987-24df821b16b2,AES-256,CBC,10485760,decrypt,20,0.06007639,0.05997115,0.0016047861139334688,0.057523,0.0646423,20,174.6560199671683,174.84707492982722,4.557735954298592,162.21205000440887,182.2881282269701,20,59375000,62500000.0,6412364.700532213,46875000,62500000,20,0.9878276896674307,1.028479260685045,0.10028629149775413,0.7859816092879133,1.07143285716
65c9eb5d-06f6-4ae3-a987-24df821b16b2,AES-256,CBC,1048576,encrypt,20,0.006338985,0.0060413,0.0009260505165685303,0.0055465,0.0096119,20,167.9956461296113,173.56794871204733,18.858178707175632,109.09143873739843,189.05183449021905,20,6250000,0.0,7853510.780469291,0,15625000,20,0.9574350806842911,0.0,1.2264738677453915,0.0,2.817091859731362
65c9eb5d-06f6-4ae3-a987-24df821b16b2,AES-256,CBC,1048576,decrypt,20,0.006348325,0.0061518,0.0006831751203985541,0.0057357,0.0082717,20,166.68223255686777,170.4502862464488,14.823777673524217,126.7666864127084,182.81569817110378,20,5468750,0.0,7646257.577024889,0,15625000,20,0.8917774435252775,0.0,1.2482741118486655,0.0,2.6756053289496218
