space,keyspace_bits,keyspace_size,extent,candidate_count,assumed_candidates_per_second,seconds,days,years,note,scope
DES,56,72057594037927936,full,72057594037927936,153903.36495894392,4.68200251E+11,5.41898438E+6,1.48363707E+4,"Effective DES key space, parity excluded; DES is not measured.","Linear extrapolation under fixed-rate assumption, not an implementation of full-space search; not a cryptanalytic attack evaluation. AES/Python candidate rate is not DES/TDEA or GPU search rate."
DES,56,72057594037927936,half,36028797018963968,153903.36495894392,2.34100125E+11,2.70949219E+6,7.41818533E+3,"Effective DES key space, parity excluded; DES is not measured.","Linear extrapolation under fixed-rate assumption, not an implementation of full-space search; not a cryptanalytic attack evaluation. AES/Python candidate rate is not DES/TDEA or GPU search rate."
DES,56,72057594037927936,uniform_expected,36028797018963968.5,153903.36495894392,2.34100125E+11,2.70949219E+6,7.41818533E+3,"Effective DES key space, parity excluded; DES is not measured.","Linear extrapolation under fixed-rate assumption, not an implementation of full-space search; not a cryptanalytic attack evaluation. AES/Python candidate rate is not DES/TDEA or GPU search rate."
Double-DES nominal,112,5192296858534827628530496329220096,full,5192296858534827628530496329220096,153903.36495894392,3.37373836E+28,3.90478977E+23,1.06907317E+21,Nominal two-key space; meet-in-the-middle changes the attack model.,"Linear extrapolation under fixed-rate assumption, not an implementation of full-space search; not a cryptanalytic attack evaluation. AES/Python candidate rate is not DES/TDEA or GPU search rate."
Double-DES nominal,112,5192296858534827628530496329220096,half,2596148429267413814265248164610048,153903.36495894392,1.68686918E+28,1.95239488E+23,5.34536587E+20,Nominal two-key space; meet-in-the-middle changes the attack model.,"Linear extrapolation under fixed-rate assumption, not an implementation of full-space search; not a cryptanalytic attack evaluation. AES/Python candidate rate is not DES/TDEA or GPU search rate."
Double-DES nominal,112,5192296858534827628530496329220096,uniform_expected,2596148429267413814265248164610048.5,153903.36495894392,1.68686918E+28,1.95239488E+23,5.34536587E+20,Nominal two-key space; meet-in-the-middle changes the attack model.,"Linear extrapolation under fixed-rate assumption, not an implementation of full-space search; not a cryptanalytic attack evaluation. AES/Python candidate rate is not DES/TDEA or GPU search rate."
Three-key TDEA nominal,168,374144419156711147060143317175368453031918731001856,full,374144419156711147060143317175368453031918731001856,153903.36495894392,2.43103469E+45,2.81369756E+40,7.70348407E+37,"Nominal three-component space, not 168-bit security; special attacks apply. No TDEA candidate checker or 112-bit attack model is measured.","Linear extrapolation under fixed-rate assumption, not an implementation of full-space search; not a cryptanalytic attack evaluation. AES/Python candidate rate is not DES/TDEA or GPU search rate."
Three-key TDEA nominal,168,374144419156711147060143317175368453031918731001856,half,187072209578355573530071658587684226515959365500928,153903.36495894392,1.21551735E+45,1.40684878E+40,3.85174204E+37,"Nominal three-component space, not 168-bit security; special attacks apply. No TDEA candidate checker or 112-bit attack model is measured.","Linear extrapolation under fixed-rate assumption, not an implementation of full-space search; not a cryptanalytic attack evaluation. AES/Python candidate rate is not DES/TDEA or GPU search rate."
Three-key TDEA nominal,168,374144419156711147060143317175368453031918731001856,uniform_expected,187072209578355573530071658587684226515959365500928.5,153903.36495894392,1.21551735E+45,1.40684878E+40,3.85174204E+37,"Nominal three-component space, not 168-bit security; special attacks apply. No TDEA candidate checker or 112-bit attack model is measured.","Linear extrapolation under fixed-rate assumption, not an implementation of full-space search; not a cryptanalytic attack evaluation. AES/Python candidate rate is not DES/TDEA or GPU search rate."
AES-128,128,340282366920938463463374607431768211456,full,340282366920938463463374607431768211456,153903.36495894392,2.21101317E+33,2.55904302E+28,7.00627795E+25,AES-128 nominal space; fixed-rate illustration only.,"Linear extrapolation under fixed-rate assumption, not an implementation of full-space search; not a cryptanalytic attack evaluation. AES/Python candidate rate is not DES/TDEA or GPU search rate."
AES-128,128,340282366920938463463374607431768211456,half,170141183460469231731687303715884105728,153903.36495894392,1.10550659E+33,1.27952151E+28,3.50313898E+25,AES-128 nominal space; fixed-rate illustration only.,"Linear extrapolation under fixed-rate assumption, not an implementation of full-space search; not a cryptanalytic attack evaluation. AES/Python candidate rate is not DES/TDEA or GPU search rate."
AES-128,128,340282366920938463463374607431768211456,uniform_expected,170141183460469231731687303715884105728.5,153903.36495894392,1.10550659E+33,1.27952151E+28,3.50313898E+25,AES-128 nominal space; fixed-rate illustration only.,"Linear extrapolation under fixed-rate assumption, not an implementation of full-space search; not a cryptanalytic attack evaluation. AES/Python candidate rate is not DES/TDEA or GPU search rate."
AES-192,192,6277101735386680763835789423207666416102355444464034512896,full,6277101735386680763835789423207666416102355444464034512896,153903.36495894392,4.07859941E+52,4.72060117E+47,1.29243016E+45,AES-192 is not measured; different key schedule and round count.,"Linear extrapolation under fixed-rate assumption, not an implementation of full-space search; not a cryptanalytic attack evaluation. AES/Python candidate rate is not DES/TDEA or GPU search rate."
AES-192,192,6277101735386680763835789423207666416102355444464034512896,half,3138550867693340381917894711603833208051177722232017256448,153903.36495894392,2.03929971E+52,2.36030058E+47,6.46215081E+44,AES-192 is not measured; different key schedule and round count.,"Linear extrapolation under fixed-rate assumption, not an implementation of full-space search; not a cryptanalytic attack evaluation. AES/Python candidate rate is not DES/TDEA or GPU search rate."
AES-192,192,6277101735386680763835789423207666416102355444464034512896,uniform_expected,3138550867693340381917894711603833208051177722232017256448.5,153903.36495894392,2.03929971E+52,2.36030058E+47,6.46215081E+44,AES-192 is not measured; different key schedule and round count.,"Linear extrapolation under fixed-rate assumption, not an implementation of full-space search; not a cryptanalytic attack evaluation. AES/Python candidate rate is not DES/TDEA or GPU search rate."
AES-256,256,115792089237316195423570985008687907853269984665640564039457584007913129639936,full,115792089237316195423570985008687907853269984665640564039457584007913129639936,153903.36495894392,7.52368795E+71,8.70797216E+66,2.38411284E+64,AES-256 is not measured; different key schedule and round count.,"Linear extrapolation under fixed-rate assumption, not an implementation of full-space search; not a cryptanalytic attack evaluation. AES/Python candidate rate is not DES/TDEA or GPU search rate."
AES-256,256,115792089237316195423570985008687907853269984665640564039457584007913129639936,half,57896044618658097711785492504343953926634992332820282019728792003956564819968,153903.36495894392,3.76184397E+71,4.35398608E+66,1.19205642E+64,AES-256 is not measured; different key schedule and round count.,"Linear extrapolation under fixed-rate assumption, not an implementation of full-space search; not a cryptanalytic attack evaluation. AES/Python candidate rate is not DES/TDEA or GPU search rate."
AES-256,256,115792089237316195423570985008687907853269984665640564039457584007913129639936,uniform_expected,57896044618658097711785492504343953926634992332820282019728792003956564819968.5,153903.36495894392,3.76184397E+71,4.35398608E+66,1.19205642E+64,AES-256 is not measured; different key schedule and round count.,"Linear extrapolation under fixed-rate assumption, not an implementation of full-space search; not a cryptanalytic attack evaluation. AES/Python candidate rate is not DES/TDEA or GPU search rate."
